"Index","KrakenBtcUsd.Open","KrakenBtcUsd.High","KrakenBtcUsd.Low","KrakenBtcUsd.Close","KrakenBtcUsd.Volume","KrakenBtcUsd.Adjusted"
2017-07-16T00:00:00.000Z,1969.9,2042.8,1942.3,2016.0,2372.38363738,2016.0
2017-07-16T04:00:00.000Z,2016.0,2029.0,1956.1,1957.7,1269.43962937,1957.7
2017-07-16T08:00:00.000Z,1957.7,1969.9,1845.0,1845.0,2300.54168409,1845.0
2017-07-16T12:00:00.000Z,1850.0,1918.1,1809.0,1888.9,3487.66471302,1888.9
2017-07-16T16:00:00.000Z,1887.4,1935.0,1850.1,1852.0,2509.87965391,1852.0
2017-07-16T20:00:00.000Z,1852.0,1935.0,1851.0,1907.2,1900.39404308,1907.2
2017-07-17T00:00:00.000Z,1905.0,1984.9,1905.0,1955.5,1610.81347021,1955.5
2017-07-17T04:00:00.000Z,1951.3,2067.2,1951.3,2061.0,1755.52934939,2061.0
2017-07-17T08:00:00.000Z,2061.0,2080.3,1990.9,1994.0,1553.00891619,1994.0
2017-07-17T12:00:00.000Z,1995.0,2078.0,1967.0,2041.1,2736.37693920,2041.1
2017-07-17T16:00:00.000Z,2043.8,2146.3,2035.1,2110.5,2593.07643488,2110.5
2017-07-17T20:00:00.000Z,2108.0,2222.9,2108.0,2217.0,1997.23104175,2217.0
2017-07-18T00:00:00.000Z,2217.0,2226.0,2152.2,2163.0,2143.04812940,2163.0
2017-07-18T04:00:00.000Z,2163.3,2273.9,2144.9,2255.4,2111.66251176,2255.4
2017-07-18T08:00:00.000Z,2255.4,2299.0,2207.3,2285.0,2076.52291011,2285.0
2017-07-18T12:00:00.000Z,2290.4,2349.6,2270.8,2344.0,2514.40344213,2344.0
2017-07-18T16:00:00.000Z,2340.0,2375.0,2277.3,2360.9,3188.96381537,2360.9
2017-07-18T20:00:00.000Z,2356.2,2400.0,2263.5,2310.8,3006.89870572,2310.8
2017-07-19T00:00:00.000Z,2310.8,2359.7,2242.6,2344.1,1750.36540062,2344.1
2017-07-19T04:00:00.000Z,2344.1,2399.8,2310.0,2387.9,1415.83988072,2387.9
2017-07-19T08:00:00.000Z,2387.9,2400.0,2328.0,2349.5,1328.53729993,2349.5
2017-07-19T12:00:00.000Z,2346.3,2355.0,2284.9,2312.9,1337.74198327,2312.9
2017-07-19T16:00:00.000Z,2316.8,2324.4,2221.0,2228.1,2162.09640745,2228.1
2017-07-19T20:00:00.000Z,2228.1,2287.4,2212.4,2254.9,1116.37410799,2254.9
2017-07-20T00:00:00.000Z,2254.9,2345.9,2254.6,2330.4,1025.14449979,2330.4
2017-07-20T04:00:00.000Z,2330.4,2362.9,2300.0,2324.1,781.55065237,2324.1
2017-07-20T08:00:00.000Z,2323.5,2490.0,2314.3,2472.0,1487.17252773,2472.0
2017-07-20T12:00:00.000Z,2472.0,2660.2,2463.8,2632.2,4149.76567734,2632.2
2017-07-20T16:00:00.000Z,2634.9,2673.8,2555.0,2650.9,3383.89938280,2650.9
2017-07-20T20:00:00.000Z,2650.9,2934.4,2649.0,2854.8,5638.01098993,2854.8
2017-07-21T00:00:00.000Z,2854.8,2870.0,2671.1,2727.8,4392.22567036,2727.8
2017-07-21T04:00:00.000Z,2745.0,2815.0,2687.0,2771.0,1631.78007931,2771.0
2017-07-21T08:00:00.000Z,2774.0,2774.0,2692.0,2766.5,1284.79730265,2766.5
2017-07-21T12:00:00.000Z,2765.0,2800.0,2716.3,2717.7,1374.51807297,2717.7
2017-07-21T16:00:00.000Z,2719.9,2746.0,2616.5,2625.0,2065.29990845,2625.0
2017-07-21T20:00:00.000Z,2625.8,2710.3,2614.7,2670.0,1093.48081985,2670.0
2017-07-22T00:00:00.000Z,2670.0,2744.9,2651.9,2709.4,1165.26772529,2709.4
2017-07-22T04:00:00.000Z,2709.4,2770.0,2695.2,2762.7,757.19428448,2762.7
2017-07-22T08:00:00.000Z,2764.9,2875.0,2763.3,2814.9,2293.77110096,2814.9
2017-07-22T12:00:00.000Z,2815.0,2829.9,2750.0,2790.0,1766.90598656,2790.0
2017-07-22T16:00:00.000Z,2791.4,2840.0,2783.9,2813.4,1120.57899780,2813.4
2017-07-22T20:00:00.000Z,2816.2,2840.0,2790.9,2831.1,1143.36122464,2831.1
2017-07-23T00:00:00.000Z,2833.5,2855.0,2794.1,2828.6,1425.75720840,2828.6
2017-07-23T04:00:00.000Z,2828.1,2833.5,2733.3,2736.8,1827.48442006,2736.8
2017-07-23T08:00:00.000Z,2736.4,2775.0,2672.2,2707.9,1523.15349534,2707.9
2017-07-23T12:00:00.000Z,2701.5,2818.0,2685.0,2788.3,1449.65291933,2788.3
2017-07-23T16:00:00.000Z,2787.5,2811.9,2765.0,2780.0,840.50912283,2780.0
2017-07-23T20:00:00.000Z,2780.0,2805.0,2726.5,2761.2,719.69196677,2761.2
2017-07-24T00:00:00.000Z,2761.0,2787.1,2735.1,2764.1,802.28664113,2764.1
2017-07-24T04:00:00.000Z,2763.0,2768.4,2720.0,2745.6,1001.10533442,2745.6
2017-07-24T08:00:00.000Z,2745.9,2778.1,2725.5,2763.1,751.43061145,2763.1
2017-07-24T12:00:00.000Z,2765.8,2809.3,2751.0,2757.1,1184.35720992,2757.1
2017-07-24T16:00:00.000Z,2758.9,2777.0,2730.0,2762.9,897.51489377,2762.9
2017-07-24T20:00:00.000Z,2762.9,2772.9,2747.6,2755.8,584.43900060,2755.8
2017-07-25T00:00:00.000Z,2755.8,2773.8,2745.0,2747.2,645.01528354,2747.2
2017-07-25T04:00:00.000Z,2747.2,2774.9,2638.2,2655.0,1461.85846578,2655.0
2017-07-25T08:00:00.000Z,2656.3,2709.9,2550.1,2572.7,1866.41410652,2572.7
2017-07-25T12:00:00.000Z,2572.7,2612.8,2520.2,2574.1,2595.57480851,2574.1
2017-07-25T16:00:00.000Z,2578.9,2590.8,2440.2,2484.9,2303.94454639,2484.9
2017-07-25T20:00:00.000Z,2476.0,2587.8,2442.7,2556.0,1769.84825578,2556.0
2017-07-26T00:00:00.000Z,2565.0,2617.0,2471.2,2520.0,1372.72241593,2520.0
2017-07-26T04:00:00.000Z,2511.7,2540.8,2435.7,2481.0,1689.81062991,2481.0
2017-07-26T08:00:00.000Z,2481.3,2549.8,2477.2,2541.5,1137.67813374,2541.5
2017-07-26T12:00:00.000Z,2541.5,2561.7,2431.0,2431.0,2257.87252703,2431.0
2017-07-26T16:00:00.000Z,2431.0,2499.4,2414.6,2480.6,1968.11837429,2480.6
2017-07-26T20:00:00.000Z,2480.6,2543.7,2454.1,2525.0,1516.76803600,2525.0
2017-07-27T00:00:00.000Z,2526.6,2550.0,2511.1,2545.0,1187.96019115,2545.0
2017-07-27T04:00:00.000Z,2545.0,2579.2,2527.6,2544.8,946.86370953,2544.8
2017-07-27T08:00:00.000Z,2542.7,2599.2,2533.0,2582.1,887.93351314,2582.1
2017-07-27T12:00:00.000Z,2582.2,2590.0,2542.0,2544.3,1058.93574255,2544.3
2017-07-27T16:00:00.000Z,2542.3,2588.0,2535.0,2570.0,791.65137479,2570.0
2017-07-27T20:00:00.000Z,2570.0,2685.0,2555.0,2675.3,1532.17157239,2675.3
2017-07-28T00:00:00.000Z,2676.9,2735.9,2671.0,2693.1,1474.79739840,2693.1
2017-07-28T04:00:00.000Z,2693.1,2747.0,2671.7,2747.0,1166.25958958,2747.0
2017-07-28T08:00:00.000Z,2747.2,2851.9,2736.1,2846.0,1769.56912824,2846.0
2017-07-28T12:00:00.000Z,2846.0,2851.9,2740.0,2760.9,1809.28704076,2760.9
2017-07-28T16:00:00.000Z,2760.9,2808.7,2751.1,2775.9,1250.28302338,2775.9
2017-07-28T20:00:00.000Z,2768.2,2832.6,2755.0,2800.0,1693.63991039,2800.0
2017-07-29T00:00:00.000Z,2808.9,2808.9,2720.0,2720.0,1620.23291430,2720.0
2017-07-29T04:00:00.000Z,2735.8,2791.3,2701.2,2754.7,1363.47473182,2754.7
2017-07-29T08:00:00.000Z,2754.7,2778.1,2688.1,2690.0,1237.66624973,2690.0
2017-07-29T12:00:00.000Z,2690.0,2739.9,2688.1,2727.7,951.53489428,2727.7
2017-07-29T16:00:00.000Z,2727.8,2764.9,2697.3,2736.1,892.05579915,2736.1
2017-07-29T20:00:00.000Z,2736.1,2740.4,2678.5,2715.9,804.75421149,2715.9
2017-07-30T00:00:00.000Z,2716.0,2735.9,2695.7,2715.9,755.35255979,2715.9
2017-07-30T04:00:00.000Z,2710.3,2720.8,2653.0,2672.5,1509.43970716,2672.5
2017-07-30T08:00:00.000Z,2689.0,2709.0,2665.1,2692.0,398.60067476,2692.0
2017-07-30T12:00:00.000Z,2691.9,2774.9,2681.5,2765.0,644.54713015,2765.0
2017-07-30T16:00:00.000Z,2765.0,2775.5,2730.0,2747.9,575.61354808,2747.9
2017-07-30T20:00:00.000Z,2745.0,2799.0,2730.0,2799.0,548.46582498,2799.0
2017-07-31T00:00:00.000Z,2798.9,2809.9,2735.0,2745.9,764.10081179,2745.9
2017-07-31T04:00:00.000Z,2739.0,2775.0,2723.0,2761.0,522.09243532,2761.0
2017-07-31T08:00:00.000Z,2765.9,2799.0,2735.2,2792.8,1506.85343929,2792.8
2017-07-31T12:00:00.000Z,2791.0,2832.9,2771.5,2793.4,1442.21053918,2793.4
2017-07-31T16:00:00.000Z,2791.0,2852.0,2784.0,2850.0,1246.29102175,2850.0
2017-07-31T20:00:00.000Z,2849.9,2910.0,2849.0,2876.1,1700.46658356,2876.1
2017-08-01T00:00:00.000Z,2876.1,2919.9,2845.0,2906.3,1233.93778671,2906.3
2017-08-01T04:00:00.000Z,2906.3,2970.0,2860.0,2870.0,1416.73297750,2870.0
2017-08-01T08:00:00.000Z,2860.0,2908.9,2744.0,2806.2,2980.21692186,2806.2
2017-08-01T12:00:00.000Z,2806.2,2833.6,2599.0,2678.7,3792.25336091,2678.7
2017-08-01T16:00:00.000Z,2676.3,2784.4,2650.0,2784.4,2200.23310295,2784.4
2017-08-01T20:00:00.000Z,2784.4,2784.9,2686.8,2727.0,1505.45987980,2727.0
2017-08-02T00:00:00.000Z,2727.9,2758.9,2692.0,2729.0,377.49285350,2729.0
2017-08-02T04:00:00.000Z,2731.9,2761.5,2708.8,2708.8,992.61709933,2708.8
2017-08-02T08:00:00.000Z,2710.3,2748.9,2708.8,2747.8,1253.99644726,2747.8
2017-08-02T12:00:00.000Z,2747.7,2748.3,2662.7,2696.2,1635.92481154,2696.2
2017-08-02T16:00:00.000Z,2696.1,2723.0,2694.9,2705.5,1086.40412018,2705.5
2017-08-02T20:00:00.000Z,2705.5,2705.5,2650.0,2700.8,1051.19072817,2700.8
2017-08-03T00:00:00.000Z,2700.9,2726.9,2697.7,2725.3,987.54291327,2725.3
2017-08-03T04:00:00.000Z,2725.4,2728.2,2710.0,2717.9,719.41141831,2717.9
2017-08-03T08:00:00.000Z,2717.9,2749.0,2713.7,2738.0,1059.11490516,2738.0
2017-08-03T12:00:00.000Z,2740.8,2765.0,2723.2,2765.0,1034.98714130,2765.0
2017-08-03T16:00:00.000Z,2764.9,2799.6,2752.3,2790.5,1121.99447346,2790.5
2017-08-03T20:00:00.000Z,2790.5,2808.8,2782.6,2797.0,1146.78270682,2797.0
2017-08-04T00:00:00.000Z,2797.0,2806.4,2775.0,2793.5,600.94185160,2793.5
2017-08-04T04:00:00.000Z,2793.4,2813.0,2771.0,2812.4,763.38743349,2812.4
2017-08-04T08:00:00.000Z,2812.4,2875.0,2811.9,2847.0,1438.60696339,2847.0
2017-08-04T12:00:00.000Z,2847.0,2879.0,2841.9,2869.0,882.10123102,2869.0
2017-08-04T16:00:00.000Z,2869.0,2878.9,2836.0,2849.8,1330.16740422,2849.8
2017-08-04T20:00:00.000Z,2849.9,2884.4,2842.5,2875.9,721.13794711,2875.9
2017-08-05T00:00:00.000Z,2875.9,3175.0,2870.0,3121.0,2613.71494835,3121.0
2017-08-05T04:00:00.000Z,3121.0,3242.7,3080.9,3141.0,3140.79252086,3141.0
2017-08-05T08:00:00.000Z,3141.0,3235.8,3126.0,3138.1,2007.44888699,3138.1
2017-08-05T12:00:00.000Z,3140.9,3220.0,3138.1,3197.4,1491.46885610,3197.4
2017-08-05T16:00:00.000Z,3197.3,3350.0,3193.0,3265.5,2311.32699029,3265.5
2017-08-05T20:00:00.000Z,3265.5,3299.5,3183.0,3256.3,1281.53555381,3256.3
2017-08-06T00:00:00.000Z,3256.3,3299.1,3201.0,3229.7,1399.99703552,3229.7
2017-08-06T04:00:00.000Z,3228.3,3245.4,3188.0,3188.6,623.27654409,3188.6
2017-08-06T08:00:00.000Z,3188.6,3229.8,3177.7,3188.2,975.29924480,3188.2
2017-08-06T12:00:00.000Z,3188.0,3294.5,3183.4,3262.6,803.12615873,3262.6
2017-08-06T16:00:00.000Z,3261.0,3296.9,3251.0,3272.0,802.73784004,3272.0
2017-08-06T20:00:00.000Z,3272.5,3297.9,3232.6,3235.0,596.69774591,3235.0
2017-08-07T00:00:00.000Z,3236.9,3254.9,3191.0,3250.2,989.09457994,3250.2
2017-08-07T04:00:00.000Z,3250.2,3264.8,3231.5,3240.0,422.13390921,3240.0
2017-08-07T08:00:00.000Z,3240.0,3375.0,3236.3,3342.8,1402.61194770,3342.8
2017-08-07T12:00:00.000Z,3342.8,3447.8,3333.3,3385.0,1604.20279226,3385.0
2017-08-07T16:00:00.000Z,3383.9,3386.4,3318.7,3363.0,1025.89273727,3363.0
2017-08-07T20:00:00.000Z,3357.7,3410.0,3350.0,3395.0,945.14927137,3395.0
2017-08-08T00:00:00.000Z,3395.0,3445.0,3365.8,3444.9,1112.64412585,3444.9
2017-08-08T04:00:00.000Z,3444.9,3473.0,3429.5,3456.8,1454.06150338,3456.8
2017-08-08T08:00:00.000Z,3459.9,3492.0,3421.0,3458.6,1294.74869119,3458.6
2017-08-08T12:00:00.000Z,3458.6,3468.1,3357.8,3403.0,1328.62718447,3403.0
2017-08-08T16:00:00.000Z,3404.0,3440.0,3350.0,3425.7,1176.95270864,3425.7
2017-08-08T20:00:00.000Z,3429.9,3467.3,3406.5,3430.5,796.73087699,3430.5
2017-08-09T00:00:00.000Z,3430.5,3444.9,3387.2,3413.3,943.83033983,3413.3
2017-08-09T04:00:00.000Z,3405.0,3424.6,3386.0,3403.8,720.08797278,3403.8
2017-08-09T08:00:00.000Z,3403.0,3411.0,3255.8,3337.0,1767.50243451,3337.0
2017-08-09T12:00:00.000Z,3337.0,3358.9,3252.0,3314.4,1090.12481744,3314.4
2017-08-09T16:00:00.000Z,3314.4,3374.9,3303.6,3349.8,695.30059429,3349.8
2017-08-09T20:00:00.000Z,3349.9,3397.9,3319.9,3371.8,932.31380936,3371.8
2017-08-10T00:00:00.000Z,3370.0,3372.0,3340.0,3370.9,393.56920127,3370.9
2017-08-10T04:00:00.000Z,3363.1,3429.3,3351.1,3428.0,686.49448784,3428.0
2017-08-10T08:00:00.000Z,3428.0,3459.4,3412.0,3430.0,740.01478906,3430.0
2017-08-10T12:00:00.000Z,3433.0,3470.0,3408.0,3465.0,914.19482311,3465.0
2017-08-10T16:00:00.000Z,3465.5,3469.8,3422.5,3440.0,682.68369234,3440.0
2017-08-10T20:00:00.000Z,3440.0,3465.0,3421.9,3433.9,464.81983472,3433.9
2017-08-11T00:00:00.000Z,3434.0,3460.1,3425.0,3455.0,535.27103307,3455.0
2017-08-11T04:00:00.000Z,3455.0,3550.0,3453.9,3527.3,1116.13889083,3527.3
2017-08-11T08:00:00.000Z,3536.9,3550.0,3492.0,3517.7,752.05011798,3517.7
2017-08-11T12:00:00.000Z,3517.7,3574.9,3513.7,3571.0,1308.58057698,3571.0
2017-08-11T16:00:00.000Z,3571.4,3576.7,3545.0,3573.2,592.13605123,3573.2
2017-08-11T20:00:00.000Z,3573.2,3735.1,3567.7,3670.0,1427.36016783,3670.0
2017-08-12T00:00:00.000Z,3669.6,3705.0,3637.3,3702.7,740.41374034,3702.7
2017-08-12T04:00:00.000Z,3691.0,3849.8,3682.6,3827.5,1070.83658015,3827.5
2017-08-12T08:00:00.000Z,3824.2,3830.0,3751.2,3812.0,933.04883690,3812.0
2017-08-12T12:00:00.000Z,3819.4,3895.0,3776.7,3889.0,1479.92368632,3889.0
2017-08-12T16:00:00.000Z,3889.0,3975.0,3780.0,3893.1,2231.21976361,3893.1
2017-08-12T20:00:00.000Z,3899.8,3899.8,3700.0,3884.6,1507.36625619,3884.6
2017-08-13T00:00:00.000Z,3889.0,4171.7,3885.0,4050.0,2708.99869814,4050.0
2017-08-13T04:00:00.000Z,4055.3,4170.0,3980.0,4161.3,1862.37373349,4161.3
2017-08-13T08:00:00.000Z,4163.2,4232.7,3920.0,3968.4,1971.72723290,3968.4
2017-08-13T12:00:00.000Z,3968.4,4099.8,3841.4,4026.0,2297.42878865,4026.0
2017-08-13T16:00:00.000Z,4026.4,4080.0,3975.0,3987.2,1348.02453081,3987.2
2017-08-13T20:00:00.000Z,3989.9,4150.0,3983.6,4084.0,1315.81822780,4084.0
2017-08-14T00:00:00.000Z,4084.0,4130.0,3970.0,3987.1,1076.37775268,3987.1
2017-08-14T04:00:00.000Z,3998.4,4124.0,3987.1,4084.0,1091.57439107,4084.0
2017-08-14T08:00:00.000Z,4083.9,4229.0,4082.9,4165.0,1896.79877235,4165.0
2017-08-14T12:00:00.000Z,4165.1,4377.3,4140.0,4269.9,1622.98341660,4269.9
2017-08-14T16:00:00.000Z,4269.9,4373.9,4201.0,4201.0,1440.81558187,4201.0
2017-08-14T20:00:00.000Z,4226.7,4362.2,4190.1,4355.6,1442.11311050,4355.6
2017-08-15T00:00:00.000Z,4350.0,4484.2,4350.0,4460.0,1531.78256516,4460.0
2017-08-15T04:00:00.000Z,4460.0,4470.0,4228.9,4326.0,1762.78787636,4326.0
2017-08-15T08:00:00.000Z,4328.0,4365.4,3950.0,4130.6,2994.85196599,4130.6
2017-08-15T12:00:00.000Z,4130.6,4181.9,3821.0,4030.0,3072.42806546,4030.0
2017-08-15T16:00:00.000Z,4008.0,4184.6,3989.0,4070.0,1757.70502333,4070.0
2017-08-15T20:00:00.000Z,4069.9,4200.0,4007.2,4172.2,1227.65282085,4172.2
2017-08-16T00:00:00.000Z,4170.8,4223.3,4035.0,4089.9,1049.01971890,4089.9
2017-08-16T04:00:00.000Z,4089.9,4136.4,3950.0,4071.5,1592.33585211,4071.5
2017-08-16T08:00:00.000Z,4081.8,4183.3,4070.0,4105.0,799.07231008,4105.0
2017-08-16T12:00:00.000Z,4105.0,4332.7,4054.4,4312.9,1657.31931116,4312.9
2017-08-16T16:00:00.000Z,4312.9,4388.9,4261.9,4313.0,1404.70757715,4313.0
2017-08-16T20:00:00.000Z,4313.0,4399.0,4313.0,4388.0,947.04499966,4388.0
2017-08-17T00:00:00.000Z,4381.0,4399.8,4260.4,4294.0,910.86249988,4294.0
2017-08-17T04:00:00.000Z,4293.9,4371.0,4288.0,4357.7,534.39612477,4357.7
2017-08-17T08:00:00.000Z,4362.9,4479.0,4355.4,4411.9,1298.31363564,4411.9
2017-08-17T12:00:00.000Z,4419.0,4470.0,4357.9,4358.3,1119.30054538,4358.3
2017-08-17T16:00:00.000Z,4360.0,4370.0,4200.0,4321.0,2635.41543485,4321.0
2017-08-17T20:00:00.000Z,4321.0,4360.0,4260.0,4291.0,1143.48145344,4291.0
2017-08-18T00:00:00.000Z,4291.0,4314.9,4170.0,4275.0,1472.90759209,4275.0
2017-08-18T04:00:00.000Z,4272.8,4325.6,4227.2,4308.1,863.99148809,4308.1
2017-08-18T08:00:00.000Z,4306.9,4354.9,4258.8,4325.0,747.62716749,4325.0
2017-08-18T12:00:00.000Z,4325.0,4348.4,4207.0,4232.0,2131.07953158,4232.0
2017-08-18T16:00:00.000Z,4232.0,4275.0,4045.0,4115.7,2048.96751641,4115.7
2017-08-18T20:00:00.000Z,4116.0,4150.0,3980.0,4141.0,2155.54029402,4141.0
2017-08-19T00:00:00.000Z,4130.0,4210.0,4129.9,4163.4,1156.53199972,4163.4
2017-08-19T04:00:00.000Z,4163.4,4196.9,4025.0,4047.0,545.36229478,4047.0
2017-08-19T08:00:00.000Z,4050.0,4137.5,4002.6,4014.0,618.02106356,4014.0
2017-08-19T12:00:00.000Z,4010.0,4187.9,4006.9,4050.1,1204.96477766,4050.1
2017-08-19T16:00:00.000Z,4050.1,4128.6,4024.0,4114.0,747.78429989,4114.0
2017-08-19T20:00:00.000Z,4113.9,4211.6,4090.0,4179.7,890.58880529,4179.7
2017-08-20T00:00:00.000Z,4184.9,4195.0,4080.0,4080.0,744.52559504,4080.0
2017-08-20T04:00:00.000Z,4080.0,4147.1,4071.0,4134.8,692.44156034,4134.8
2017-08-20T08:00:00.000Z,4135.0,4150.0,4070.3,4096.0,597.95128482,4096.0
2017-08-20T12:00:00.000Z,4094.6,4113.0,4066.0,4099.0,716.82640664,4099.0
2017-08-20T16:00:00.000Z,4099.0,4198.0,4069.2,4152.9,1051.81604935,4152.9
2017-08-20T20:00:00.000Z,4144.5,4158.7,4075.0,4078.2,406.71600580,4078.2
2017-08-21T00:00:00.000Z,4076.0,4115.9,4055.0,4078.0,516.31055216,4078.0
2017-08-21T04:00:00.000Z,4079.9,4100.0,3996.0,4043.6,1035.23877310,4043.6
2017-08-21T08:00:00.000Z,4043.6,4116.9,4043.4,4060.9,844.95623335,4060.9
2017-08-21T12:00:00.000Z,4060.9,4075.0,4005.0,4037.8,938.24930219,4037.8
2017-08-21T16:00:00.000Z,4038.2,4078.0,4000.0,4028.1,918.01279946,4028.1
2017-08-21T20:00:00.000Z,4028.1,4058.9,3997.2,4005.7,817.90348333,4005.7
2017-08-22T00:00:00.000Z,4007.3,4024.9,3836.6,3851.8,2229.89309992,3851.8
2017-08-22T04:00:00.000Z,3862.4,3940.1,3620.0,3837.0,3153.77650505,3837.0
2017-08-22T08:00:00.000Z,3838.0,3997.0,3829.0,3944.4,1151.86506230,3944.4
2017-08-22T12:00:00.000Z,3944.4,4024.8,3886.0,3934.6,1018.76387067,3934.6
2017-08-22T16:00:00.000Z,3934.3,4169.9,3926.2,4150.1,1739.51092118,4150.1
2017-08-22T20:00:00.000Z,4150.0,4150.0,4051.9,4104.9,726.87207543,4104.9
2017-08-23T00:00:00.000Z,4104.9,4169.0,4081.4,4115.2,668.96944911,4115.2
2017-08-23T04:00:00.000Z,4120.0,4149.0,4087.7,4131.2,780.75475596,4131.2
2017-08-23T08:00:00.000Z,4131.7,4275.0,4131.2,4250.1,959.07473800,4250.1
2017-08-23T12:00:00.000Z,4257.9,4279.9,4200.5,4243.5,779.28228515,4243.5
2017-08-23T16:00:00.000Z,4243.5,4278.0,4142.1,4148.0,1299.63461487,4148.0
2017-08-23T20:00:00.000Z,4147.0,4189.0,4102.0,4151.0,1064.46339474,4151.0
2017-08-24T00:00:00.000Z,4150.9,4230.0,4145.0,4169.4,855.08007801,4169.4
2017-08-24T04:00:00.000Z,4178.6,4222.3,4155.1,4202.8,405.51521101,4202.8
2017-08-24T08:00:00.000Z,4206.2,4247.0,4191.0,4220.8,615.50285659,4220.8
2017-08-24T12:00:00.000Z,4220.8,4280.0,4188.1,4260.5,1029.85086826,4260.5
2017-08-24T16:00:00.000Z,4259.6,4274.0,4225.0,4255.5,615.15335248,4255.5
2017-08-24T20:00:00.000Z,4257.3,4376.3,4236.8,4334.6,662.64267898,4334.6
2017-08-25T00:00:00.000Z,4334.9,4400.0,4334.9,4364.6,881.75953915,4364.6
2017-08-25T04:00:00.000Z,4364.9,4374.9,4313.9,4369.3,595.15976554,4369.3
2017-08-25T08:00:00.000Z,4369.3,4389.0,4351.1,4370.1,618.67589390,4370.1
2017-08-25T12:00:00.000Z,4370.1,4460.0,4355.0,4439.4,809.91470222,4439.4
2017-08-25T16:00:00.000Z,4439.4,4465.0,4323.1,4344.0,985.80856084,4344.0
2017-08-25T20:00:00.000Z,4343.9,4420.0,4323.5,4390.9,591.35993865,4390.9
2017-08-26T00:00:00.000Z,4391.5,4392.1,4290.0,4342.7,559.17737191,4342.7
2017-08-26T04:00:00.000Z,4342.7,4370.0,4312.0,4361.9,368.14113285,4361.9
2017-08-26T08:00:00.000Z,4366.3,4383.9,4312.0,4325.0,429.17652384,4325.0
2017-08-26T12:00:00.000Z,4326.0,4330.0,4271.1,4310.0,635.84766353,4310.0
2017-08-26T16:00:00.000Z,4309.6,4360.0,4285.0,4356.3,293.38408892,4356.3
2017-08-26T20:00:00.000Z,4356.0,4370.6,4331.9,4351.7,380.02436385,4351.7
2017-08-27T00:00:00.000Z,4360.4,4409.9,4330.7,4340.5,325.04796218,4340.5
2017-08-27T04:00:00.000Z,4342.9,4377.0,4330.0,4359.2,367.59945626,4359.2
2017-08-27T08:00:00.000Z,4359.2,4363.6,4330.2,4354.7,363.91739880,4354.7
2017-08-27T12:00:00.000Z,4354.7,4364.8,4326.0,4358.9,439.04801745,4358.9
2017-08-27T16:00:00.000Z,4358.6,4374.9,4344.4,4358.5,269.34264769,4358.5
2017-08-27T20:00:00.000Z,4358.5,4380.9,4338.4,4338.4,476.15635558,4338.4
2017-08-28T00:00:00.000Z,4338.4,4338.4,4292.9,4292.9,821.79083856,4292.9
2017-08-28T04:00:00.000Z,4292.9,4293.4,4188.1,4287.0,1580.79616693,4287.0
2017-08-28T08:00:00.000Z,4290.2,4328.1,4280.0,4320.0,545.03710923,4320.0
2017-08-28T12:00:00.000Z,4320.0,4338.4,4295.0,4301.9,607.73044510,4301.9
2017-08-28T16:00:00.000Z,4305.8,4355.0,4299.9,4340.9,594.16894387,4340.9
2017-08-28T20:00:00.000Z,4344.0,4399.0,4334.9,4387.8,557.15155856,4387.8
2017-08-29T00:00:00.000Z,4387.6,4397.4,4355.1,4387.9,366.37155052,4387.9
2017-08-29T04:00:00.000Z,4387.9,4396.0,4350.0,4350.0,427.37964212,4350.0
2017-08-29T08:00:00.000Z,4350.0,4397.0,4346.1,4389.5,436.80896774,4389.5
2017-08-29T12:00:00.000Z,4389.5,4665.4,4366.4,4585.5,2267.02758297,4585.5
2017-08-29T16:00:00.000Z,4589.9,4590.4,4530.0,4583.3,1065.01172990,4583.3
2017-08-29T20:00:00.000Z,4583.3,4642.0,4570.0,4590.1,977.45202733,4590.1
2017-08-30T00:00:00.000Z,4590.1,4624.7,4561.4,4600.1,625.54215877,4600.1
2017-08-30T04:00:00.000Z,4600.1,4641.9,4572.1,4572.9,903.26304565,4572.9
2017-08-30T08:00:00.000Z,4572.9,4587.5,4490.0,4532.8,1044.13775267,4532.8
2017-08-30T12:00:00.000Z,4533.8,4583.0,4522.8,4564.4,558.28344344,4564.4
2017-08-30T16:00:00.000Z,4564.4,4594.0,4543.4,4548.6,456.67584220,4548.6
2017-08-30T20:00:00.000Z,4549.9,4597.0,4540.8,4579.7,418.08686184,4579.7
2017-08-31T00:00:00.000Z,4581.1,4634.6,4576.8,4620.5,384.22181675,4620.5
2017-08-31T04:00:00.000Z,4620.2,4640.0,4600.4,4626.8,525.40779040,4626.8
2017-08-31T08:00:00.000Z,4628.9,4688.7,4604.4,4688.0,919.81765653,4688.0
2017-08-31T12:00:00.000Z,4688.0,4730.9,4673.7,4709.0,758.17374052,4709.0
2017-08-31T16:00:00.000Z,4710.3,4760.0,4706.0,4725.2,818.26499752,4725.2
2017-08-31T20:00:00.000Z,4725.2,4748.8,4710.0,4737.2,710.73601439,4737.2
2017-09-01T00:00:00.000Z,4737.0,4789.8,4737.0,4760.1,535.52429454,4760.1
2017-09-01T04:00:00.000Z,4760.1,4764.9,4702.1,4749.8,712.09358541,4749.8
2017-09-01T08:00:00.000Z,4749.8,4800.0,4749.8,4798.5,701.83416438,4798.5
2017-09-01T12:00:00.000Z,4799.0,4877.0,4777.7,4846.9,1001.80392254,4846.9
2017-09-01T16:00:00.000Z,4846.9,4877.0,4817.1,4870.1,547.89722699,4870.1
2017-09-01T20:00:00.000Z,4870.1,4919.9,4841.4,4919.9,977.38638799,4919.9
2017-09-02T00:00:00.000Z,4919.9,4965.0,4849.1,4850.1,1369.44460614,4850.1
2017-09-02T04:00:00.000Z,4855.6,4889.5,4650.6,4776.2,1616.12533374,4776.2
2017-09-02T08:00:00.000Z,4776.2,4800.0,4653.0,4725.4,979.15162237,4725.4
2017-09-02T12:00:00.000Z,4725.4,4750.0,4531.5,4618.7,1429.68487055,4618.7
2017-09-02T16:00:00.000Z,4618.7,4700.0,4600.0,4624.3,936.86913406,4624.3
2017-09-02T20:00:00.000Z,4620.5,4660.0,4528.0,4630.4,1213.01116438,4630.4
2017-09-03T00:00:00.000Z,4630.4,4700.0,4619.0,4660.7,848.83400429,4660.7
2017-09-03T04:00:00.000Z,4660.7,4745.0,4652.0,4673.6,769.34501609,4673.6
2017-09-03T08:00:00.000Z,4673.6,4745.0,4600.0,4618.9,589.93927011,4618.9
2017-09-03T12:00:00.000Z,4618.9,4626.2,4463.8,4551.5,1454.15908473,4551.5
2017-09-03T16:00:00.000Z,4551.5,4595.0,4542.1,4589.6,722.77720771,4589.6
2017-09-03T20:00:00.000Z,4589.6,4699.9,4554.7,4645.0,678.70064842,4645.0
2017-09-04T00:00:00.000Z,4645.0,4660.0,4561.0,4613.0,488.13850746,4613.0
2017-09-04T04:00:00.000Z,4613.0,4615.6,4451.0,4451.0,763.69189295,4451.0
2017-09-04T08:00:00.000Z,4450.8,4560.1,4350.3,4369.9,1284.26099897,4369.9
2017-09-04T12:00:00.000Z,4369.9,4438.9,4252.0,4342.6,2162.46830079,4342.6
2017-09-04T16:00:00.000Z,4334.6,4399.9,4156.3,4321.8,2213.75989266,4321.8
2017-09-04T20:00:00.000Z,4321.8,4549.5,4267.2,4344.1,1560.98075737,4344.1
2017-09-05T00:00:00.000Z,4344.1,4353.0,4140.5,4181.0,1732.44440977,4181.0
2017-09-05T04:00:00.000Z,4181.0,4350.0,4141.5,4334.0,933.62458154,4334.0
2017-09-05T08:00:00.000Z,4333.5,4399.9,4300.5,4399.6,967.38864655,4399.6
2017-09-05T12:00:00.000Z,4399.6,4497.1,4325.0,4344.0,1021.93122445,4344.0
2017-09-05T16:00:00.000Z,4340.7,4539.7,4318.0,4500.2,1227.83070337,4500.2
2017-09-05T20:00:00.000Z,4507.2,4543.2,4430.5,4464.0,969.98527778,4464.0
2017-09-06T00:00:00.000Z,4457.0,4586.7,4450.0,4574.6,1017.27788382,4574.6
2017-09-06T04:00:00.000Z,4574.6,4620.0,4451.0,4605.0,776.78036473,4605.0
2017-09-06T08:00:00.000Z,4604.9,4680.5,4600.0,4662.3,880.36702513,4662.3
2017-09-06T12:00:00.000Z,4662.3,4689.9,4604.0,4689.9,787.32073406,4689.9
2017-09-06T16:00:00.000Z,4689.0,4699.9,4640.1,4640.1,846.12638608,4640.1
2017-09-06T20:00:00.000Z,4641.0,4670.1,4605.0,4641.6,532.83538883,4641.6
2017-09-07T00:00:00.000Z,4651.1,4665.1,4550.0,4567.9,891.69772954,4567.9
2017-09-07T04:00:00.000Z,4567.9,4619.7,4560.8,4575.2,504.80097102,4575.2
2017-09-07T08:00:00.000Z,4574.6,4686.1,4560.8,4670.3,453.01118019,4670.3
2017-09-07T12:00:00.000Z,4671.3,4730.0,4661.0,4709.6,824.31679604,4709.6
2017-09-07T16:00:00.000Z,4709.6,4719.4,4641.3,4651.0,576.97250934,4651.0
2017-09-07T20:00:00.000Z,4651.2,4687.9,4615.6,4660.0,496.48302091,4660.0
2017-09-08T00:00:00.000Z,4659.8,4659.8,4615.0,4649.2,542.38052853,4649.2
2017-09-08T04:00:00.000Z,4644.8,4682.0,4634.8,4663.3,427.12201597,4663.3
2017-09-08T08:00:00.000Z,4663.5,4705.1,4647.3,4669.9,330.31371227,4669.9
2017-09-08T12:00:00.000Z,4669.8,4672.8,4250.0,4513.5,2991.27620951,4513.5
2017-09-08T16:00:00.000Z,4519.9,4519.9,4280.0,4280.0,1817.08558435,4280.0
2017-09-08T20:00:00.000Z,4280.0,4400.0,4139.1,4385.0,2139.28894409,4385.0
2017-09-09T00:00:00.000Z,4385.1,4400.0,4260.2,4350.0,787.96045281,4350.0
2017-09-09T04:00:00.000Z,4350.0,4445.0,4305.7,4416.2,337.53080113,4416.2
2017-09-09T08:00:00.000Z,4410.0,4416.2,4375.0,4390.0,341.12335741,4390.0
2017-09-09T12:00:00.000Z,4395.6,4400.0,4296.2,4312.4,696.88923231,4312.4
2017-09-09T16:00:00.000Z,4327.7,4361.9,4210.1,4304.0,759.43512612,4304.0
2017-09-09T20:00:00.000Z,4304.0,4385.0,4261.2,4342.3,456.52366349,4342.3
2017-09-10T00:00:00.000Z,4354.7,4365.0,4249.1,4256.0,322.92728981,4256.0
2017-09-10T04:00:00.000Z,4255.9,4286.6,4114.0,4197.0,1050.14206099,4197.0
2017-09-10T08:00:00.000Z,4197.0,4250.0,4143.6,4208.4,876.99322309,4208.4
2017-09-10T12:00:00.000Z,4208.4,4249.2,4161.5,4222.8,524.33018067,4222.8
2017-09-10T16:00:00.000Z,4225.1,4386.8,4201.4,4360.0,735.36833212,4360.0
2017-09-10T20:00:00.000Z,4360.4,4372.9,4286.9,4287.1,656.18614632,4287.1
2017-09-11T00:00:00.000Z,4287.3,4397.4,4244.5,4387.8,858.70589033,4387.8
2017-09-11T04:00:00.000Z,4385.0,4387.3,4160.1,4199.9,1269.11730897,4199.9
2017-09-11T08:00:00.000Z,4200.0,4235.9,4151.5,4197.0,591.94098949,4197.0
2017-09-11T12:00:00.000Z,4197.0,4289.0,4187.0,4268.0,549.18020951,4268.0
2017-09-11T16:00:00.000Z,4268.0,4298.9,4201.0,4213.4,481.05439401,4213.4
2017-09-11T20:00:00.000Z,4213.4,4243.2,4180.1,4226.2,535.28599695,4226.2
2017-09-12T00:00:00.000Z,4224.7,4285.0,4211.1,4281.0,688.57500940,4281.0
2017-09-12T04:00:00.000Z,4284.7,4399.0,4258.7,4378.6,944.36030285,4378.6
2017-09-12T08:00:00.000Z,4378.6,4389.3,4267.3,4350.6,671.48122490,4350.6
2017-09-12T12:00:00.000Z,4357.2,4376.9,4262.5,4262.5,785.80631552,4262.5
2017-09-12T16:00:00.000Z,4262.5,4292.6,4115.1,4189.0,1771.44680811,4189.0
2017-09-12T20:00:00.000Z,4189.0,4236.9,4143.7,4173.6,724.36829382,4173.6
2017-09-13T00:00:00.000Z,4176.6,4183.1,3955.0,3956.0,1690.12059937,3956.0
2017-09-13T04:00:00.000Z,3959.8,4051.7,3900.0,3971.3,2144.15869833,3971.3
2017-09-13T08:00:00.000Z,3971.0,3999.6,3807.8,3841.5,1801.44281241,3841.5
2017-09-13T12:00:00.000Z,3827.2,3917.9,3753.1,3825.6,2546.95081492,3825.6
2017-09-13T16:00:00.000Z,3829.6,3995.6,3821.5,3858.5,1865.74681278,3858.5
2017-09-13T20:00:00.000Z,3854.3,3970.0,3841.6,3882.2,994.79324331,3882.2
2017-09-14T00:00:00.000Z,3880.7,3947.9,3805.1,3825.5,994.13059878,3825.5
2017-09-14T04:00:00.000Z,3825.4,3919.9,3800.0,3889.3,752.48654990,3889.3
2017-09-14T08:00:00.000Z,3889.3,3905.0,3617.0,3627.7,2136.34833749,3627.7
2017-09-14T12:00:00.000Z,3627.7,3703.1,3478.1,3530.0,4834.22897848,3530.0
2017-09-14T16:00:00.000Z,3521.1,3558.4,3275.2,3370.4,4711.37051830,3370.4
2017-09-14T20:00:00.000Z,3370.4,3437.9,3215.0,3254.2,3186.92928428,3254.2
2017-09-15T00:00:00.000Z,3254.4,3467.7,3217.0,3378.0,3092.35354748,3378.0
2017-09-15T04:00:00.000Z,3371.2,3385.1,3079.8,3084.1,3527.68416712,3084.1
2017-09-15T08:00:00.000Z,3084.1,3260.0,3000.0,3013.0,4058.99566645,3013.0
2017-09-15T12:00:00.000Z,3014.3,3800.0,2995.5,3793.7,5655.83153577,3793.7
2017-09-15T16:00:00.000Z,3797.7,3849.0,3519.3,3734.4,3543.27360451,3734.4
2017-09-15T20:00:00.000Z,3725.4,3848.6,3682.0,3739.6,1968.62843375,3739.6
2017-09-16T00:00:00.000Z,3739.7,3850.0,3717.4,3821.0,1288.48658024,3821.0
2017-09-16T04:00:00.000Z,3822.1,3938.3,3800.2,3898.9,1313.87416592,3898.9
2017-09-16T08:00:00.000Z,3899.3,3940.0,3656.0,3751.1,2248.61389391,3751.1
2017-09-16T12:00:00.000Z,3751.5,3760.0,3611.0,3614.9,1701.50894978,3614.9
2017-09-16T16:00:00.000Z,3617.5,3798.8,3615.9,3743.7,1271.75307366,3743.7
2017-09-16T20:00:00.000Z,3743.3,3778.9,3685.0,3716.4,553.98560713,3716.4
2017-09-17T00:00:00.000Z,3716.4,3720.0,3630.0,3665.3,659.72234477,3665.3
2017-09-17T04:00:00.000Z,3660.2,3684.8,3560.2,3563.0,933.10376121,3563.0
2017-09-17T08:00:00.000Z,3563.0,3659.1,3525.5,3600.0,758.21588038,3600.0
2017-09-17T12:00:00.000Z,3600.0,3738.4,3586.4,3711.8,560.57052052,3711.8
2017-09-17T16:00:00.000Z,3715.0,3821.8,3705.6,3757.9,1101.59933535,3757.9
2017-09-17T20:00:00.000Z,3756.5,3789.3,3710.0,3719.0,502.27130676,3719.0
2017-09-18T00:00:00.000Z,3718.8,3850.0,3710.0,3805.3,922.48149553,3805.3
2017-09-18T04:00:00.000Z,3805.2,3987.0,3772.1,3974.0,1106.00239921,3974.0
2017-09-18T08:00:00.000Z,3973.1,3999.0,3920.0,3980.8,1045.92380005,3980.8
2017-09-18T12:00:00.000Z,3980.9,4135.0,3977.5,4038.3,2217.84312885,4038.3
2017-09-18T16:00:00.000Z,4038.7,4055.0,3950.6,4021.9,1351.71173337,4021.9
2017-09-18T20:00:00.000Z,4023.5,4097.7,3993.6,4091.5,413.03204591,4091.5
2017-09-19T00:00:00.000Z,4093.7,4113.0,3941.0,4002.2,1263.72178147,4002.2
2017-09-19T04:00:00.000Z,4002.2,4002.2,3863.0,3918.8,1131.03626558,3918.8
2017-09-19T08:00:00.000Z,3918.2,4049.9,3917.2,4003.9,822.32358746,4003.9
2017-09-19T12:00:00.000Z,4003.9,4045.0,3953.5,4021.4,777.19109895,4021.4
2017-09-19T16:00:00.000Z,4022.1,4055.5,3903.6,3918.0,1592.03523102,3918.0
2017-09-19T20:00:00.000Z,3918.0,3959.0,3888.0,3911.0,1744.71718837,3911.0
2017-09-20T00:00:00.000Z,3912.3,3945.9,3890.0,3890.3,625.31123080,3890.3
2017-09-20T04:00:00.000Z,3892.7,3980.0,3821.4,3950.3,1414.34122686,3950.3
2017-09-20T08:00:00.000Z,3950.3,3975.2,3900.0,3920.4,339.09219013,3920.4
2017-09-20T12:00:00.000Z,3920.3,4059.0,3911.3,3998.9,1107.58792776,3998.9
2017-09-20T16:00:00.000Z,3998.9,4034.0,3939.1,3950.1,686.74603739,3950.1
2017-09-20T20:00:00.000Z,3946.7,3981.4,3863.0,3863.1,612.04252174,3863.1
2017-09-21T00:00:00.000Z,3863.1,3903.7,3804.1,3826.7,933.97145866,3826.7
2017-09-21T04:00:00.000Z,3826.7,3916.9,3800.0,3889.0,760.82324199,3889.0
2017-09-21T08:00:00.000Z,3889.0,3907.8,3840.2,3867.7,427.32055285,3867.7
2017-09-21T12:00:00.000Z,3870.1,3886.1,3711.0,3750.0,1207.87405344,3750.0
2017-09-21T16:00:00.000Z,3745.4,3759.4,3610.0,3639.0,2310.01992461,3639.0
2017-09-21T20:00:00.000Z,3632.0,3706.6,3578.0,3623.9,1453.66888152,3623.9
2017-09-22T00:00:00.000Z,3623.9,3712.5,3604.3,3699.9,567.76369368,3699.9
2017-09-22T04:00:00.000Z,3699.9,3763.5,3663.7,3677.6,821.15567228,3677.6
2017-09-22T08:00:00.000Z,3673.3,3700.7,3558.8,3559.8,1085.80211282,3559.8
2017-09-22T12:00:00.000Z,3559.6,3635.0,3525.1,3534.2,1275.56589747,3534.2
2017-09-22T16:00:00.000Z,3534.9,3595.2,3531.4,3595.2,678.42821727,3595.2
2017-09-22T20:00:00.000Z,3595.0,3650.0,3572.0,3606.8,588.18512957,3606.8
2017-09-23T00:00:00.000Z,3606.8,3647.2,3570.1,3616.7,414.63331597,3616.7
2017-09-23T04:00:00.000Z,3615.7,3730.3,3612.1,3694.1,666.84138649,3694.1
2017-09-23T08:00:00.000Z,3694.6,3826.3,3694.3,3820.2,907.36610966,3820.2
2017-09-23T12:00:00.000Z,3821.9,3830.3,3750.0,3752.2,1244.66558531,3752.2
2017-09-23T16:00:00.000Z,3752.2,3794.4,3742.6,3782.4,549.97013305,3782.4
2017-09-23T20:00:00.000Z,3783.7,3799.4,3742.2,3789.0,360.57212607,3789.0
2017-09-24T00:00:00.000Z,3789.5,3792.9,3748.5,3778.0,433.23468181,3778.0
2017-09-24T04:00:00.000Z,3778.0,3780.1,3635.1,3679.4,1053.69511967,3679.4
2017-09-24T08:00:00.000Z,3670.4,3708.1,3650.6,3689.6,247.35462740,3689.6
2017-09-24T12:00:00.000Z,3689.6,3740.5,3685.2,3703.7,404.42717818,3703.7
2017-09-24T16:00:00.000Z,3703.8,3720.0,3650.0,3690.0,371.07029058,3690.0
2017-09-24T20:00:00.000Z,3691.6,3703.1,3651.7,3672.7,213.82984462,3672.7
2017-09-25T00:00:00.000Z,3670.0,3800.0,3670.0,3765.0,824.25032353,3765.0
2017-09-25T04:00:00.000Z,3770.3,3822.2,3765.0,3784.7,561.07890430,3784.7
2017-09-25T08:00:00.000Z,3784.4,3785.4,3751.8,3765.5,488.91597862,3765.5
2017-09-25T12:00:00.000Z,3765.2,3960.0,3761.3,3926.1,1390.37018643,3926.1
2017-09-25T16:00:00.000Z,3937.9,3967.0,3881.2,3940.0,1156.76433703,3940.0
2017-09-25T20:00:00.000Z,3936.2,3976.9,3910.6,3924.0,735.00661078,3924.0
2017-09-26T00:00:00.000Z,3922.7,3944.6,3902.0,3902.0,381.29836915,3902.0
2017-09-26T04:00:00.000Z,3902.0,3927.8,3850.0,3923.6,826.99599998,3923.6
2017-09-26T08:00:00.000Z,3923.0,3960.0,3895.0,3960.0,579.33317945,3960.0
2017-09-26T12:00:00.000Z,3960.0,3970.0,3911.3,3933.4,732.39691960,3933.4
2017-09-26T16:00:00.000Z,3932.2,3933.5,3880.8,3915.0,1029.68576096,3915.0
2017-09-26T20:00:00.000Z,3915.0,3927.0,3870.8,3885.9,763.07037546,3885.9
2017-09-27T00:00:00.000Z,3886.3,3950.2,3870.1,3936.6,739.02882037,3936.6
2017-09-27T04:00:00.000Z,3927.1,3950.0,3914.6,3947.6,829.43052472,3947.6
2017-09-27T08:00:00.000Z,3944.8,4099.0,3930.0,4074.0,1190.98068163,4074.0
2017-09-27T12:00:00.000Z,4074.1,4100.0,4050.0,4069.0,1192.93012216,4069.0
2017-09-27T16:00:00.000Z,4069.4,4200.0,4069.4,4199.7,1486.40349536,4199.7
2017-09-27T20:00:00.000Z,4199.9,4240.0,4151.0,4213.8,1411.77480464,4213.8
2017-09-28T00:00:00.000Z,4213.9,4228.5,4146.3,4198.3,885.27320531,4198.3
2017-09-28T04:00:00.000Z,4197.0,4262.7,4175.1,4235.6,1189.08115771,4235.6
2017-09-28T08:00:00.000Z,4235.7,4285.0,4157.8,4200.0,1096.07161379,4200.0
2017-09-28T12:00:00.000Z,4199.6,4219.0,4130.0,4149.6,1475.19328558,4149.6
2017-09-28T16:00:00.000Z,4149.6,4220.0,4144.3,4150.5,663.48297227,4150.5
2017-09-28T20:00:00.000Z,4153.1,4205.0,4150.7,4190.0,460.71464437,4190.0
2017-09-29T00:00:00.000Z,4195.4,4205.7,4025.0,4054.4,1102.98632993,4054.4
2017-09-29T04:00:00.000Z,4053.2,4118.0,4025.8,4099.3,886.36330969,4099.3
2017-09-29T08:00:00.000Z,4099.3,4199.9,4079.7,4197.6,572.64613624,4197.6
2017-09-29T12:00:00.000Z,4197.6,4224.8,4158.1,4192.3,793.83102735,4192.3
2017-09-29T16:00:00.000Z,4192.2,4222.5,4152.1,4167.0,629.73820991,4167.0
2017-09-29T20:00:00.000Z,4167.2,4199.0,4150.0,4157.1,278.84831880,4157.1
2017-09-30T00:00:00.000Z,4157.1,4222.0,4151.2,4199.6,533.54544571,4199.6
2017-09-30T04:00:00.000Z,4194.7,4289.0,4191.1,4288.5,691.12588087,4288.5
2017-09-30T08:00:00.000Z,4289.0,4308.9,4259.0,4280.1,507.35516489,4280.1
2017-09-30T12:00:00.000Z,4276.8,4348.0,4267.2,4336.3,643.71452790,4336.3
2017-09-30T16:00:00.000Z,4337.6,4365.0,4293.1,4330.1,618.92631261,4330.1
2017-09-30T20:00:00.000Z,4330.2,4368.0,4325.8,4344.0,570.59203876,4344.0
2017-10-01T00:00:00.000Z,4343.9,4367.0,4275.0,4300.4,643.87105220,4300.4
2017-10-01T04:00:00.000Z,4302.3,4340.0,4290.1,4326.2,336.73123516,4326.2
2017-10-01T08:00:00.000Z,4326.2,4329.1,4298.7,4318.2,197.65687818,4318.2
2017-10-01T12:00:00.000Z,4314.4,4314.4,4250.0,4301.1,665.07955559,4301.1
2017-10-01T16:00:00.000Z,4304.1,4316.0,4290.2,4312.1,243.81150806,4312.1
2017-10-01T20:00:00.000Z,4312.0,4391.0,4310.0,4383.7,634.23554489,4383.7
2017-10-02T00:00:00.000Z,4387.9,4424.6,4380.0,4398.7,593.55792634,4398.7
2017-10-02T04:00:00.000Z,4398.3,4445.0,4398.3,4423.2,554.37464014,4423.2
2017-10-02T08:00:00.000Z,4423.3,4467.5,4390.0,4397.2,585.22275633,4397.2
2017-10-02T12:00:00.000Z,4397.3,4434.0,4367.0,4385.0,755.92610921,4385.0
2017-10-02T16:00:00.000Z,4385.1,4424.9,4365.2,4412.1,583.90836707,4412.1
2017-10-02T20:00:00.000Z,4412.3,4413.7,4371.7,4401.7,402.88111064,4401.7
2017-10-03T00:00:00.000Z,4401.6,4430.3,4376.5,4421.3,408.29674645,4421.3
2017-10-03T04:00:00.000Z,4421.2,4422.9,4260.0,4295.2,1763.92749624,4295.2
2017-10-03T08:00:00.000Z,4296.0,4346.7,4260.0,4311.0,1132.17828819,4311.0
2017-10-03T12:00:00.000Z,4311.0,4312.0,4240.0,4299.0,1056.55963053,4299.0
2017-10-03T16:00:00.000Z,4299.0,4311.8,4262.0,4276.5,652.33335367,4276.5
2017-10-03T20:00:00.000Z,4276.6,4318.7,4271.0,4309.0,333.07929830,4309.0
2017-10-04T00:00:00.000Z,4312.9,4320.0,4291.1,4296.2,297.13513714,4296.2
2017-10-04T04:00:00.000Z,4298.4,4352.9,4298.4,4336.3,327.03997385,4336.3
2017-10-04T08:00:00.000Z,4334.4,4335.7,4237.3,4255.8,1164.18451612,4255.8
2017-10-04T12:00:00.000Z,4255.9,4267.5,4189.1,4219.1,1002.26986804,4219.1
2017-10-04T16:00:00.000Z,4221.4,4229.2,4197.3,4216.2,548.19631611,4216.2
2017-10-04T20:00:00.000Z,4216.2,4244.9,4200.0,4223.6,403.63289206,4223.6
2017-10-05T00:00:00.000Z,4222.3,4249.1,4180.0,4187.9,454.12063950,4187.9
2017-10-05T04:00:00.000Z,4188.0,4188.4,4154.9,4167.5,389.34899566,4167.5
2017-10-05T08:00:00.000Z,4167.4,4262.4,4157.0,4260.0,655.89881595,4260.0
2017-10-05T12:00:00.000Z,4260.0,4339.6,4260.0,4320.1,802.04970206,4320.1
2017-10-05T16:00:00.000Z,4327.5,4372.0,4303.3,4364.3,629.35076900,4364.3
2017-10-05T20:00:00.000Z,4364.5,4371.8,4300.0,4324.2,491.63960448,4324.2
2017-10-06T00:00:00.000Z,4319.6,4345.6,4300.1,4328.0,318.18312284,4328.0
2017-10-06T04:00:00.000Z,4328.3,4422.0,4314.5,4416.0,677.30828246,4416.0
2017-10-06T08:00:00.000Z,4416.5,4422.1,4382.1,4403.1,581.38463763,4403.1
2017-10-06T12:00:00.000Z,4403.1,4405.0,4340.8,4387.0,509.08457053,4387.0
2017-10-06T16:00:00.000Z,4387.0,4398.0,4317.1,4340.0,729.20813450,4340.0
2017-10-06T20:00:00.000Z,4338.9,4374.9,4331.0,4363.1,287.15478144,4363.1
2017-10-07T00:00:00.000Z,4363.1,4385.7,4350.5,4368.2,296.36601349,4368.2
2017-10-07T04:00:00.000Z,4368.2,4387.1,4323.9,4326.0,419.34407217,4326.0
2017-10-07T08:00:00.000Z,4330.2,4350.0,4318.5,4326.2,250.84759143,4326.2
2017-10-07T12:00:00.000Z,4326.0,4364.0,4323.3,4346.9,267.18979409,4346.9
2017-10-07T16:00:00.000Z,4346.9,4360.0,4326.4,4334.3,432.59753666,4334.3
2017-10-07T20:00:00.000Z,4339.0,4440.0,4336.4,4432.0,654.11884399,4432.0
2017-10-08T00:00:00.000Z,4423.2,4444.4,4407.1,4425.0,438.54082259,4425.0
2017-10-08T04:00:00.000Z,4425.0,4450.0,4409.4,4437.2,543.21949631,4437.2
2017-10-08T08:00:00.000Z,4437.9,4469.9,4437.7,4463.9,499.59210934,4463.9
2017-10-08T12:00:00.000Z,4461.9,4573.3,4452.1,4570.1,1172.67006620,4570.1
2017-10-08T16:00:00.000Z,4570.2,4598.0,4530.6,4585.1,813.10182942,4585.1
2017-10-08T20:00:00.000Z,4588.7,4615.1,4575.1,4592.0,638.39287356,4592.0
2017-10-09T00:00:00.000Z,4592.0,4620.0,4575.0,4619.7,612.82814924,4619.7
2017-10-09T04:00:00.000Z,4619.8,4620.0,4555.0,4570.3,667.84905765,4570.3
2017-10-09T08:00:00.000Z,4570.3,4611.2,4559.5,4586.8,374.15205190,4586.8
2017-10-09T12:00:00.000Z,4586.9,4660.4,4566.3,4647.1,675.92991584,4647.1
2017-10-09T16:00:00.000Z,4647.1,4875.0,4629.4,4835.3,1466.56783576,4835.3
2017-10-09T20:00:00.000Z,4835.3,4850.0,4754.0,4772.1,1443.85531447,4772.1
2017-10-10T00:00:00.000Z,4774.9,4870.0,4771.1,4783.1,817.98327458,4783.1
2017-10-10T04:00:00.000Z,4782.9,4849.6,4777.2,4800.0,651.51539949,4800.0
2017-10-10T08:00:00.000Z,4805.3,4819.9,4753.5,4793.7,701.13729957,4793.7
2017-10-10T12:00:00.000Z,4802.1,4835.0,4770.4,4789.6,985.26235156,4789.6
2017-10-10T16:00:00.000Z,4789.0,4919.0,4778.2,4874.7,1478.99311900,4874.7
2017-10-10T20:00:00.000Z,4875.0,4887.2,4712.4,4748.5,1044.28848524,4748.5
2017-10-11T00:00:00.000Z,4745.4,4785.0,4711.0,4736.3,579.61324509,4736.3
2017-10-11T04:00:00.000Z,4736.4,4800.2,4710.2,4792.6,336.41200056,4792.6
2017-10-11T08:00:00.000Z,4792.6,4827.0,4788.9,4793.0,396.58036148,4793.0
2017-10-11T12:00:00.000Z,4803.0,4839.6,4755.0,4839.1,762.37334867,4839.1
2017-10-11T16:00:00.000Z,4839.0,4875.0,4811.9,4844.0,800.69613484,4844.0
2017-10-11T20:00:00.000Z,4844.0,4878.0,4787.4,4822.6,743.59955486,4822.6
2017-10-12T00:00:00.000Z,4824.2,4855.7,4812.2,4845.0,346.27946755,4845.0
2017-10-12T04:00:00.000Z,4844.5,4975.0,4820.0,4975.0,870.88621387,4975.0
2017-10-12T08:00:00.000Z,4975.0,5243.8,4975.0,5160.4,2564.03235432,5160.4
2017-10-12T12:00:00.000Z,5160.4,5317.3,5160.4,5314.7,1402.22589144,5314.7
2017-10-12T16:00:00.000Z,5307.8,5383.9,5220.3,5290.7,1872.94139679,5290.7
2017-10-12T20:00:00.000Z,5291.1,5430.0,5275.0,5429.7,894.30128563,5429.7
2017-10-13T00:00:00.000Z,5429.8,5854.4,5380.1,5622.5,2635.93413477,5622.5
2017-10-13T04:00:00.000Z,5699.3,5799.9,5435.0,5644.2,2571.22044785,5644.2
2017-10-13T08:00:00.000Z,5645.0,5745.0,5576.0,5650.3,1115.04010328,5650.3
2017-10-13T12:00:00.000Z,5650.3,5764.6,5550.0,5728.3,1294.55985771,5728.3
2017-10-13T16:00:00.000Z,5739.7,5745.1,5475.4,5503.4,988.50932082,5503.4
2017-10-13T20:00:00.000Z,5503.0,5640.0,5500.1,5640.0,616.88047491,5640.0
2017-10-14T00:00:00.000Z,5626.7,5694.0,5564.9,5671.5,406.56755179,5671.5
2017-10-14T04:00:00.000Z,5671.5,5690.6,5556.1,5621.9,389.76541301,5621.9
2017-10-14T08:00:00.000Z,5620.0,5740.0,5580.3,5702.7,494.05174384,5702.7
2017-10-14T12:00:00.000Z,5702.8,5742.5,5650.0,5707.1,577.47160044,5707.1
2017-10-14T16:00:00.000Z,5710.1,5775.0,5670.0,5699.8,702.85482218,5699.8
2017-10-14T20:00:00.000Z,5699.8,5800.0,5680.0,5800.0,449.23534445,5800.0
2017-10-15T00:00:00.000Z,5800.0,5840.4,5762.9,5771.2,552.43259726,5771.2
2017-10-15T04:00:00.000Z,5764.6,5796.0,5720.1,5755.4,351.24709701,5755.4
2017-10-15T08:00:00.000Z,5754.2,5759.8,5462.1,5475.0,1267.37446935,5475.0
2017-10-15T12:00:00.000Z,5476.2,5572.0,5462.1,5532.1,808.32501175,5532.1
2017-10-15T16:00:00.000Z,5532.2,5548.6,5472.0,5516.1,659.53829306,5516.1
2017-10-15T20:00:00.000Z,5515.9,5731.2,5488.1,5680.0,897.46874673,5680.0
2017-10-16T00:00:00.000Z,5673.2,5708.1,5586.3,5602.0,366.50283612,5602.0
2017-10-16T04:00:00.000Z,5602.0,5658.6,5550.0,5600.5,496.25107374,5600.5
2017-10-16T08:00:00.000Z,5600.0,5744.6,5577.8,5740.8,445.16847092,5740.8
2017-10-16T12:00:00.000Z,5741.6,5744.0,5612.7,5676.7,643.24985545,5676.7
2017-10-16T16:00:00.000Z,5679.8,5710.0,5625.0,5710.0,486.79878764,5710.0
2017-10-16T20:00:00.000Z,5708.1,5776.6,5652.4,5738.8,696.64963294,5738.8
2017-10-17T00:00:00.000Z,5738.7,5759.9,5600.0,5645.0,769.10298303,5645.0
2017-10-17T04:00:00.000Z,5647.5,5684.5,5609.8,5658.8,462.46069585,5658.8
2017-10-17T08:00:00.000Z,5659.4,5685.1,5553.0,5573.3,567.23414746,5573.3
2017-10-17T12:00:00.000Z,5575.9,5640.0,5535.1,5601.6,893.33947176,5601.6
2017-10-17T16:00:00.000Z,5602.2,5648.6,5570.9,5635.6,381.91733740,5635.6
2017-10-17T20:00:00.000Z,5635.6,5639.0,5569.4,5606.5,388.49884376,5606.5
2017-10-18T00:00:00.000Z,5606.5,5606.5,5466.0,5488.1,861.02943683,5488.1
2017-10-18T04:00:00.000Z,5494.9,5545.9,5334.9,5335.1,973.26411369,5335.1
2017-10-18T08:00:00.000Z,5335.0,5400.0,5250.5,5315.0,1016.34198412,5315.0
2017-10-18T12:00:00.000Z,5314.5,5363.2,5132.3,5363.2,1468.69234567,5363.2
2017-10-18T16:00:00.000Z,5362.7,5466.5,5350.0,5420.3,902.04696662,5420.3
2017-10-18T20:00:00.000Z,5421.0,5630.0,5403.3,5579.4,971.41476491,5579.4
2017-10-19T00:00:00.000Z,5590.0,5648.0,5534.0,5625.0,767.67897865,5625.0
2017-10-19T04:00:00.000Z,5624.6,5678.8,5541.0,5597.8,880.96655660,5597.8
2017-10-19T08:00:00.000Z,5597.8,5728.8,5580.1,5695.5,510.30264628,5695.5
2017-10-19T12:00:00.000Z,5692.1,5731.3,5634.6,5642.0,573.32063683,5642.0
2017-10-19T16:00:00.000Z,5642.0,5685.0,5605.0,5620.0,259.41691659,5620.0
2017-10-19T20:00:00.000Z,5622.5,5724.4,5618.0,5695.3,458.77321652,5695.3
2017-10-20T00:00:00.000Z,5703.1,5715.3,5669.3,5684.9,196.65486811,5684.9
2017-10-20T04:00:00.000Z,5684.9,5700.0,5620.0,5658.7,338.32134412,5658.7
2017-10-20T08:00:00.000Z,5658.8,5680.0,5622.0,5643.0,287.94110430,5643.0
2017-10-20T12:00:00.000Z,5643.0,5975.0,5639.2,5900.9,1285.10064413,5900.9
2017-10-20T16:00:00.000Z,5900.9,6000.0,5900.3,6000.0,1017.71068781,6000.0
2017-10-20T20:00:00.000Z,6000.0,6050.0,5941.0,5999.0,1323.30463320,5999.0
2017-10-21T00:00:00.000Z,5990.2,6090.0,5927.0,6089.8,934.52340004,6089.8
2017-10-21T04:00:00.000Z,6089.8,6138.3,6025.3,6122.9,604.07422268,6122.9
2017-10-21T08:00:00.000Z,6111.0,6136.2,6042.0,6132.9,401.90713347,6132.9
2017-10-21T12:00:00.000Z,6128.0,6180.0,6060.9,6173.0,855.65634427,6173.0
2017-10-21T16:00:00.000Z,6173.0,6174.0,5920.9,6057.5,1180.00573371,6057.5
2017-10-21T20:00:00.000Z,6055.1,6135.0,6025.0,6043.0,454.95773574,6043.0
2017-10-22T00:00:00.000Z,6039.8,6090.8,5940.0,5954.8,348.70466101,5954.8
2017-10-22T04:00:00.000Z,5954.3,5997.9,5810.0,5952.0,792.28761860,5952.0
2017-10-22T08:00:00.000Z,5951.9,5980.0,5750.1,5847.0,797.94124357,5847.0
2017-10-22T12:00:00.000Z,5851.8,6039.0,5801.3,6000.1,468.68040962,6000.1
2017-10-22T16:00:00.000Z,6027.9,6027.9,5871.7,5882.6,442.49701289,5882.6
2017-10-22T20:00:00.000Z,5882.6,6001.0,5875.0,5997.6,210.94045054,5997.6
2017-10-23T00:00:00.000Z,5997.6,6029.3,5926.2,5982.6,362.18368695,5982.6
2017-10-23T04:00:00.000Z,5982.6,6054.0,5885.5,5927.1,518.96182929,5927.1
2017-10-23T08:00:00.000Z,5927.8,5927.9,5811.2,5908.6,638.55382376,5908.6
2017-10-23T12:00:00.000Z,5908.7,5910.0,5700.1,5794.0,1490.83807496,5794.0
2017-10-23T16:00:00.000Z,5794.0,5930.0,5738.0,5922.9,741.37734178,5922.9
2017-10-23T20:00:00.000Z,5920.0,5973.0,5805.3,5902.8,967.25814650,5902.8
2017-10-24T00:00:00.000Z,5902.6,5910.0,5583.4,5655.0,1972.30989032,5655.0
2017-10-24T04:00:00.000Z,5654.6,5800.0,5583.0,5742.7,803.77858692,5742.7
2017-10-24T08:00:00.000Z,5744.0,5773.1,5600.4,5715.4,686.13445945,5715.4
2017-10-24T12:00:00.000Z,5716.1,5724.8,5605.5,5661.3,608.97936339,5661.3
2017-10-24T16:00:00.000Z,5650.0,5750.0,5649.7,5711.7,597.68155793,5711.7
2017-10-24T20:00:00.000Z,5706.6,5714.0,5511.0,5545.5,1122.74806889,5545.5
2017-10-25T00:00:00.000Z,5545.5,5573.2,5400.0,5569.9,1395.59512618,5569.9
2017-10-25T04:00:00.000Z,5570.0,5600.0,5493.6,5597.5,583.39066703,5597.5
2017-10-25T08:00:00.000Z,5596.0,5671.0,5505.6,5559.4,546.52098426,5559.4
2017-10-25T12:00:00.000Z,5559.5,5610.9,5472.0,5522.7,857.76238464,5522.7
2017-10-25T16:00:00.000Z,5522.7,5675.0,5512.5,5675.0,504.80768436,5675.0
2017-10-25T20:00:00.000Z,5674.6,5777.7,5649.4,5762.8,1012.51365521,5762.8
2017-10-26T00:00:00.000Z,5761.0,5795.0,5710.1,5793.0,529.18478385,5793.0
2017-10-26T04:00:00.000Z,5793.0,5793.7,5707.6,5760.0,491.61527283,5760.0
2017-10-26T08:00:00.000Z,5760.0,5899.9,5740.2,5898.0,541.17814929,5898.0
2017-10-26T12:00:00.000Z,5899.0,5994.9,5898.0,5956.9,1054.01392542,5956.9
2017-10-26T16:00:00.000Z,5953.6,5973.6,5840.0,5900.0,748.57229504,5900.0
2017-10-26T20:00:00.000Z,5900.0,5930.0,5808.0,5890.6,498.69764666,5890.6
2017-10-27T00:00:00.000Z,5891.2,5994.0,5874.2,5915.0,489.09718445,5915.0
2017-10-27T04:00:00.000Z,5910.0,5929.6,5810.0,5913.5,488.24717390,5913.5
2017-10-27T08:00:00.000Z,5914.0,5920.0,5820.7,5858.9,390.41930928,5858.9
2017-10-27T12:00:00.000Z,5857.7,5859.1,5720.0,5784.2,978.85945614,5784.2
2017-10-27T16:00:00.000Z,5781.1,5820.0,5710.0,5759.8,414.76973940,5759.8
2017-10-27T20:00:00.000Z,5753.1,5812.3,5735.0,5793.8,347.69356443,5793.8
2017-10-28T00:00:00.000Z,5794.0,5887.6,5737.0,5752.8,335.91046725,5752.8
2017-10-28T04:00:00.000Z,5752.8,5831.0,5746.8,5810.8,141.35034695,5810.8
2017-10-28T08:00:00.000Z,5810.6,5811.1,5705.5,5718.5,352.22112315,5718.5
2017-10-28T12:00:00.000Z,5719.0,5757.2,5687.0,5723.0,675.50304291,5723.0
2017-10-28T16:00:00.000Z,5722.8,5799.0,5715.0,5797.7,287.93783760,5797.7
2017-10-28T20:00:00.000Z,5795.8,5796.3,5721.1,5750.0,258.14194346,5750.0
2017-10-29T00:00:00.000Z,5750.0,5756.0,5684.7,5749.6,255.52554894,5749.6
2017-10-29T04:00:00.000Z,5751.1,5848.0,5728.6,5822.5,311.01900797,5822.5
2017-10-29T08:00:00.000Z,5822.6,5829.6,5765.6,5800.1,293.87018906,5800.1
2017-10-29T12:00:00.000Z,5797.9,5949.0,5762.9,5948.9,511.42040026,5948.9
2017-10-29T16:00:00.000Z,5949.9,6090.0,5948.3,6090.0,1395.69430514,6090.0
2017-10-29T20:00:00.000Z,6090.0,6209.9,6085.0,6130.0,1416.44825642,6130.0
2017-10-30T00:00:00.000Z,6135.8,6177.9,6066.6,6135.5,571.80124242,6135.5
2017-10-30T04:00:00.000Z,6135.5,6174.6,6100.9,6137.0,322.61576599,6137.0
2017-10-30T08:00:00.000Z,6129.8,6232.4,6110.0,6158.2,533.61637192,6158.2
2017-10-30T12:00:00.000Z,6155.1,6177.2,6032.8,6092.1,721.38809279,6092.1
2017-10-30T16:00:00.000Z,6092.0,6142.4,6050.0,6086.4,401.69569925,6086.4
2017-10-30T20:00:00.000Z,6081.8,6143.7,6070.0,6124.5,266.01944085,6124.5
2017-10-31T00:00:00.000Z,6124.5,6139.9,6102.0,6108.2,330.74424477,6108.2
2017-10-31T04:00:00.000Z,6109.2,6139.0,6080.0,6095.0,225.70010368,6095.0
2017-10-31T08:00:00.000Z,6095.3,6225.0,6083.4,6210.0,429.82682136,6210.0
2017-10-31T12:00:00.000Z,6224.9,6443.4,6180.0,6389.0,1498.79454689,6389.0
2017-10-31T16:00:00.000Z,6389.0,6420.0,6306.2,6334.6,870.98527524,6334.6
2017-10-31T20:00:00.000Z,6331.0,6444.6,6329.3,6430.5,594.09519455,6430.5
2017-11-01T00:00:00.000Z,6442.3,6445.0,6380.0,6429.0,552.92494815,6429.0
2017-11-01T04:00:00.000Z,6428.9,6440.0,6362.0,6419.5,411.99137152,6419.5
2017-11-01T08:00:00.000Z,6419.5,6666.6,6415.8,6642.0,1409.95196785,6642.0
2017-11-01T12:00:00.000Z,6641.1,6648.0,6525.0,6600.0,1002.06597036,6600.0
2017-11-01T16:00:00.000Z,6603.9,6650.0,6579.1,6619.1,738.42989813,6619.1
2017-11-01T20:00:00.000Z,6617.8,6749.0,6565.0,6741.9,940.61478807,6741.9
2017-11-02T00:00:00.000Z,6741.8,6887.0,6710.8,6874.0,1562.37591668,6874.0
2017-11-02T04:00:00.000Z,6874.0,6970.0,6850.0,6950.7,1007.53259471,6950.7
2017-11-02T08:00:00.000Z,6950.0,7289.0,6857.0,6880.2,1781.16774664,6880.2
2017-11-02T12:00:00.000Z,6880.1,7168.4,6720.2,7096.0,1193.20177702,7096.0
2017-11-02T16:00:00.000Z,7095.5,7096.0,6855.1,6998.0,964.80116598,6998.0
2017-11-02T20:00:00.000Z,6998.0,7120.0,6959.0,7007.3,765.32023107,7007.3
2017-11-03T00:00:00.000Z,7020.3,7230.0,6894.1,7191.2,781.78723305,7191.2
2017-11-03T04:00:00.000Z,7187.2,7298.7,7150.0,7294.5,752.52378075,7294.5
2017-11-03T08:00:00.000Z,7295.5,7449.0,7266.0,7324.7,1334.84012919,7324.7
2017-11-03T12:00:00.000Z,7299.7,7420.5,7169.0,7420.5,409.35703379,7420.5
2017-11-03T16:00:00.000Z,7365.3,7448.0,7263.3,7276.0,516.32705015,7276.0
2017-11-03T20:00:00.000Z,7276.0,7330.0,7080.0,7160.0,727.63408108,7160.0
2017-11-04T00:00:00.000Z,7160.0,7216.0,6934.1,7215.0,761.72915749,7215.0
2017-11-04T04:00:00.000Z,7215.7,7249.0,7130.0,7224.8,280.20195927,7224.8
2017-11-04T08:00:00.000Z,7223.7,7229.3,7100.0,7125.1,263.12279954,7125.1
2017-11-04T12:00:00.000Z,7125.1,7350.0,7125.1,7308.6,439.43443598,7308.6
2017-11-04T16:00:00.000Z,7308.6,7400.0,7300.0,7386.0,411.13617537,7386.0
2017-11-04T20:00:00.000Z,7386.0,7480.0,7351.0,7369.9,549.41051149,7369.9
2017-11-05T00:00:00.000Z,7366.5,7445.3,7297.0,7401.9,396.70395177,7401.9
2017-11-05T04:00:00.000Z,7408.3,7475.0,7372.9,7422.3,225.51701765,7422.3
2017-11-05T08:00:00.000Z,7432.4,7549.0,7373.1,7548.9,451.36952283,7548.9
2017-11-05T12:00:00.000Z,7548.9,7575.0,7450.0,7535.0,493.49810668,7535.0
2017-11-05T16:00:00.000Z,7542.0,7566.0,7465.0,7550.0,317.23297949,7550.0
2017-11-05T20:00:00.000Z,7550.0,7570.0,7300.0,7380.0,720.26693038,7380.0
2017-11-06T00:00:00.000Z,7374.7,7435.8,7168.8,7245.9,810.91227532,7245.9
2017-11-06T04:00:00.000Z,7253.6,7415.0,7100.0,7288.8,1167.90996831,7288.8
2017-11-06T08:00:00.000Z,7288.8,7395.0,7280.0,7362.8,419.98538720,7362.8
2017-11-06T12:00:00.000Z,7356.0,7449.0,7241.0,7276.5,530.57635845,7276.5
2017-11-06T16:00:00.000Z,7276.5,7303.9,6952.1,7035.8,1175.48298259,7035.8
2017-11-06T20:00:00.000Z,7031.5,7189.1,6920.0,6969.0,856.32504137,6969.0
2017-11-07T00:00:00.000Z,6970.3,7210.0,6942.0,7165.7,912.15299619,7165.7
2017-11-07T04:00:00.000Z,7165.7,7273.1,7141.0,7220.3,464.05770246,7220.3
2017-11-07T08:00:00.000Z,7220.3,7259.0,7191.2,7210.0,302.68306475,7210.0
2017-11-07T12:00:00.000Z,7210.3,7235.0,7014.0,7081.2,409.74312599,7081.2
2017-11-07T16:00:00.000Z,7081.0,7155.0,7003.0,7100.1,437.62436041,7100.1
2017-11-07T20:00:00.000Z,7102.2,7149.0,7025.5,7128.1,448.27647315,7128.1
2017-11-08T00:00:00.000Z,7128.1,7400.0,7097.0,7389.8,869.09549100,7389.8
2017-11-08T04:00:00.000Z,7389.8,7444.4,7309.4,7373.3,656.76556254,7373.3
2017-11-08T08:00:00.000Z,7374.1,7424.0,7357.0,7424.0,371.58467607,7424.0
2017-11-08T12:00:00.000Z,7424.0,7545.1,7418.6,7511.4,642.27259155,7511.4
2017-11-08T16:00:00.000Z,7509.1,7788.0,7150.0,7317.2,2170.55975029,7317.2
2017-11-08T20:00:00.000Z,7322.2,7475.0,7121.0,7463.5,1464.54504862,7463.5
2017-11-09T00:00:00.000Z,7460.0,7470.0,7315.0,7352.6,937.77838271,7352.6
2017-11-09T04:00:00.000Z,7352.6,7431.3,7317.0,7356.6,691.23443568,7356.6
2017-11-09T08:00:00.000Z,7356.6,7418.2,7110.0,7169.8,1323.79355992,7169.8
2017-11-09T12:00:00.000Z,7172.0,7277.0,7104.0,7186.5,892.99325396,7186.5
2017-11-09T16:00:00.000Z,7186.5,7274.4,7160.0,7205.2,547.14655545,7205.2
2017-11-09T20:00:00.000Z,7215.0,7244.0,7115.1,7152.4,674.28908319,7152.4
2017-11-10T00:00:00.000Z,7155.0,7400.0,7155.0,7306.0,781.32338042,7306.0
2017-11-10T04:00:00.000Z,7306.0,7320.2,7161.1,7166.3,597.85755384,7166.3
2017-11-10T08:00:00.000Z,7166.8,7244.4,6889.0,6910.3,1197.77054699,6910.3
2017-11-10T12:00:00.000Z,6910.3,6945.0,6660.5,6869.2,2084.60183107,6869.2
2017-11-10T16:00:00.000Z,6860.1,6999.0,6500.0,6553.0,2339.46066289,6553.0
2017-11-10T20:00:00.000Z,6562.0,6750.0,6415.0,6583.0,1898.12538642,6583.0
2017-11-11T00:00:00.000Z,6567.1,6800.0,6554.3,6775.6,860.28856810,6775.6
2017-11-11T04:00:00.000Z,6775.6,6800.0,6566.0,6624.2,643.25062037,6624.2
2017-11-11T08:00:00.000Z,6630.8,6764.6,6513.0,6513.0,810.77895706,6513.0
2017-11-11T12:00:00.000Z,6513.0,6549.0,6230.0,6289.0,2404.35286766,6289.0
2017-11-11T16:00:00.000Z,6277.7,6447.0,6200.0,6310.8,1189.44215001,6310.8
2017-11-11T20:00:00.000Z,6310.8,6500.0,6280.0,6330.0,1023.78600480,6330.0
2017-11-12T00:00:00.000Z,6330.0,6330.0,6001.0,6010.0,2047.78672334,6010.0
2017-11-12T04:00:00.000Z,6010.0,6097.7,5464.0,5838.7,4562.37794963,5838.7
2017-11-12T08:00:00.000Z,5838.6,6500.0,5799.4,6311.0,3214.61534198,6311.0
2017-11-12T12:00:00.000Z,6323.2,6386.6,5900.0,6203.2,1507.98937294,6203.2
2017-11-12T16:00:00.000Z,6202.2,6230.6,5976.6,6043.5,1056.01730478,6043.5
2017-11-12T20:00:00.000Z,6033.8,6097.3,5802.0,5853.7,775.60235691,5853.7
