"Index","KrakenEthUsd.Open","KrakenEthUsd.High","KrakenEthUsd.Low","KrakenEthUsd.Close","KrakenEthUsd.Volume","KrakenEthUsd.Adjusted"
2017-07-16T00:00:00.000Z,168.60,171.81,163.70,165.83,33377.23238717,165.83
2017-07-16T04:00:00.000Z,165.83,168.03,155.10,157.34,39192.50387282,157.34
2017-07-16T08:00:00.000Z,157.35,158.03,138.12,139.88,67009.85472746,139.88
2017-07-16T12:00:00.000Z,139.90,155.00,134.78,150.38,95895.00137359,150.38
2017-07-16T16:00:00.000Z,150.38,162.00,142.00,142.55,71064.18844744,142.55
2017-07-16T20:00:00.000Z,143.43,159.79,142.00,155.19,26002.76063913,155.19
2017-07-17T00:00:00.000Z,155.20,167.88,154.00,161.99,44625.33290891,161.99
2017-07-17T04:00:00.000Z,162.11,178.49,160.20,176.49,37547.98112718,176.49
2017-07-17T08:00:00.000Z,176.00,179.95,162.96,165.00,39791.88902367,165.00
2017-07-17T12:00:00.000Z,165.00,174.45,158.21,168.00,48317.40655884,168.00
2017-07-17T16:00:00.000Z,167.49,176.94,166.48,173.00,34145.34333578,173.00
2017-07-17T20:00:00.000Z,173.00,190.00,172.41,188.72,66313.65908722,188.72
2017-07-18T00:00:00.000Z,188.72,192.97,180.20,181.51,36175.90928915,181.51
2017-07-18T04:00:00.000Z,181.98,193.98,178.00,189.29,32373.61447806,189.29
2017-07-18T08:00:00.000Z,189.99,193.97,185.00,193.00,31991.92239151,193.00
2017-07-18T12:00:00.000Z,193.00,211.76,190.00,211.00,62633.14392958,211.00
2017-07-18T16:00:00.000Z,210.01,236.98,198.20,236.98,99994.28882131,236.98
2017-07-18T20:00:00.000Z,236.98,271.40,216.90,228.00,96820.63578848,228.00
2017-07-19T00:00:00.000Z,228.13,233.00,210.25,225.25,40854.49695644,225.25
2017-07-19T04:00:00.000Z,225.04,246.00,220.11,240.17,40513.00388661,240.17
2017-07-19T08:00:00.000Z,242.10,244.49,227.52,228.60,19645.94493960,228.60
2017-07-19T12:00:00.000Z,229.00,231.35,213.11,224.84,50066.11071654,224.84
2017-07-19T16:00:00.000Z,224.80,225.00,188.00,189.00,59039.19276202,189.00
2017-07-19T20:00:00.000Z,189.00,207.50,185.30,193.50,100776.42677045,193.50
2017-07-20T00:00:00.000Z,193.50,219.99,193.00,211.00,54571.46293204,211.00
2017-07-20T04:00:00.000Z,211.00,216.27,201.00,205.00,29294.56272743,205.00
2017-07-20T08:00:00.000Z,205.00,228.00,203.50,227.00,41373.01054711,227.00
2017-07-20T12:00:00.000Z,227.49,237.00,220.13,228.49,68645.69359190,228.49
2017-07-20T16:00:00.000Z,228.49,230.99,218.00,226.00,25627.59109164,226.00
2017-07-20T20:00:00.000Z,226.00,232.70,220.10,227.49,35537.97774559,227.49
2017-07-21T00:00:00.000Z,227.49,231.11,219.23,227.00,20719.39766436,227.00
2017-07-21T04:00:00.000Z,227.62,239.00,226.17,236.60,21372.38020990,236.60
2017-07-21T08:00:00.000Z,237.02,237.79,224.00,227.30,14806.05303000,227.30
2017-07-21T12:00:00.000Z,227.30,229.75,223.50,223.74,11230.68772886,223.74
2017-07-21T16:00:00.000Z,223.74,223.99,216.00,217.08,20533.10878915,217.08
2017-07-21T20:00:00.000Z,217.10,219.89,209.85,216.00,30908.76551825,216.00
2017-07-22T00:00:00.000Z,216.00,224.01,214.30,221.10,9019.99174503,221.10
2017-07-22T04:00:00.000Z,221.38,223.99,219.00,223.90,3914.02711116,223.90
2017-07-22T08:00:00.000Z,223.99,228.00,222.00,225.77,8486.17764380,225.77
2017-07-22T12:00:00.000Z,225.77,226.88,222.00,223.47,6289.83931676,223.47
2017-07-22T16:00:00.000Z,223.47,227.33,223.00,225.29,6069.14630041,225.29
2017-07-22T20:00:00.000Z,225.29,237.00,225.01,230.13,12809.82870547,230.13
2017-07-23T00:00:00.000Z,231.67,235.00,229.68,231.25,7302.09972415,231.25
2017-07-23T04:00:00.000Z,231.25,232.93,224.50,225.50,13663.54090943,225.50
2017-07-23T08:00:00.000Z,224.51,226.80,220.12,221.70,10663.68682369,221.70
2017-07-23T12:00:00.000Z,221.00,231.00,220.58,229.89,9383.02748477,229.89
2017-07-23T16:00:00.000Z,229.20,232.00,228.52,232.00,6033.54933650,232.00
2017-07-23T20:00:00.000Z,232.00,232.89,225.70,229.85,9926.42567647,229.85
2017-07-24T00:00:00.000Z,229.20,230.50,226.20,227.79,5580.24259416,227.79
2017-07-24T04:00:00.000Z,227.79,229.47,224.32,226.24,7324.38185303,226.24
2017-07-24T08:00:00.000Z,226.19,228.99,224.02,227.00,3507.35390941,227.00
2017-07-24T12:00:00.000Z,227.21,231.89,225.42,226.85,9487.82671022,226.85
2017-07-24T16:00:00.000Z,226.85,228.50,224.89,227.42,4368.96532309,227.42
2017-07-24T20:00:00.000Z,227.42,227.42,224.77,225.80,2902.25144241,225.80
2017-07-25T00:00:00.000Z,225.38,226.38,222.01,222.90,5360.56006915,222.90
2017-07-25T04:00:00.000Z,222.90,226.00,210.27,211.00,24738.06109733,211.00
2017-07-25T08:00:00.000Z,211.00,217.94,201.20,205.98,38286.80283928,205.98
2017-07-25T12:00:00.000Z,204.01,209.94,202.00,206.75,23605.87935168,206.75
2017-07-25T16:00:00.000Z,206.79,207.50,194.53,197.50,36053.49505471,197.50
2017-07-25T20:00:00.000Z,197.50,206.99,191.71,204.00,43097.35834891,204.00
2017-07-26T00:00:00.000Z,203.04,209.00,195.62,198.50,24534.96494831,198.50
2017-07-26T04:00:00.000Z,198.50,202.30,193.21,196.98,22603.13067232,196.98
2017-07-26T08:00:00.000Z,196.41,205.99,196.19,205.99,18050.52845225,205.99
2017-07-26T12:00:00.000Z,205.99,207.49,195.86,195.86,21598.01614924,195.86
2017-07-26T16:00:00.000Z,195.86,200.98,195.10,198.00,19140.73359114,198.00
2017-07-26T20:00:00.000Z,198.49,203.00,198.00,202.21,11143.37385778,202.21
2017-07-27T00:00:00.000Z,202.22,204.27,198.64,201.88,9583.55501335,201.88
2017-07-27T04:00:00.000Z,201.88,203.99,198.64,200.42,9854.13227762,200.42
2017-07-27T08:00:00.000Z,200.02,205.59,200.02,204.79,14317.86081800,204.79
2017-07-27T12:00:00.000Z,204.79,205.00,198.70,199.99,11693.54307791,199.99
2017-07-27T16:00:00.000Z,199.99,201.48,199.00,200.16,9361.02642743,200.16
2017-07-27T20:00:00.000Z,200.00,204.55,199.00,203.09,13090.12514977,203.09
2017-07-28T00:00:00.000Z,203.09,204.38,201.29,202.29,9077.21979628,202.29
2017-07-28T04:00:00.000Z,202.29,203.79,199.70,200.55,8940.41582803,200.55
2017-07-28T08:00:00.000Z,200.55,201.70,188.46,190.00,22000.13971945,190.00
2017-07-28T12:00:00.000Z,190.00,198.49,190.00,195.98,27578.54163258,195.98
2017-07-28T16:00:00.000Z,195.98,195.98,192.45,194.89,10627.36117000,194.89
2017-07-28T20:00:00.000Z,194.89,195.85,191.22,191.54,11034.07603184,191.54
2017-07-29T00:00:00.000Z,191.98,193.59,185.00,185.27,20933.39886926,185.27
2017-07-29T04:00:00.000Z,185.27,187.00,183.48,183.99,19786.42130130,183.99
2017-07-29T08:00:00.000Z,183.50,185.93,177.80,181.90,28390.34377187,181.90
2017-07-29T12:00:00.000Z,181.90,185.32,180.60,183.31,16620.59179009,183.31
2017-07-29T16:00:00.000Z,183.31,200.00,182.42,195.31,39534.20158192,195.31
2017-07-29T20:00:00.000Z,195.46,210.27,194.00,207.14,39843.65650656,207.14
2017-07-30T00:00:00.000Z,207.14,210.99,198.20,202.45,25187.11509473,202.45
2017-07-30T04:00:00.000Z,201.66,203.89,195.80,198.74,16435.24025473,198.74
2017-07-30T08:00:00.000Z,198.30,203.79,195.80,202.11,9803.46944387,202.11
2017-07-30T12:00:00.000Z,202.79,205.99,197.80,199.90,12499.51270125,199.90
2017-07-30T16:00:00.000Z,199.90,202.89,198.05,200.03,7584.17404756,200.03
2017-07-30T20:00:00.000Z,200.03,201.49,196.52,198.45,5917.23540125,198.45
2017-07-31T00:00:00.000Z,198.45,198.49,193.68,198.00,7176.61687934,198.00
2017-07-31T04:00:00.000Z,197.23,199.79,195.12,196.89,4403.14375828,196.89
2017-07-31T08:00:00.000Z,196.71,198.10,191.90,192.30,13072.57245301,192.30
2017-07-31T12:00:00.000Z,192.30,195.60,190.19,194.90,14571.12878861,194.90
2017-07-31T16:00:00.000Z,194.99,203.00,194.70,198.99,15471.23035343,198.99
2017-07-31T20:00:00.000Z,198.99,203.00,197.00,201.77,10700.69532058,201.77
2017-08-01T00:00:00.000Z,201.77,211.51,201.69,211.00,23362.85104629,211.00
2017-08-01T04:00:00.000Z,210.22,228.00,210.22,220.00,47081.65047127,220.00
2017-08-01T08:00:00.000Z,220.00,224.69,212.40,212.70,23578.88341653,212.70
2017-08-01T12:00:00.000Z,212.75,226.99,211.50,216.60,28422.36688793,216.60
2017-08-01T16:00:00.000Z,216.60,237.65,214.00,229.98,40535.71935823,229.98
2017-08-01T20:00:00.000Z,229.98,232.03,223.40,226.25,14155.48025851,226.25
2017-08-02T00:00:00.000Z,226.25,229.35,223.00,226.00,2865.13972530,226.00
2017-08-02T04:00:00.000Z,226.05,227.19,221.40,222.00,8780.31253529,222.00
2017-08-02T08:00:00.000Z,221.81,224.26,216.40,220.94,16539.32026950,220.94
2017-08-02T12:00:00.000Z,221.16,221.16,216.00,218.02,22337.39258192,218.02
2017-08-02T16:00:00.000Z,218.02,223.49,218.00,219.50,15700.83282099,219.50
2017-08-02T20:00:00.000Z,218.41,219.49,215.50,218.48,15263.06408546,218.48
2017-08-03T00:00:00.000Z,218.48,220.50,217.56,218.89,9808.83551457,218.89
2017-08-03T04:00:00.000Z,218.89,224.90,218.09,223.70,9760.66748868,223.70
2017-08-03T08:00:00.000Z,223.70,227.50,222.00,226.50,15161.98772670,226.50
2017-08-03T12:00:00.000Z,226.77,227.99,223.10,224.69,15549.25885887,224.69
2017-08-03T16:00:00.000Z,224.99,225.79,222.20,224.99,8494.58307972,224.99
2017-08-03T20:00:00.000Z,224.42,225.59,223.10,225.40,5728.77215334,225.40
2017-08-04T00:00:00.000Z,225.09,228.60,224.70,225.40,9935.45410155,225.40
2017-08-04T04:00:00.000Z,225.53,226.85,224.20,225.26,6946.55354023,225.26
2017-08-04T08:00:00.000Z,225.26,226.70,221.01,223.00,9075.23424190,223.00
2017-08-04T12:00:00.000Z,223.00,225.19,222.59,223.09,4810.35425781,223.09
2017-08-04T16:00:00.000Z,223.00,224.45,220.50,223.30,12373.38009536,223.30
2017-08-04T20:00:00.000Z,223.49,224.00,222.10,222.50,9818.58807192,222.50
2017-08-05T00:00:00.000Z,222.50,229.00,221.00,227.34,12227.02968679,227.34
2017-08-05T04:00:00.000Z,227.25,236.42,226.00,235.00,25521.07159715,235.00
2017-08-05T08:00:00.000Z,235.60,245.00,233.50,240.20,23890.45910184,240.20
2017-08-05T12:00:00.000Z,240.20,244.99,237.90,242.51,18384.06106041,242.51
2017-08-05T16:00:00.000Z,242.50,259.16,241.60,250.10,34894.05561139,250.10
2017-08-05T20:00:00.000Z,250.10,253.95,243.10,253.50,13827.14192476,253.50
2017-08-06T00:00:00.000Z,253.59,268.00,253.00,258.50,32563.70143033,258.50
2017-08-06T04:00:00.000Z,258.50,261.62,255.00,255.19,11786.85054296,255.19
2017-08-06T08:00:00.000Z,255.19,262.00,255.10,258.70,7647.78913492,258.70
2017-08-06T12:00:00.000Z,258.99,263.98,257.50,262.49,7681.28403534,262.49
2017-08-06T16:00:00.000Z,262.50,267.45,262.00,265.30,14630.55770579,265.30
2017-08-06T20:00:00.000Z,265.80,274.00,265.00,265.67,22919.36730678,265.67
2017-08-07T00:00:00.000Z,265.67,268.20,258.35,265.99,20215.63105418,265.99
2017-08-07T04:00:00.000Z,266.25,266.78,261.40,262.50,6618.51151421,262.50
2017-08-07T08:00:00.000Z,262.98,270.95,260.10,270.34,14011.57456943,270.34
2017-08-07T12:00:00.000Z,269.53,274.31,268.12,272.48,16432.76478804,272.48
2017-08-07T16:00:00.000Z,272.89,274.49,265.60,268.99,13248.08599835,268.99
2017-08-07T20:00:00.000Z,268.99,269.99,266.00,269.80,6148.19016447,269.80
2017-08-08T00:00:00.000Z,269.80,272.69,266.43,272.23,8472.46168566,272.23
2017-08-08T04:00:00.000Z,271.89,273.73,269.87,272.21,9395.39855193,272.21
2017-08-08T08:00:00.000Z,272.79,279.87,272.79,279.00,15928.50684322,279.00
2017-08-08T12:00:00.000Z,278.99,289.99,278.76,289.00,35561.33116108,289.00
2017-08-08T16:00:00.000Z,289.48,292.48,284.60,291.98,15867.92095046,291.98
2017-08-08T20:00:00.000Z,291.98,298.33,291.51,296.98,19764.97627450,296.98
2017-08-09T00:00:00.000Z,296.98,315.12,295.77,315.00,33263.98306439,315.00
2017-08-09T04:00:00.000Z,315.12,316.92,298.00,305.99,25809.98138740,305.99
2017-08-09T08:00:00.000Z,305.99,305.99,283.00,295.99,30364.68808953,295.99
2017-08-09T12:00:00.000Z,295.99,302.23,280.21,287.00,33247.52079715,287.00
2017-08-09T16:00:00.000Z,287.00,298.88,284.97,295.47,15974.68050649,295.47
2017-08-09T20:00:00.000Z,295.47,307.05,293.20,297.78,22298.86272395,297.78
2017-08-10T00:00:00.000Z,297.97,302.09,291.00,294.50,10134.70152780,294.50
2017-08-10T04:00:00.000Z,294.50,301.99,292.88,300.21,11636.46691618,300.21
2017-08-10T08:00:00.000Z,300.52,310.00,300.13,308.77,10709.16070708,308.77
2017-08-10T12:00:00.000Z,308.76,312.44,305.90,312.00,12156.33357466,312.00
2017-08-10T16:00:00.000Z,312.00,312.97,305.00,306.18,14456.06543325,306.18
2017-08-10T20:00:00.000Z,306.16,308.00,300.12,300.20,10642.89034344,300.20
2017-08-11T00:00:00.000Z,300.21,304.89,297.50,302.99,12280.56300264,302.99
2017-08-11T04:00:00.000Z,302.99,305.97,301.31,304.23,5099.58815644,304.23
2017-08-11T08:00:00.000Z,305.00,305.28,298.82,300.10,6588.01331348,300.10
2017-08-11T12:00:00.000Z,300.10,303.00,296.10,300.46,12527.73325625,300.46
2017-08-11T16:00:00.000Z,299.95,305.90,299.60,302.10,8489.95257046,302.10
2017-08-11T20:00:00.000Z,302.10,312.00,300.12,310.00,10996.40645016,310.00
2017-08-12T00:00:00.000Z,310.00,319.23,309.00,316.99,20065.70077272,316.99
2017-08-12T04:00:00.000Z,316.99,318.98,314.00,315.40,7250.86577530,315.40
2017-08-12T08:00:00.000Z,315.40,317.50,312.25,313.77,7546.19597973,313.77
2017-08-12T12:00:00.000Z,313.77,320.00,312.11,316.79,7061.17319681,316.79
2017-08-12T16:00:00.000Z,317.00,319.50,311.57,314.98,9819.30641512,314.98
2017-08-12T20:00:00.000Z,314.99,315.99,303.70,309.50,15450.21890261,309.50
2017-08-13T00:00:00.000Z,309.65,310.99,291.37,298.70,31016.12438863,298.70
2017-08-13T04:00:00.000Z,301.64,306.99,297.10,297.10,9552.34272068,297.10
2017-08-13T08:00:00.000Z,297.29,299.50,292.00,293.00,12664.27453505,293.00
2017-08-13T12:00:00.000Z,293.70,298.99,288.30,297.52,9498.84388334,297.52
2017-08-13T16:00:00.000Z,297.82,298.99,291.30,291.98,7787.40515364,291.98
2017-08-13T20:00:00.000Z,291.99,298.40,291.40,298.00,5044.80872602,298.00
2017-08-14T00:00:00.000Z,297.99,306.42,294.00,302.50,9779.18240756,302.50
2017-08-14T04:00:00.000Z,302.50,306.12,299.50,303.01,5845.09139491,303.01
2017-08-14T08:00:00.000Z,303.20,304.75,297.10,302.25,6635.86794676,302.25
2017-08-14T12:00:00.000Z,302.99,303.50,295.00,296.00,8081.13049832,296.00
2017-08-14T16:00:00.000Z,296.50,304.10,295.00,302.99,9908.07055865,302.99
2017-08-14T20:00:00.000Z,303.00,303.60,296.12,302.70,6527.02783842,302.70
2017-08-15T00:00:00.000Z,302.70,302.70,292.50,294.70,7260.96131121,294.70
2017-08-15T04:00:00.000Z,294.70,296.68,290.00,294.24,7630.57085327,294.24
2017-08-15T08:00:00.000Z,294.00,297.50,283.34,288.00,10770.76903432,288.00
2017-08-15T12:00:00.000Z,287.99,287.99,271.00,280.10,23732.80903608,280.10
2017-08-15T16:00:00.000Z,280.99,289.39,276.10,285.87,12487.47087806,285.87
2017-08-15T20:00:00.000Z,285.87,289.00,281.21,286.65,7369.08733124,286.65
2017-08-16T00:00:00.000Z,286.65,293.71,283.17,287.00,6458.56214991,287.00
2017-08-16T04:00:00.000Z,286.99,287.50,280.90,286.50,4714.84684032,286.50
2017-08-16T08:00:00.000Z,286.50,300.00,285.50,298.59,8433.07125431,298.59
2017-08-16T12:00:00.000Z,298.59,304.39,293.71,301.87,15171.17086010,301.87
2017-08-16T16:00:00.000Z,301.87,303.79,298.10,299.00,8040.43839886,299.00
2017-08-16T20:00:00.000Z,299.00,302.97,298.01,302.25,4959.35961310,302.25
2017-08-17T00:00:00.000Z,302.25,307.00,299.50,301.17,6414.12289775,301.17
2017-08-17T04:00:00.000Z,301.17,309.33,299.59,307.88,5108.32165622,307.88
2017-08-17T08:00:00.000Z,309.00,311.69,307.63,308.51,10574.27208235,308.51
2017-08-17T12:00:00.000Z,309.00,309.90,299.99,302.60,9220.95383394,302.60
2017-08-17T16:00:00.000Z,302.99,303.39,297.00,301.00,9178.38509657,301.00
2017-08-17T20:00:00.000Z,300.99,305.50,300.17,300.79,4130.87859352,300.79
2017-08-18T00:00:00.000Z,300.99,302.80,295.30,301.80,8387.59223251,301.80
2017-08-18T04:00:00.000Z,301.99,306.49,299.00,305.00,4730.16051873,305.00
2017-08-18T08:00:00.000Z,304.99,305.99,301.00,305.98,8953.74887839,305.98
2017-08-18T12:00:00.000Z,305.98,305.99,298.00,298.99,7440.60397702,298.99
2017-08-18T16:00:00.000Z,298.99,301.31,291.12,294.68,11521.34375889,294.68
2017-08-18T20:00:00.000Z,294.04,299.99,287.64,293.00,13160.53738701,293.00
2017-08-19T00:00:00.000Z,293.00,300.92,289.99,296.50,5138.05243190,296.50
2017-08-19T04:00:00.000Z,296.50,299.20,291.00,292.00,2411.01068660,292.00
2017-08-19T08:00:00.000Z,293.11,295.79,285.78,286.00,6698.41986249,286.00
2017-08-19T12:00:00.000Z,286.00,295.40,285.75,288.99,9589.02337165,288.99
2017-08-19T16:00:00.000Z,288.00,298.19,288.00,292.43,7952.63501188,292.43
2017-08-19T20:00:00.000Z,292.43,298.00,291.16,294.62,3363.58779020,294.62
2017-08-20T00:00:00.000Z,294.62,295.00,290.00,291.00,5508.74816698,291.00
2017-08-20T04:00:00.000Z,290.75,295.00,290.00,294.37,2779.10929621,294.37
2017-08-20T08:00:00.000Z,294.37,295.00,292.51,293.89,2051.10093257,293.89
2017-08-20T12:00:00.000Z,293.89,296.42,292.07,294.98,3595.31832740,294.98
2017-08-20T16:00:00.000Z,294.98,298.18,294.11,297.50,5437.66399022,297.50
2017-08-20T20:00:00.000Z,297.69,299.59,294.50,299.44,3507.11728349,299.44
2017-08-21T00:00:00.000Z,298.49,299.97,296.10,298.71,4888.31451583,298.71
2017-08-21T04:00:00.000Z,298.73,326.99,297.50,317.24,34666.62112947,317.24
2017-08-21T08:00:00.000Z,316.60,334.98,316.00,331.60,14911.85441249,331.60
2017-08-21T12:00:00.000Z,333.39,345.99,326.08,334.66,30610.74468482,334.66
2017-08-21T16:00:00.000Z,336.30,337.99,326.94,330.00,14056.07706057,330.00
2017-08-21T20:00:00.000Z,329.99,330.00,320.00,321.99,9173.24159805,321.99
2017-08-22T00:00:00.000Z,321.99,330.99,312.00,312.00,13950.67735935,312.00
2017-08-22T04:00:00.000Z,312.00,314.58,295.12,305.74,25861.28464931,305.74
2017-08-22T08:00:00.000Z,305.74,318.49,302.48,314.21,7543.61337917,314.21
2017-08-22T12:00:00.000Z,314.21,315.00,305.00,310.15,10076.41551487,310.15
2017-08-22T16:00:00.000Z,311.00,322.40,310.15,311.69,15490.08858870,311.69
2017-08-22T20:00:00.000Z,311.55,317.40,310.11,314.52,6508.06621183,314.52
2017-08-23T00:00:00.000Z,314.87,319.99,314.17,318.99,6270.40658801,318.99
2017-08-23T04:00:00.000Z,318.69,325.01,318.20,324.00,13280.58803880,324.00
2017-08-23T08:00:00.000Z,324.99,328.00,320.52,322.50,5371.32229274,322.50
2017-08-23T12:00:00.000Z,322.64,325.08,318.39,320.88,5083.06288189,320.88
2017-08-23T16:00:00.000Z,320.88,324.00,318.00,318.99,5736.10326966,318.99
2017-08-23T20:00:00.000Z,318.99,319.99,315.30,317.31,5108.51664991,317.31
2017-08-24T00:00:00.000Z,317.31,319.91,316.00,319.91,4588.24926679,319.91
2017-08-24T04:00:00.000Z,319.91,322.75,317.14,322.58,2809.95524041,322.58
2017-08-24T08:00:00.000Z,322.58,327.49,322.00,326.99,3928.61627129,326.99
2017-08-24T12:00:00.000Z,326.99,328.00,324.00,324.99,7503.50203294,324.99
2017-08-24T16:00:00.000Z,325.00,326.49,321.55,323.12,6411.94216200,323.12
2017-08-24T20:00:00.000Z,323.49,326.88,322.20,326.64,5025.49249276,326.64
2017-08-25T00:00:00.000Z,326.64,330.00,325.02,329.85,8862.48879414,329.85
2017-08-25T04:00:00.000Z,329.71,337.74,329.49,334.49,8835.20789703,334.49
2017-08-25T08:00:00.000Z,333.71,336.00,331.00,332.50,3533.45481183,332.50
2017-08-25T12:00:00.000Z,332.49,337.77,331.00,334.12,6554.70553592,334.12
2017-08-25T16:00:00.000Z,335.94,339.66,330.00,331.40,9344.06618226,331.40
2017-08-25T20:00:00.000Z,330.49,334.84,328.51,331.20,4292.89668280,331.20
2017-08-26T00:00:00.000Z,331.20,333.98,327.00,328.24,5131.79893740,328.24
2017-08-26T04:00:00.000Z,328.21,332.00,327.00,331.99,4771.98739929,331.99
2017-08-26T08:00:00.000Z,331.99,333.00,326.64,329.50,3227.92683897,329.50
2017-08-26T12:00:00.000Z,329.50,335.50,326.29,328.45,11635.23542246,328.45
2017-08-26T16:00:00.000Z,328.45,332.00,326.50,331.99,3404.09970477,331.99
2017-08-26T20:00:00.000Z,331.99,333.00,330.52,332.65,2982.09368347,332.65
2017-08-27T00:00:00.000Z,332.65,336.00,331.86,332.82,4773.38706996,332.82
2017-08-27T04:00:00.000Z,332.82,336.21,332.82,335.86,3283.56669430,335.86
2017-08-27T08:00:00.000Z,335.28,336.57,333.11,336.30,2519.70621736,336.30
2017-08-27T12:00:00.000Z,335.99,336.20,334.00,336.20,3382.93142012,336.20
2017-08-27T16:00:00.000Z,336.20,340.00,335.00,340.00,8321.97812546,340.00
2017-08-27T20:00:00.000Z,339.98,347.85,337.95,347.60,15592.08270398,347.60
2017-08-28T00:00:00.000Z,347.60,349.86,341.00,344.00,14207.78122275,344.00
2017-08-28T04:00:00.000Z,344.50,344.99,334.93,340.99,16880.54682716,340.99
2017-08-28T08:00:00.000Z,340.90,342.84,339.48,341.27,6921.48697381,341.27
2017-08-28T12:00:00.000Z,340.84,344.50,340.00,344.21,8500.03894186,344.21
2017-08-28T16:00:00.000Z,344.21,345.00,342.34,344.87,4242.84526292,344.87
2017-08-28T20:00:00.000Z,344.50,348.40,343.00,347.54,5684.96659139,347.54
2017-08-29T00:00:00.000Z,347.75,349.87,346.30,349.64,4884.95077484,349.64
2017-08-29T04:00:00.000Z,349.64,355.00,348.95,353.42,12598.99037882,353.42
2017-08-29T08:00:00.000Z,353.42,365.00,353.28,358.82,17414.67001125,358.82
2017-08-29T12:00:00.000Z,359.44,365.90,358.30,364.50,11721.42039154,364.50
2017-08-29T16:00:00.000Z,364.30,374.11,364.06,368.95,16509.26655232,368.95
2017-08-29T20:00:00.000Z,368.95,374.74,367.14,371.99,14086.55631988,371.99
2017-08-30T00:00:00.000Z,371.97,373.39,366.00,373.39,6112.95469638,373.39
2017-08-30T04:00:00.000Z,373.39,389.50,373.39,377.10,18608.05456424,377.10
2017-08-30T08:00:00.000Z,377.10,382.95,363.98,375.75,11488.73124967,375.75
2017-08-30T12:00:00.000Z,375.75,383.99,374.92,380.00,8349.18810590,380.00
2017-08-30T16:00:00.000Z,380.00,387.73,380.00,385.10,9105.26229089,385.10
2017-08-30T20:00:00.000Z,385.10,387.07,380.00,383.50,6563.29999287,383.50
2017-08-31T00:00:00.000Z,383.50,386.98,380.27,386.00,4078.09207746,386.00
2017-08-31T04:00:00.000Z,386.00,387.00,381.24,382.04,5363.93137063,382.04
2017-08-31T08:00:00.000Z,382.94,385.88,381.00,383.71,4545.19627990,383.71
2017-08-31T12:00:00.000Z,384.05,390.00,383.10,385.79,10982.44812367,385.79
2017-08-31T16:00:00.000Z,385.74,389.70,385.00,386.10,8801.14224260,386.10
2017-08-31T20:00:00.000Z,386.10,389.00,385.29,388.00,4481.01161433,388.00
2017-09-01T00:00:00.000Z,388.64,394.97,388.00,394.28,7983.49250636,394.28
2017-09-01T04:00:00.000Z,394.00,395.00,387.00,391.72,8758.33448245,391.72
2017-09-01T08:00:00.000Z,392.21,394.07,390.50,391.97,8193.01359370,391.97
2017-09-01T12:00:00.000Z,390.75,394.90,390.00,392.03,7381.84496906,392.03
2017-09-01T16:00:00.000Z,392.93,394.99,390.85,392.80,8623.66313829,392.80
2017-09-01T20:00:00.000Z,392.80,393.25,390.00,390.00,7241.14544422,390.00
2017-09-02T00:00:00.000Z,390.50,391.00,376.80,377.12,12630.55529197,377.12
2017-09-02T04:00:00.000Z,377.12,383.61,351.00,368.13,30587.26295812,368.13
2017-09-02T08:00:00.000Z,371.24,371.24,355.15,361.97,16141.99230142,361.97
2017-09-02T12:00:00.000Z,361.98,365.43,338.02,350.00,22059.65205201,350.00
2017-09-02T16:00:00.000Z,350.01,352.94,342.43,343.00,13681.28065221,343.00
2017-09-02T20:00:00.000Z,343.00,354.96,326.15,354.88,29614.98521495,354.88
2017-09-03T00:00:00.000Z,354.88,360.86,348.00,355.50,12036.09291554,355.50
2017-09-03T04:00:00.000Z,355.50,372.00,355.50,359.51,15959.50273177,359.51
2017-09-03T08:00:00.000Z,359.00,367.64,343.00,347.63,12477.93778039,347.63
2017-09-03T12:00:00.000Z,346.99,352.70,338.00,343.00,14224.89034026,343.00
2017-09-03T16:00:00.000Z,342.98,353.99,341.00,349.02,8411.43043795,349.02
2017-09-03T20:00:00.000Z,349.02,355.87,346.52,354.99,7720.30063425,354.99
2017-09-04T00:00:00.000Z,354.30,354.30,347.25,349.01,6477.00869948,349.01
2017-09-04T04:00:00.000Z,349.08,349.13,328.31,328.31,8577.70199176,328.31
2017-09-04T08:00:00.000Z,328.31,328.50,303.34,303.34,36459.64879055,303.34
2017-09-04T12:00:00.000Z,303.34,309.44,283.67,297.73,54121.63514949,297.73
2017-09-04T16:00:00.000Z,294.99,317.25,281.30,311.78,39162.66594733,311.78
2017-09-04T20:00:00.000Z,310.00,336.58,305.65,307.96,31645.94685935,307.96
2017-09-05T00:00:00.000Z,307.00,310.89,284.07,289.98,23762.01687846,289.98
2017-09-05T04:00:00.000Z,289.98,308.87,288.00,308.00,15476.73575034,308.00
2017-09-05T08:00:00.000Z,308.00,315.00,302.00,309.20,15124.12819949,309.20
2017-09-05T12:00:00.000Z,309.98,319.89,305.30,308.25,14120.15762221,308.25
2017-09-05T16:00:00.000Z,307.02,329.99,305.01,325.05,17866.64955202,325.05
2017-09-05T20:00:00.000Z,325.94,328.87,315.21,322.98,14669.36766529,322.98
2017-09-06T00:00:00.000Z,322.98,338.00,322.41,333.00,14222.40328237,333.00
2017-09-06T04:00:00.000Z,333.57,340.00,323.02,336.13,19483.20291109,336.13
2017-09-06T08:00:00.000Z,336.47,346.87,336.13,343.29,11503.47576948,343.29
2017-09-06T12:00:00.000Z,343.29,345.00,334.50,342.00,10315.05549299,342.00
2017-09-06T16:00:00.000Z,342.00,348.04,337.22,338.83,15010.82396694,338.83
2017-09-06T20:00:00.000Z,339.00,342.74,335.55,341.84,8390.03438900,341.84
2017-09-07T00:00:00.000Z,341.59,342.51,327.52,331.77,14025.54832957,331.77
2017-09-07T04:00:00.000Z,331.46,335.49,325.00,328.00,8341.43592107,328.00
2017-09-07T08:00:00.000Z,328.00,338.30,326.03,334.50,10514.43674000,334.50
2017-09-07T12:00:00.000Z,334.50,341.00,334.12,340.00,8205.00085794,340.00
2017-09-07T16:00:00.000Z,340.34,341.76,334.03,337.88,8457.25120958,337.88
2017-09-07T20:00:00.000Z,337.88,340.80,335.17,337.96,4598.17618801,337.96
2017-09-08T00:00:00.000Z,337.33,337.96,331.14,333.00,5943.11275319,333.00
2017-09-08T04:00:00.000Z,333.06,335.91,331.65,334.24,5225.61848707,334.24
2017-09-08T08:00:00.000Z,333.91,336.68,332.10,334.28,3301.38221407,334.28
2017-09-08T12:00:00.000Z,334.00,334.58,301.84,314.04,36259.61453738,314.04
2017-09-08T16:00:00.000Z,315.00,320.00,301.10,301.10,23027.63368230,301.10
2017-09-08T20:00:00.000Z,301.10,314.48,295.22,310.27,19728.29148168,310.27
2017-09-09T00:00:00.000Z,310.49,310.49,300.10,305.30,10388.80782242,305.30
2017-09-09T04:00:00.000Z,305.30,312.00,302.00,308.00,5290.87988253,308.00
2017-09-09T08:00:00.000Z,308.00,309.00,304.00,308.97,4105.57092339,308.97
2017-09-09T12:00:00.000Z,308.97,310.00,302.20,305.55,7330.24822360,305.55
2017-09-09T16:00:00.000Z,304.83,306.99,293.50,302.85,10928.23632200,302.85
2017-09-09T20:00:00.000Z,302.87,308.19,299.00,304.74,7494.15855986,304.74
2017-09-10T00:00:00.000Z,305.50,305.74,295.00,297.50,6940.27669464,297.50
2017-09-10T04:00:00.000Z,297.40,300.00,286.00,290.86,16050.07618170,290.86
2017-09-10T08:00:00.000Z,290.88,293.41,285.52,291.36,8935.63669549,291.36
2017-09-10T12:00:00.000Z,291.00,299.99,290.04,298.00,9876.27236848,298.00
2017-09-10T16:00:00.000Z,297.90,311.20,293.11,309.99,13209.56983440,309.99
2017-09-10T20:00:00.000Z,309.06,310.50,300.39,301.54,10485.50259457,301.54
2017-09-11T00:00:00.000Z,301.54,311.89,298.00,309.89,9873.90802602,309.89
2017-09-11T04:00:00.000Z,309.50,309.50,290.00,293.00,23579.96295182,293.00
2017-09-11T08:00:00.000Z,293.00,298.00,290.44,294.99,8994.30254783,294.99
2017-09-11T12:00:00.000Z,294.91,301.00,294.00,299.98,7361.89622915,299.98
2017-09-11T16:00:00.000Z,299.95,303.57,296.00,296.46,5103.37766196,296.46
2017-09-11T20:00:00.000Z,296.80,299.33,292.61,297.64,5266.79169819,297.64
2017-09-12T00:00:00.000Z,297.64,303.97,296.58,302.39,8918.10347045,302.39
2017-09-12T04:00:00.000Z,302.67,317.98,301.35,316.01,17280.14676253,316.01
2017-09-12T08:00:00.000Z,316.01,317.73,304.50,310.97,10289.63197803,310.97
2017-09-12T12:00:00.000Z,311.40,312.90,302.40,303.10,6864.62548554,303.10
2017-09-12T16:00:00.000Z,303.11,307.57,287.98,296.20,23554.63127882,296.20
2017-09-12T20:00:00.000Z,296.00,298.13,291.11,294.00,9903.73042466,294.00
2017-09-13T00:00:00.000Z,294.31,294.90,275.01,277.62,33124.78231687,277.62
2017-09-13T04:00:00.000Z,277.62,286.85,270.12,280.62,30751.93861659,280.62
2017-09-13T08:00:00.000Z,280.60,281.98,261.50,262.00,25007.73270606,262.00
2017-09-13T12:00:00.000Z,262.00,274.84,257.00,267.89,36915.11597877,267.89
2017-09-13T16:00:00.000Z,267.87,278.01,265.23,267.90,21004.59736876,267.90
2017-09-13T20:00:00.000Z,267.90,283.50,266.03,276.21,14189.87027632,276.21
2017-09-14T00:00:00.000Z,276.24,281.00,270.08,272.75,11435.97430242,272.75
2017-09-14T04:00:00.000Z,271.00,276.94,269.00,273.66,8928.21639659,273.66
2017-09-14T08:00:00.000Z,273.25,276.34,252.10,252.30,36471.43265705,252.30
2017-09-14T12:00:00.000Z,252.30,256.76,235.00,243.00,55624.87356581,243.00
2017-09-14T16:00:00.000Z,243.47,245.62,218.31,235.10,71136.00346128,235.10
2017-09-14T20:00:00.000Z,235.00,241.72,221.69,223.85,31833.42286041,223.85
2017-09-15T00:00:00.000Z,223.10,242.88,223.10,235.99,36568.11191227,235.99
2017-09-15T04:00:00.000Z,235.99,237.67,215.00,218.65,34270.20496452,218.65
2017-09-15T08:00:00.000Z,218.65,224.85,202.00,203.09,50838.21511242,203.09
2017-09-15T12:00:00.000Z,203.07,265.00,201.28,259.94,78392.30355483,259.94
2017-09-15T16:00:00.000Z,258.50,266.50,241.15,259.09,48234.73447236,259.09
2017-09-15T20:00:00.000Z,259.09,267.39,255.07,259.42,27817.64852093,259.42
2017-09-16T00:00:00.000Z,259.42,266.56,258.61,263.90,15298.62198784,263.90
2017-09-16T04:00:00.000Z,264.00,274.90,262.59,269.18,25231.81358955,269.18
2017-09-16T08:00:00.000Z,269.18,272.00,251.10,259.94,20548.22194824,259.94
2017-09-16T12:00:00.000Z,259.00,261.26,247.00,248.94,22070.87970748,248.94
2017-09-16T16:00:00.000Z,248.39,261.13,248.16,256.83,13847.36726584,256.83
2017-09-16T20:00:00.000Z,256.85,259.00,252.06,254.81,9606.00388231,254.81
2017-09-17T00:00:00.000Z,254.81,255.00,250.10,252.13,7558.64166421,252.13
2017-09-17T04:00:00.000Z,252.03,252.97,243.01,243.59,7913.12372654,243.59
2017-09-17T08:00:00.000Z,243.58,252.00,240.00,248.60,11934.73643972,248.60
2017-09-17T12:00:00.000Z,248.59,257.35,246.30,256.40,10552.70252093,256.40
2017-09-17T16:00:00.000Z,256.68,266.00,255.62,263.29,12567.18570036,263.29
2017-09-17T20:00:00.000Z,263.29,265.17,256.84,259.10,10464.76265227,259.10
2017-09-18T00:00:00.000Z,259.11,286.00,259.00,282.29,31486.92001427,282.29
2017-09-18T04:00:00.000Z,282.00,295.00,280.06,288.66,24248.05353499,288.66
2017-09-18T08:00:00.000Z,289.01,292.42,285.00,290.00,10161.33657165,290.00
2017-09-18T12:00:00.000Z,288.90,301.44,287.00,292.00,36790.38444405,292.00
2017-09-18T16:00:00.000Z,292.61,295.83,286.66,292.09,15888.98663408,292.09
2017-09-18T20:00:00.000Z,292.09,297.98,287.47,297.98,10006.44384694,297.98
2017-09-19T00:00:00.000Z,297.96,300.00,287.52,290.40,16395.37047263,290.40
2017-09-19T04:00:00.000Z,290.82,290.82,278.12,282.26,33531.97729093,282.26
2017-09-19T08:00:00.000Z,282.07,294.77,281.17,288.38,12251.54870058,288.38
2017-09-19T12:00:00.000Z,288.86,294.00,284.77,292.47,13195.66451790,292.47
2017-09-19T16:00:00.000Z,292.47,293.91,282.45,285.02,11320.99949839,285.02
2017-09-19T20:00:00.000Z,284.61,286.81,278.13,282.61,19745.80788148,282.61
2017-09-20T00:00:00.000Z,282.70,286.00,280.00,280.24,8017.49466218,280.24
2017-09-20T04:00:00.000Z,280.95,287.57,276.58,286.26,11701.90089698,286.26
2017-09-20T08:00:00.000Z,286.26,287.00,281.83,284.00,2833.31301643,284.00
2017-09-20T12:00:00.000Z,284.01,294.97,284.00,291.38,14962.66145661,291.38
2017-09-20T16:00:00.000Z,291.38,293.45,285.00,287.16,6361.33070398,287.16
2017-09-20T20:00:00.000Z,286.60,289.80,282.00,282.36,8180.92914839,282.36
2017-09-21T00:00:00.000Z,282.79,285.31,280.11,280.78,7476.71321280,280.78
2017-09-21T04:00:00.000Z,280.78,287.75,280.10,285.92,3966.82120038,285.92
2017-09-21T08:00:00.000Z,285.92,287.45,280.61,284.48,3470.34667746,284.48
2017-09-21T12:00:00.000Z,284.29,285.32,267.77,272.00,13399.00047569,272.00
2017-09-21T16:00:00.000Z,271.92,272.87,252.70,256.00,28284.09247885,256.00
2017-09-21T20:00:00.000Z,255.92,266.48,250.11,258.80,26869.67531574,258.80
2017-09-22T00:00:00.000Z,258.80,268.00,257.00,268.00,10818.54365269,268.00
2017-09-22T04:00:00.000Z,268.00,271.49,264.18,265.00,12495.03517715,265.00
2017-09-22T08:00:00.000Z,265.00,265.00,255.13,256.12,9925.57166680,256.12
2017-09-22T12:00:00.000Z,256.08,262.70,253.87,254.92,15410.32058955,254.92
2017-09-22T16:00:00.000Z,254.69,261.01,253.58,260.99,11207.10067945,260.99
2017-09-22T20:00:00.000Z,260.95,265.70,260.35,262.92,8275.60850281,262.92
2017-09-23T00:00:00.000Z,262.91,265.21,258.26,262.97,5892.66992810,262.97
2017-09-23T04:00:00.000Z,262.96,269.24,262.64,267.48,9100.02953139,267.48
2017-09-23T08:00:00.000Z,267.87,285.14,267.87,285.14,17821.13229562,285.14
2017-09-23T12:00:00.000Z,285.14,286.73,277.03,279.29,14716.30635494,279.29
2017-09-23T16:00:00.000Z,279.29,284.99,278.53,283.59,14158.03533032,283.59
2017-09-23T20:00:00.000Z,283.60,286.96,281.10,285.99,6458.84766039,285.99
2017-09-24T00:00:00.000Z,285.92,294.70,284.00,293.80,22409.20191316,293.80
2017-09-24T04:00:00.000Z,293.50,293.50,276.47,280.28,22668.05787892,280.28
2017-09-24T08:00:00.000Z,281.02,285.00,278.01,283.37,6918.81590053,283.37
2017-09-24T12:00:00.000Z,283.32,288.80,283.00,286.91,4723.30539976,286.91
2017-09-24T16:00:00.000Z,286.91,288.57,280.00,286.06,8201.91461160,286.06
2017-09-24T20:00:00.000Z,285.54,288.00,282.07,282.95,4991.14142042,282.95
2017-09-25T00:00:00.000Z,282.50,292.37,282.42,288.02,12813.42554268,288.02
2017-09-25T04:00:00.000Z,288.23,291.75,287.99,290.84,4993.10833814,290.84
2017-09-25T08:00:00.000Z,290.52,290.52,287.06,287.62,3473.65001387,287.62
2017-09-25T12:00:00.000Z,288.00,296.00,287.40,294.80,9515.20982129,294.80
2017-09-25T16:00:00.000Z,294.87,296.00,290.60,294.60,9755.09143510,294.60
2017-09-25T20:00:00.000Z,294.59,297.00,292.72,295.00,9381.74222829,295.00
2017-09-26T00:00:00.000Z,294.93,296.00,292.12,293.00,7010.28895248,293.00
2017-09-26T04:00:00.000Z,293.01,294.37,288.31,292.79,7381.78137488,292.79
2017-09-26T08:00:00.000Z,292.55,295.00,290.51,293.00,2968.00258143,293.00
2017-09-26T12:00:00.000Z,293.00,294.80,289.67,290.39,5727.04653899,290.39
2017-09-26T16:00:00.000Z,290.03,291.42,287.00,288.07,8452.59238376,288.07
2017-09-26T20:00:00.000Z,288.37,290.40,287.51,287.90,3648.90088584,287.90
2017-09-27T00:00:00.000Z,288.00,292.96,287.15,291.42,5562.92864594,291.42
2017-09-27T04:00:00.000Z,291.53,291.99,288.12,290.39,2205.14667253,290.39
2017-09-27T08:00:00.000Z,290.19,296.50,289.00,295.87,9969.77630143,295.87
2017-09-27T12:00:00.000Z,295.87,301.44,293.78,299.49,16994.31143176,299.49
2017-09-27T16:00:00.000Z,299.49,310.00,298.00,309.30,12451.96207502,309.30
2017-09-27T20:00:00.000Z,309.40,313.00,306.50,310.33,14426.52749714,310.33
2017-09-28T00:00:00.000Z,310.09,310.52,304.51,308.00,8107.48814263,308.00
2017-09-28T04:00:00.000Z,308.00,311.00,305.42,306.59,7632.76489989,306.59
2017-09-28T08:00:00.000Z,306.67,309.32,302.10,303.44,9047.26554927,303.44
2017-09-28T12:00:00.000Z,302.73,304.15,297.95,299.28,8925.55570931,299.28
2017-09-28T16:00:00.000Z,299.28,304.30,298.51,300.00,5616.16877404,300.00
2017-09-28T20:00:00.000Z,300.03,304.38,298.31,302.70,3784.00816232,302.70
2017-09-29T00:00:00.000Z,303.43,303.93,278.00,281.09,22284.28711666,281.09
2017-09-29T04:00:00.000Z,282.20,290.10,281.00,288.75,17615.84655607,288.75
2017-09-29T08:00:00.000Z,288.74,295.01,285.46,295.00,5748.50902267,295.00
2017-09-29T12:00:00.000Z,294.50,299.73,291.24,293.26,10736.24476231,293.26
2017-09-29T16:00:00.000Z,293.26,298.00,290.61,291.80,7267.40902525,291.80
2017-09-29T20:00:00.000Z,291.76,294.90,291.10,292.40,2287.63853560,292.40
2017-09-30T00:00:00.000Z,292.40,299.61,292.00,296.90,5433.48338410,296.90
2017-09-30T04:00:00.000Z,297.12,301.90,296.34,300.16,4497.06721779,300.16
2017-09-30T08:00:00.000Z,301.50,305.78,298.76,300.00,4009.16610888,300.00
2017-09-30T12:00:00.000Z,301.41,305.76,300.49,304.00,4427.86843969,304.00
2017-09-30T16:00:00.000Z,304.00,306.96,302.40,304.00,5481.04512430,304.00
2017-09-30T20:00:00.000Z,304.05,305.76,301.00,302.20,4398.05175903,302.20
2017-10-01T00:00:00.000Z,302.19,303.60,297.73,298.51,5612.86470496,298.51
2017-10-01T04:00:00.000Z,298.41,301.56,297.99,300.74,1697.46035252,300.74
2017-10-01T08:00:00.000Z,300.44,301.12,298.39,299.31,1285.22481742,299.31
2017-10-01T12:00:00.000Z,299.28,299.28,294.23,299.09,5315.54837896,299.09
2017-10-01T16:00:00.000Z,299.09,301.75,298.06,300.60,5331.80851521,300.60
2017-10-01T20:00:00.000Z,300.60,305.00,300.21,303.50,6750.17106484,303.50
2017-10-02T00:00:00.000Z,303.49,303.50,299.00,300.25,3312.66207282,300.25
2017-10-02T04:00:00.000Z,300.25,302.40,299.51,300.46,3862.26986261,300.46
2017-10-02T08:00:00.000Z,300.62,302.24,300.07,300.08,2624.22228147,300.08
2017-10-02T12:00:00.000Z,300.08,300.48,295.20,296.75,8291.08641253,296.75
2017-10-02T16:00:00.000Z,296.52,298.81,293.39,298.75,7737.09453855,298.75
2017-10-02T20:00:00.000Z,297.41,297.75,295.06,296.66,3073.78563151,296.66
2017-10-03T00:00:00.000Z,296.72,300.25,296.70,299.97,4378.10999232,299.97
2017-10-03T04:00:00.000Z,299.97,300.00,292.00,292.50,5243.50999816,292.50
2017-10-03T08:00:00.000Z,292.50,293.16,287.00,293.16,5986.78837336,293.16
2017-10-03T12:00:00.000Z,293.10,294.24,287.02,292.72,8542.27549842,292.72
2017-10-03T16:00:00.000Z,293.47,293.71,288.85,289.59,5083.93044106,289.59
2017-10-03T20:00:00.000Z,289.59,292.41,289.00,291.17,2460.23416033,291.17
2017-10-04T00:00:00.000Z,291.71,292.88,290.85,292.25,1256.90777527,292.25
2017-10-04T04:00:00.000Z,292.31,295.82,292.31,295.50,2300.06325929,295.50
2017-10-04T08:00:00.000Z,295.49,295.80,290.80,292.77,2949.65781809,292.77
2017-10-04T12:00:00.000Z,292.90,293.65,289.30,293.45,4236.59256452,293.45
2017-10-04T16:00:00.000Z,293.53,293.63,291.02,292.41,3558.52557976,292.41
2017-10-04T20:00:00.000Z,292.00,293.00,290.77,292.00,1802.93685626,292.00
2017-10-05T00:00:00.000Z,291.91,294.50,289.95,290.12,2846.80177000,290.12
2017-10-05T04:00:00.000Z,290.21,290.62,287.64,288.36,3328.11619187,288.36
2017-10-05T08:00:00.000Z,289.00,292.39,288.06,291.45,2389.30846015,291.45
2017-10-05T12:00:00.000Z,291.73,295.41,291.10,294.50,5943.98451962,294.50
2017-10-05T16:00:00.000Z,294.16,297.42,293.94,296.58,4012.37611266,296.58
2017-10-05T20:00:00.000Z,296.58,298.00,294.75,294.75,3504.54745968,294.75
2017-10-06T00:00:00.000Z,294.90,295.49,294.00,295.38,2551.22065887,295.38
2017-10-06T04:00:00.000Z,295.40,301.40,294.97,300.19,6237.58923690,300.19
2017-10-06T08:00:00.000Z,300.20,301.85,298.95,301.11,2680.27679174,301.11
2017-10-06T12:00:00.000Z,301.19,302.98,299.43,301.51,4170.77178379,301.51
2017-10-06T16:00:00.000Z,300.81,303.86,299.05,302.87,2848.45506997,302.87
2017-10-06T20:00:00.000Z,301.26,309.00,301.00,308.70,6584.68909691,308.70
2017-10-07T00:00:00.000Z,309.00,314.44,307.50,309.27,11672.28532966,309.27
2017-10-07T04:00:00.000Z,309.26,312.90,306.12,306.12,4948.56751485,306.12
2017-10-07T08:00:00.000Z,306.24,307.84,304.31,304.96,2539.83594629,304.96
2017-10-07T12:00:00.000Z,304.84,309.77,304.45,309.58,5582.93633435,309.58
2017-10-07T16:00:00.000Z,309.26,309.74,307.56,307.80,1756.67271073,307.80
2017-10-07T20:00:00.000Z,307.82,313.00,305.60,310.57,6638.91334267,310.57
2017-10-08T00:00:00.000Z,310.33,311.44,308.24,310.98,1603.60860222,310.98
2017-10-08T04:00:00.000Z,310.97,310.97,308.23,310.67,2418.71001909,310.67
2017-10-08T08:00:00.000Z,310.65,311.00,309.11,310.70,1443.23158740,310.70
2017-10-08T12:00:00.000Z,310.70,312.80,309.51,312.68,6925.72619827,312.68
2017-10-08T16:00:00.000Z,312.80,312.99,310.00,310.98,2380.44199480,310.98
2017-10-08T20:00:00.000Z,310.99,311.50,307.02,308.59,4764.12798046,308.59
2017-10-09T00:00:00.000Z,308.59,309.30,304.00,304.44,4515.42155295,304.44
2017-10-09T04:00:00.000Z,304.19,309.20,301.00,303.86,5031.20790299,303.86
2017-10-09T08:00:00.000Z,303.96,306.99,303.50,305.06,1787.48028080,305.06
2017-10-09T12:00:00.000Z,305.00,305.95,298.00,298.50,6132.35327430,298.50
2017-10-09T16:00:00.000Z,298.64,299.59,287.00,288.67,12700.33098734,288.67
2017-10-09T20:00:00.000Z,288.50,299.71,288.50,296.90,10790.82282006,296.90
2017-10-10T00:00:00.000Z,296.90,297.49,291.74,296.29,3577.80893582,296.29
2017-10-10T04:00:00.000Z,296.28,298.99,295.06,296.69,2380.46128588,296.69
2017-10-10T08:00:00.000Z,296.69,299.89,295.39,298.78,2795.77292756,298.78
2017-10-10T12:00:00.000Z,298.78,304.78,298.77,303.50,4177.68497513,303.50
2017-10-10T16:00:00.000Z,303.57,305.00,299.00,299.18,7098.74718262,299.18
2017-10-10T20:00:00.000Z,299.00,301.20,296.97,298.02,2982.84961611,298.02
2017-10-11T00:00:00.000Z,298.40,302.18,298.12,300.95,2384.02730669,300.95
2017-10-11T04:00:00.000Z,301.17,302.12,298.80,301.12,1651.93515412,301.12
2017-10-11T08:00:00.000Z,301.05,301.73,297.00,300.35,1487.72902434,300.35
2017-10-11T12:00:00.000Z,300.12,301.50,298.85,299.81,1968.85283298,299.81
2017-10-11T16:00:00.000Z,299.90,305.00,298.64,302.52,5109.33652237,302.52
2017-10-11T20:00:00.000Z,302.51,303.21,301.05,303.00,1039.98486816,303.00
2017-10-12T00:00:00.000Z,303.00,306.96,301.71,306.08,3662.93253784,306.08
2017-10-12T04:00:00.000Z,306.15,307.95,304.10,304.60,3422.48122061,304.60
2017-10-12T08:00:00.000Z,304.61,307.85,301.88,306.00,4918.48536367,306.00
2017-10-12T12:00:00.000Z,306.05,307.50,305.34,307.21,4479.26353178,307.21
2017-10-12T16:00:00.000Z,307.21,307.21,301.55,304.62,7021.44281978,304.62
2017-10-12T20:00:00.000Z,304.82,305.94,302.00,302.12,2966.01198955,302.12
2017-10-13T00:00:00.000Z,302.08,303.03,298.28,301.75,9934.36412947,301.75
2017-10-13T04:00:00.000Z,301.70,337.35,301.56,325.26,30648.63990101,325.26
2017-10-13T08:00:00.000Z,326.00,331.44,321.35,329.00,9817.47999976,329.00
2017-10-13T12:00:00.000Z,329.00,346.88,329.00,340.00,18549.76527593,340.00
2017-10-13T16:00:00.000Z,339.52,345.00,337.00,337.88,10391.99390957,337.88
2017-10-13T20:00:00.000Z,337.74,340.77,331.80,336.98,6026.62781792,336.98
2017-10-14T00:00:00.000Z,336.98,339.77,333.32,338.75,4092.96486116,338.75
2017-10-14T04:00:00.000Z,338.87,347.44,337.80,346.45,4451.21025913,346.45
2017-10-14T08:00:00.000Z,346.32,347.97,338.98,341.37,5338.22974560,341.37
2017-10-14T12:00:00.000Z,339.83,343.00,338.67,342.23,1805.17215604,342.23
2017-10-14T16:00:00.000Z,342.24,346.92,340.71,343.81,4269.42714819,343.81
2017-10-14T20:00:00.000Z,343.28,344.08,335.10,337.99,4399.15952984,337.99
2017-10-15T00:00:00.000Z,339.48,342.00,335.24,337.05,3218.73140066,337.05
2017-10-15T04:00:00.000Z,337.24,339.31,335.05,337.95,3231.79008075,337.95
2017-10-15T08:00:00.000Z,338.17,338.18,321.00,321.93,8646.02853790,321.93
2017-10-15T12:00:00.000Z,321.91,334.66,321.03,333.51,5214.48948792,333.51
2017-10-15T16:00:00.000Z,333.51,333.51,325.01,328.53,3769.91561030,328.53
2017-10-15T20:00:00.000Z,328.50,337.23,327.54,335.71,3338.89721621,335.71
2017-10-16T00:00:00.000Z,335.49,347.93,335.00,342.45,6296.26921330,342.45
2017-10-16T04:00:00.000Z,342.02,349.50,335.22,339.01,11729.50862814,339.01
2017-10-16T08:00:00.000Z,339.01,345.00,337.50,340.82,4475.49167439,340.82
2017-10-16T12:00:00.000Z,340.50,342.31,337.97,339.29,4848.23582864,339.29
2017-10-16T16:00:00.000Z,338.76,339.11,331.00,332.98,5053.54949293,332.98
2017-10-16T20:00:00.000Z,332.80,336.89,331.30,333.42,5467.72100906,333.42
2017-10-17T00:00:00.000Z,333.43,334.00,325.05,328.41,5099.48105300,328.41
2017-10-17T04:00:00.000Z,328.74,329.72,323.00,327.66,3921.35194817,327.66
2017-10-17T08:00:00.000Z,328.00,331.00,323.30,324.20,4063.14660058,324.20
2017-10-17T12:00:00.000Z,323.75,324.16,320.50,320.50,3843.45009379,320.50
2017-10-17T16:00:00.000Z,320.62,323.45,315.70,322.13,8782.52455407,322.13
2017-10-17T20:00:00.000Z,322.43,322.50,311.41,316.83,6776.03284859,316.83
2017-10-18T00:00:00.000Z,317.53,317.53,305.00,308.64,8695.34220186,308.64
2017-10-18T04:00:00.000Z,307.47,315.74,304.51,304.56,6066.51452775,304.56
2017-10-18T08:00:00.000Z,304.56,304.93,297.05,298.22,6347.13181409,298.22
2017-10-18T12:00:00.000Z,298.63,308.97,290.50,305.20,11864.53590279,305.20
2017-10-18T16:00:00.000Z,305.73,311.00,300.61,301.31,6572.49649076,301.31
2017-10-18T20:00:00.000Z,303.02,316.38,301.26,314.36,5227.42721583,314.36
2017-10-19T00:00:00.000Z,313.76,317.83,309.99,313.64,4562.33318417,313.64
2017-10-19T04:00:00.000Z,313.80,314.40,304.41,308.22,4183.45293311,308.22
2017-10-19T08:00:00.000Z,308.22,311.99,307.02,307.59,1801.69500334,307.59
2017-10-19T12:00:00.000Z,307.60,314.30,304.81,306.05,4888.51221774,306.05
2017-10-19T16:00:00.000Z,307.21,310.08,307.00,307.55,1723.68017987,307.55
2017-10-19T20:00:00.000Z,307.32,309.80,306.91,307.87,3358.00799895,307.87
2017-10-20T00:00:00.000Z,307.85,310.85,305.67,307.91,2266.86178235,307.91
2017-10-20T04:00:00.000Z,307.89,309.50,305.54,306.01,1302.13313972,306.01
2017-10-20T08:00:00.000Z,306.10,306.48,302.77,305.01,1472.41842002,305.01
2017-10-20T12:00:00.000Z,305.01,313.69,303.65,309.56,3741.03577447,309.56
2017-10-20T16:00:00.000Z,310.00,311.52,305.56,306.00,3508.20063592,306.00
2017-10-20T20:00:00.000Z,305.94,305.96,300.00,302.11,5489.10145987,302.11
2017-10-21T00:00:00.000Z,302.03,302.71,299.52,300.18,3106.36870607,300.18
2017-10-21T04:00:00.000Z,300.18,301.09,298.00,299.51,3179.83613582,299.51
2017-10-21T08:00:00.000Z,298.71,299.38,295.01,295.78,1961.26236499,295.78
2017-10-21T12:00:00.000Z,295.63,298.69,292.55,293.00,4120.25536749,293.00
2017-10-21T16:00:00.000Z,293.00,302.00,292.11,297.65,4335.86804689,297.65
2017-10-21T20:00:00.000Z,298.30,302.10,296.75,300.11,1979.98598344,300.11
2017-10-22T00:00:00.000Z,300.12,307.00,299.13,303.50,3033.89880737,303.50
2017-10-22T04:00:00.000Z,303.50,303.51,295.00,296.51,3722.31111523,296.51
2017-10-22T08:00:00.000Z,296.51,298.74,293.39,294.96,2713.63215388,294.96
2017-10-22T12:00:00.000Z,294.96,298.87,293.44,293.57,1396.14675536,293.57
2017-10-22T16:00:00.000Z,295.73,296.01,292.00,292.99,3261.17775954,292.99
2017-10-22T20:00:00.000Z,292.99,295.01,292.00,294.80,1047.98387309,294.80
2017-10-23T00:00:00.000Z,294.06,294.75,292.32,293.30,2383.06235150,293.30
2017-10-23T04:00:00.000Z,293.33,293.59,287.09,288.18,5883.28802187,288.18
2017-10-23T08:00:00.000Z,288.17,288.37,283.49,287.45,8123.66093762,287.45
2017-10-23T12:00:00.000Z,287.30,287.60,276.00,280.05,11526.00539659,280.05
2017-10-23T16:00:00.000Z,280.04,284.93,277.03,284.20,4226.45986990,284.20
2017-10-23T20:00:00.000Z,283.63,286.68,282.00,285.17,4063.94537369,285.17
2017-10-24T00:00:00.000Z,285.07,310.88,281.00,301.26,16866.98197116,301.26
2017-10-24T04:00:00.000Z,301.26,309.67,300.41,304.45,6069.94877796,304.45
2017-10-24T08:00:00.000Z,304.45,311.75,304.45,311.50,3514.30605432,311.50
2017-10-24T12:00:00.000Z,311.50,313.67,305.23,306.20,4842.24042808,306.20
2017-10-24T16:00:00.000Z,306.25,309.18,303.01,306.70,2362.35830562,306.70
2017-10-24T20:00:00.000Z,306.97,307.00,296.35,298.40,8282.46488889,298.40
2017-10-25T00:00:00.000Z,298.40,301.04,290.80,298.01,5645.14163415,298.01
2017-10-25T04:00:00.000Z,298.01,303.11,294.43,301.43,2431.67594289,301.43
2017-10-25T08:00:00.000Z,301.10,301.52,293.17,297.00,2843.17450976,297.00
2017-10-25T12:00:00.000Z,297.00,299.96,293.40,295.37,3769.92824551,295.37
2017-10-25T16:00:00.000Z,295.59,300.94,295.36,300.86,2686.83466754,300.86
2017-10-25T20:00:00.000Z,300.68,301.49,296.15,296.87,2436.38278262,296.87
2017-10-26T00:00:00.000Z,296.87,299.88,296.10,298.80,1770.21266067,298.80
2017-10-26T04:00:00.000Z,298.80,299.86,295.11,296.90,1720.30979725,296.90
2017-10-26T08:00:00.000Z,296.90,300.50,296.00,300.10,1578.41333839,300.10
2017-10-26T12:00:00.000Z,300.30,301.51,297.00,297.80,2344.78015267,297.80
2017-10-26T16:00:00.000Z,298.09,298.87,295.00,295.60,2243.81602899,295.60
2017-10-26T20:00:00.000Z,295.22,297.56,295.00,295.52,2512.75548775,295.52
2017-10-27T00:00:00.000Z,296.03,299.50,295.75,297.38,2285.00039339,297.38
2017-10-27T04:00:00.000Z,297.37,299.78,296.53,298.50,1108.00168908,298.50
2017-10-27T08:00:00.000Z,298.47,298.48,296.60,298.10,2094.08638478,298.10
2017-10-27T12:00:00.000Z,298.10,298.10,293.00,294.83,2768.68695928,294.83
2017-10-27T16:00:00.000Z,294.60,297.00,294.58,295.79,1174.87645555,295.79
2017-10-27T20:00:00.000Z,296.00,297.23,295.00,297.06,633.16976658,297.06
2017-10-28T00:00:00.000Z,297.06,297.88,294.93,295.00,1100.45055325,295.00
2017-10-28T04:00:00.000Z,295.00,296.95,294.57,295.45,758.52883868,295.45
2017-10-28T08:00:00.000Z,295.45,295.91,293.16,293.92,1258.36500867,293.92
2017-10-28T12:00:00.000Z,293.81,297.50,293.04,295.30,1550.27010517,295.30
2017-10-28T16:00:00.000Z,295.31,296.91,294.86,296.00,967.27982397,296.00
2017-10-28T20:00:00.000Z,296.01,296.19,293.75,295.14,644.39839592,295.14
2017-10-29T00:00:00.000Z,295.14,296.46,294.38,295.54,515.25269252,295.54
2017-10-29T04:00:00.000Z,295.54,298.72,293.05,298.00,2056.72069480,298.00
2017-10-29T08:00:00.000Z,298.02,307.40,296.20,304.19,4529.60763712,304.19
2017-10-29T12:00:00.000Z,304.50,310.00,303.67,306.88,6614.57533182,306.88
2017-10-29T16:00:00.000Z,306.86,308.00,303.64,304.27,4104.65013934,304.27
2017-10-29T20:00:00.000Z,304.93,306.00,302.29,303.95,2840.47985350,303.95
2017-10-30T00:00:00.000Z,303.28,307.49,302.26,307.49,2952.92720311,307.49
2017-10-30T04:00:00.000Z,307.67,309.74,305.87,308.59,3253.52452804,308.59
2017-10-30T08:00:00.000Z,308.57,310.00,306.59,308.31,3095.94954318,308.31
2017-10-30T12:00:00.000Z,308.31,308.71,303.00,306.96,3733.71238261,306.96
2017-10-30T16:00:00.000Z,306.45,306.79,304.00,305.21,1883.08239834,305.21
2017-10-30T20:00:00.000Z,305.10,306.99,305.00,306.20,1415.29955513,306.20
2017-10-31T00:00:00.000Z,306.17,309.00,306.11,308.18,1635.45287673,308.18
2017-10-31T04:00:00.000Z,308.46,309.40,306.34,306.34,1062.66966973,306.34
2017-10-31T08:00:00.000Z,306.35,307.97,306.00,307.80,1635.46969660,307.80
2017-10-31T12:00:00.000Z,307.90,309.38,306.00,307.40,2353.15011595,307.40
2017-10-31T16:00:00.000Z,307.25,308.87,306.15,306.21,1622.50529593,306.21
2017-10-31T20:00:00.000Z,306.22,307.71,304.12,304.12,3906.25373070,304.12
2017-11-01T00:00:00.000Z,304.11,305.30,302.00,303.20,2301.15541835,303.20
2017-11-01T04:00:00.000Z,303.45,305.64,301.42,303.44,3339.32065622,303.44
2017-11-01T08:00:00.000Z,303.15,305.82,296.04,296.74,5952.39424295,296.74
2017-11-01T12:00:00.000Z,296.99,302.71,296.00,299.25,3975.01025777,299.25
2017-11-01T16:00:00.000Z,299.25,299.26,296.37,298.80,2289.20643978,298.80
2017-11-01T20:00:00.000Z,298.80,299.94,290.00,290.10,6485.45620791,290.10
2017-11-02T00:00:00.000Z,290.10,293.00,279.00,286.82,11714.06621180,286.82
2017-11-02T04:00:00.000Z,286.82,289.62,282.90,283.58,6167.82382165,283.58
2017-11-02T08:00:00.000Z,283.58,290.41,277.70,289.00,5617.74758250,289.00
2017-11-02T12:00:00.000Z,288.23,291.20,283.04,287.01,5220.41639037,287.01
2017-11-02T16:00:00.000Z,288.00,290.30,283.59,287.20,4029.23172758,287.20
2017-11-02T20:00:00.000Z,287.20,290.00,281.71,283.75,2743.46124601,283.75
2017-11-03T00:00:00.000Z,283.38,290.34,283.38,287.23,3592.08490618,287.23
2017-11-03T04:00:00.000Z,287.14,292.65,286.50,292.11,1773.68728988,292.11
2017-11-03T08:00:00.000Z,291.45,299.00,291.30,297.00,5010.49613013,297.00
2017-11-03T12:00:00.000Z,297.08,301.90,296.00,300.00,3367.36361506,300.00
2017-11-03T16:00:00.000Z,300.00,300.95,297.00,300.46,2732.30629659,300.46
2017-11-03T20:00:00.000Z,300.29,309.00,298.25,304.17,7989.13550088,304.17
2017-11-04T00:00:00.000Z,304.32,305.00,294.00,296.83,4589.70716424,296.83
2017-11-04T04:00:00.000Z,296.80,300.30,296.00,300.00,1038.17726499,300.00
2017-11-04T08:00:00.000Z,299.72,303.00,298.08,302.00,1484.08375497,302.00
2017-11-04T12:00:00.000Z,302.01,303.00,299.00,299.73,2709.65056711,299.73
2017-11-04T16:00:00.000Z,299.73,299.95,296.02,298.99,1370.97449693,298.99
2017-11-04T20:00:00.000Z,298.99,299.50,296.07,299.41,1573.72142708,299.41
2017-11-05T00:00:00.000Z,299.10,300.57,297.36,298.78,1163.97991941,298.78
2017-11-05T04:00:00.000Z,298.76,299.97,298.50,298.65,856.44107640,298.65
2017-11-05T08:00:00.000Z,298.98,299.00,295.15,296.79,1080.30058968,296.79
2017-11-05T12:00:00.000Z,296.78,297.40,295.01,295.72,1162.20120693,295.72
2017-11-05T16:00:00.000Z,295.72,297.00,293.01,294.44,1676.60290943,294.44
2017-11-05T20:00:00.000Z,294.44,296.97,293.12,294.62,849.08116973,294.62
2017-11-06T00:00:00.000Z,294.62,296.50,291.30,293.01,1953.84149827,293.01
2017-11-06T04:00:00.000Z,293.85,295.83,292.00,294.88,2085.47296693,294.88
2017-11-06T08:00:00.000Z,294.88,301.00,294.50,299.88,2474.36817905,299.88
2017-11-06T12:00:00.000Z,300.87,304.00,298.27,304.00,3135.76042209,304.00
2017-11-06T16:00:00.000Z,303.83,304.00,299.00,299.17,2261.71199390,299.17
2017-11-06T20:00:00.000Z,299.17,304.21,297.56,298.50,2351.67901970,298.50
2017-11-07T00:00:00.000Z,298.50,303.30,296.65,296.65,7934.34013711,296.65
2017-11-07T04:00:00.000Z,296.63,302.67,296.52,301.09,2214.54679744,301.09
2017-11-07T08:00:00.000Z,301.09,302.99,299.17,302.76,2423.08573411,302.76
2017-11-07T12:00:00.000Z,302.76,302.97,287.28,289.90,10569.75617603,289.90
2017-11-07T16:00:00.000Z,289.90,294.04,287.50,290.32,6439.19024643,290.32
2017-11-07T20:00:00.000Z,290.35,294.49,290.00,292.07,3070.94597985,292.07
2017-11-08T00:00:00.000Z,292.06,296.50,291.06,296.38,3045.15836481,296.38
2017-11-08T04:00:00.000Z,296.30,298.10,295.35,296.80,1852.76202145,296.80
2017-11-08T08:00:00.000Z,297.27,299.39,296.08,298.39,1439.89451813,298.39
2017-11-08T12:00:00.000Z,298.74,299.99,295.22,299.70,2284.60780334,299.70
2017-11-08T16:00:00.000Z,299.38,315.56,292.78,315.00,14242.86033424,315.00
2017-11-08T20:00:00.000Z,315.00,320.59,308.02,308.38,11134.81209553,308.38
2017-11-09T00:00:00.000Z,308.03,313.00,307.10,308.76,4236.80363251,308.76
2017-11-09T04:00:00.000Z,308.01,315.00,308.00,315.00,11265.97892865,315.00
2017-11-09T08:00:00.000Z,315.00,317.50,312.57,317.20,3953.49103712,317.20
2017-11-09T12:00:00.000Z,316.14,328.00,316.01,327.00,13242.96422763,327.00
2017-11-09T16:00:00.000Z,327.00,330.00,322.04,326.91,9915.37978305,326.91
2017-11-09T20:00:00.000Z,327.38,327.75,317.01,319.76,10792.03669846,319.76
2017-11-10T00:00:00.000Z,319.50,323.00,318.57,320.00,4251.68623105,320.00
2017-11-10T04:00:00.000Z,319.99,321.00,318.00,318.00,4350.61465340,318.00
2017-11-10T08:00:00.000Z,317.68,324.99,315.00,315.00,5461.42649888,315.00
2017-11-10T12:00:00.000Z,315.25,318.74,303.00,303.70,8348.22384664,303.70
2017-11-10T16:00:00.000Z,303.66,307.13,292.00,298.00,12502.60231039,298.00
2017-11-10T20:00:00.000Z,298.26,309.39,295.00,298.00,7528.24924256,298.00
2017-11-11T00:00:00.000Z,297.11,303.00,296.99,301.00,3169.52613176,301.00
2017-11-11T04:00:00.000Z,300.73,304.88,299.00,301.51,2226.05417320,301.51
2017-11-11T08:00:00.000Z,301.51,306.00,300.26,300.26,2783.44615888,300.26
2017-11-11T12:00:00.000Z,300.26,305.00,300.01,301.30,8038.74893804,301.30
2017-11-11T16:00:00.000Z,301.30,323.00,301.00,317.50,17086.61484942,317.50
2017-11-11T20:00:00.000Z,317.50,320.67,310.35,313.65,5229.96380134,313.65
2017-11-12T00:00:00.000Z,313.61,313.61,301.00,302.10,10594.15116010,302.10
2017-11-12T04:00:00.000Z,303.98,312.00,295.00,296.85,18371.67647463,296.85
2017-11-12T08:00:00.000Z,296.83,307.50,295.50,302.60,10354.80279250,302.60
2017-11-12T12:00:00.000Z,302.60,307.00,300.40,306.95,5792.62836360,306.95
2017-11-12T16:00:00.000Z,306.99,317.96,305.17,309.54,12570.95728507,309.54
2017-11-12T20:00:00.000Z,309.56,312.00,308.00,309.48,2598.46267625,309.48
