"Index","KrakenXrpUsd.Open","KrakenXrpUsd.High","KrakenXrpUsd.Low","KrakenXrpUsd.Close","KrakenXrpUsd.Volume","KrakenXrpUsd.Adjusted"
2017-07-16T00:00:00.000Z,0.17171,0.17502,0.16720,0.17086,1215828.33814553,0.17086
2017-07-16T04:00:00.000Z,0.17007,0.17015,0.16100,0.16100,1658927.05707278,0.16100
2017-07-16T08:00:00.000Z,0.16100,0.16187,0.12910,0.13300,6353754.30806020,0.13300
2017-07-16T12:00:00.000Z,0.13158,0.15416,0.12660,0.14109,4921574.95763309,0.14109
2017-07-16T16:00:00.000Z,0.14110,0.15356,0.13600,0.13650,2068659.32051842,0.13650
2017-07-16T20:00:00.000Z,0.13649,0.14969,0.13572,0.14692,1589920.57653891,0.14692
2017-07-17T00:00:00.000Z,0.14696,0.15999,0.14539,0.15300,1541373.92623560,0.15300
2017-07-17T04:00:00.000Z,0.15300,0.16519,0.15232,0.16487,1475885.89718467,0.16487
2017-07-17T08:00:00.000Z,0.16251,0.16262,0.14700,0.14810,1339764.42931173,0.14810
2017-07-17T12:00:00.000Z,0.14811,0.15790,0.14469,0.15536,2301534.87866061,0.15536
2017-07-17T16:00:00.000Z,0.15556,0.16349,0.15238,0.16187,2015539.44484785,0.16187
2017-07-17T20:00:00.000Z,0.16187,0.17278,0.16111,0.17275,2317239.29664379,0.17275
2017-07-18T00:00:00.000Z,0.17148,0.17300,0.16067,0.16242,2789268.56239063,0.16242
2017-07-18T04:00:00.000Z,0.16242,0.17432,0.16000,0.17273,1115294.88390305,0.17273
2017-07-18T08:00:00.000Z,0.17258,0.17500,0.16637,0.17450,1320992.73587699,0.17450
2017-07-18T12:00:00.000Z,0.17450,0.18999,0.17042,0.18239,2161237.68015309,0.18239
2017-07-18T16:00:00.000Z,0.18241,0.18692,0.17651,0.18331,1499293.01400831,0.18331
2017-07-18T20:00:00.000Z,0.18331,0.18692,0.17860,0.17910,2252565.97850072,0.17910
2017-07-19T00:00:00.000Z,0.18020,0.18077,0.17005,0.17709,1253898.73313852,0.17709
2017-07-19T04:00:00.000Z,0.18080,0.18340,0.17571,0.18300,913124.44123748,0.18300
2017-07-19T08:00:00.000Z,0.18300,0.18315,0.17709,0.18060,852932.20764796,0.18060
2017-07-19T12:00:00.000Z,0.17992,0.18100,0.17000,0.17467,1339312.06499058,0.17467
2017-07-19T16:00:00.000Z,0.17468,0.17605,0.16200,0.16200,1033335.88119821,0.16200
2017-07-19T20:00:00.000Z,0.16200,0.16799,0.15859,0.16299,1505878.84660563,0.16299
2017-07-20T00:00:00.000Z,0.16152,0.17370,0.15920,0.17128,1468342.78908267,0.17128
2017-07-20T04:00:00.000Z,0.16971,0.17183,0.16604,0.16713,413164.39359931,0.16713
2017-07-20T08:00:00.000Z,0.16815,0.18200,0.16550,0.17999,1158035.54918330,0.17999
2017-07-20T12:00:00.000Z,0.17999,0.18800,0.17380,0.18320,3088286.00178007,0.18320
2017-07-20T16:00:00.000Z,0.18308,0.18789,0.18000,0.18374,1670984.86692161,0.18374
2017-07-20T20:00:00.000Z,0.18526,0.19698,0.18200,0.19123,2862218.51708904,0.19123
2017-07-21T00:00:00.000Z,0.19100,0.19200,0.18125,0.18564,1821099.36673535,0.18564
2017-07-21T04:00:00.000Z,0.18564,0.19148,0.18390,0.19114,1910008.35968360,0.19114
2017-07-21T08:00:00.000Z,0.19114,0.19500,0.18600,0.18949,2013842.61695370,0.18949
2017-07-21T12:00:00.000Z,0.18949,0.19005,0.18730,0.18731,553806.08143459,0.18731
2017-07-21T16:00:00.000Z,0.18870,0.19005,0.18500,0.18530,2364901.68362515,0.18530
2017-07-21T20:00:00.000Z,0.18698,0.18699,0.18300,0.18380,523731.84520982,0.18380
2017-07-22T00:00:00.000Z,0.18350,0.18919,0.18160,0.18647,799042.32440920,0.18647
2017-07-22T04:00:00.000Z,0.18547,0.18984,0.18500,0.18711,629744.55786999,0.18711
2017-07-22T08:00:00.000Z,0.18709,0.18899,0.18520,0.18760,521152.67179162,0.18760
2017-07-22T12:00:00.000Z,0.18770,0.18868,0.18632,0.18750,280845.74841704,0.18750
2017-07-22T16:00:00.000Z,0.18689,0.20498,0.18689,0.19467,2306433.01314181,0.19467
2017-07-22T20:00:00.000Z,0.19467,0.20199,0.19020,0.19750,1892961.83496401,0.19750
2017-07-23T00:00:00.000Z,0.19750,0.20399,0.19600,0.20338,1331836.43693891,0.20338
2017-07-23T04:00:00.000Z,0.20327,0.20748,0.18900,0.19251,3113009.19995286,0.19251
2017-07-23T08:00:00.000Z,0.19040,0.19712,0.18800,0.18885,1705821.45820852,0.18885
2017-07-23T12:00:00.000Z,0.18907,0.19969,0.18800,0.19846,978909.05241599,0.19846
2017-07-23T16:00:00.000Z,0.19693,0.19929,0.19607,0.19928,438093.66222744,0.19928
2017-07-23T20:00:00.000Z,0.19930,0.20363,0.19651,0.19728,486579.09058090,0.19728
2017-07-24T00:00:00.000Z,0.19730,0.19842,0.19483,0.19664,456119.58087191,0.19664
2017-07-24T04:00:00.000Z,0.19664,0.19740,0.19012,0.19356,608940.26338751,0.19356
2017-07-24T08:00:00.000Z,0.19410,0.19638,0.19101,0.19300,607845.59105775,0.19300
2017-07-24T12:00:00.000Z,0.19532,0.19896,0.19300,0.19394,605394.40578429,0.19394
2017-07-24T16:00:00.000Z,0.19300,0.19512,0.19000,0.19396,902753.59592197,0.19396
2017-07-24T20:00:00.000Z,0.19396,0.19396,0.19010,0.19110,312248.60178745,0.19110
2017-07-25T00:00:00.000Z,0.19109,0.19285,0.19026,0.19032,505652.84511203,0.19032
2017-07-25T04:00:00.000Z,0.19153,0.19304,0.18000,0.18033,2104623.08240038,0.18033
2017-07-25T08:00:00.000Z,0.18062,0.18557,0.16000,0.17100,2257868.31228149,0.17100
2017-07-25T12:00:00.000Z,0.17100,0.17838,0.16600,0.17812,1335062.75949020,0.17812
2017-07-25T16:00:00.000Z,0.17811,0.17831,0.16602,0.16840,1350717.20864829,0.16840
2017-07-25T20:00:00.000Z,0.16840,0.17500,0.16600,0.17361,1390867.40295450,0.17361
2017-07-26T00:00:00.000Z,0.17361,0.17950,0.16719,0.17059,1633721.14204190,0.17059
2017-07-26T04:00:00.000Z,0.17060,0.17322,0.16258,0.17028,1511374.67199370,0.17028
2017-07-26T08:00:00.000Z,0.16899,0.17485,0.16899,0.17480,604793.83040074,0.17480
2017-07-26T12:00:00.000Z,0.17420,0.17605,0.16704,0.16731,1175465.63136668,0.16731
2017-07-26T16:00:00.000Z,0.16941,0.17198,0.16614,0.17150,1660714.73524755,0.17150
2017-07-26T20:00:00.000Z,0.17115,0.17410,0.16865,0.17258,697417.57502961,0.17258
2017-07-27T00:00:00.000Z,0.17306,0.17531,0.17182,0.17377,569143.79458939,0.17377
2017-07-27T04:00:00.000Z,0.17321,0.17598,0.17194,0.17383,1165108.81512499,0.17383
2017-07-27T08:00:00.000Z,0.17334,0.17450,0.17130,0.17396,463356.66758817,0.17396
2017-07-27T12:00:00.000Z,0.17390,0.17397,0.17011,0.17125,696334.03817644,0.17125
2017-07-27T16:00:00.000Z,0.17121,0.17342,0.17100,0.17150,513521.42100811,0.17150
2017-07-27T20:00:00.000Z,0.17150,0.17482,0.17070,0.17260,673273.45848366,0.17260
2017-07-28T00:00:00.000Z,0.17211,0.17429,0.17150,0.17275,1582551.66344434,0.17275
2017-07-28T04:00:00.000Z,0.17275,0.17430,0.17000,0.17049,935677.91977473,0.17049
2017-07-28T08:00:00.000Z,0.17040,0.17100,0.16250,0.16310,1268648.61730134,0.16310
2017-07-28T12:00:00.000Z,0.16310,0.17099,0.16111,0.16820,1374257.94422090,0.16820
2017-07-28T16:00:00.000Z,0.16820,0.16829,0.16201,0.16399,406035.08338492,0.16399
2017-07-28T20:00:00.000Z,0.16444,0.16686,0.16190,0.16389,750964.32804515,0.16389
2017-07-29T00:00:00.000Z,0.16391,0.16580,0.16006,0.16051,1197861.48653015,0.16051
2017-07-29T04:00:00.000Z,0.16051,0.16134,0.15760,0.15760,1272918.23623032,0.15760
2017-07-29T08:00:00.000Z,0.15785,0.15958,0.15502,0.15573,470121.89295205,0.15573
2017-07-29T12:00:00.000Z,0.15630,0.16340,0.15574,0.16152,1404050.90274349,0.16152
2017-07-29T16:00:00.000Z,0.16168,0.16905,0.15897,0.16895,1054372.09540730,0.16895
2017-07-29T20:00:00.000Z,0.16895,0.17098,0.16267,0.17033,265968.09317818,0.17033
2017-07-30T00:00:00.000Z,0.17072,0.17286,0.16315,0.16878,470355.69508684,0.16878
2017-07-30T04:00:00.000Z,0.16877,0.16877,0.16332,0.16580,317742.64785629,0.16580
2017-07-30T08:00:00.000Z,0.16410,0.16801,0.16410,0.16618,163190.05338015,0.16618
2017-07-30T12:00:00.000Z,0.16687,0.16770,0.16222,0.16641,585999.60835851,0.16641
2017-07-30T16:00:00.000Z,0.16639,0.16683,0.16420,0.16550,415039.19108681,0.16550
2017-07-30T20:00:00.000Z,0.16530,0.16595,0.16400,0.16474,272473.24364693,0.16474
2017-07-31T00:00:00.000Z,0.16468,0.16480,0.16250,0.16361,561099.45582916,0.16361
2017-07-31T04:00:00.000Z,0.16350,0.16549,0.16101,0.16350,391180.59776313,0.16350
2017-07-31T08:00:00.000Z,0.16350,0.16553,0.16100,0.16111,1157889.56606204,0.16111
2017-07-31T12:00:00.000Z,0.16131,0.16379,0.15830,0.16259,1044618.19965568,0.16259
2017-07-31T16:00:00.000Z,0.16152,0.16950,0.16110,0.16850,1043049.18893282,0.16850
2017-07-31T20:00:00.000Z,0.16850,0.16889,0.16510,0.16510,527973.78637815,0.16510
2017-08-01T00:00:00.000Z,0.16529,0.16969,0.16500,0.16799,729701.30625331,0.16799
2017-08-01T04:00:00.000Z,0.16798,0.17366,0.16790,0.17030,2030745.21644301,0.17030
2017-08-01T08:00:00.000Z,0.17240,0.17244,0.16399,0.16550,1380082.11176289,0.16550
2017-08-01T12:00:00.000Z,0.16702,0.18300,0.16400,0.16780,2632886.44431568,0.16780
2017-08-01T16:00:00.000Z,0.16759,0.18077,0.16643,0.17918,1790433.20400800,0.17918
2017-08-01T20:00:00.000Z,0.17910,0.18500,0.17458,0.17740,2002436.57910705,0.17740
2017-08-02T00:00:00.000Z,0.17760,0.18067,0.17342,0.17783,587725.32966295,0.17783
2017-08-02T04:00:00.000Z,0.17756,0.17897,0.17396,0.17594,743999.94069408,0.17594
2017-08-02T08:00:00.000Z,0.17604,0.17841,0.17469,0.17670,1410724.18510247,0.17670
2017-08-02T12:00:00.000Z,0.17669,0.17700,0.16740,0.17031,2439288.77814628,0.17031
2017-08-02T16:00:00.000Z,0.17031,0.17553,0.17021,0.17500,1388143.64295296,0.17500
2017-08-02T20:00:00.000Z,0.17468,0.17537,0.17100,0.17191,696464.83396797,0.17191
2017-08-03T00:00:00.000Z,0.17118,0.17308,0.17000,0.17041,1173866.31109862,0.17041
2017-08-03T04:00:00.000Z,0.17105,0.17250,0.16950,0.17207,516065.62723076,0.17207
2017-08-03T08:00:00.000Z,0.17249,0.17423,0.17153,0.17322,698153.87305085,0.17322
2017-08-03T12:00:00.000Z,0.17315,0.17559,0.17299,0.17543,626326.90689559,0.17543
2017-08-03T16:00:00.000Z,0.17542,0.17600,0.17204,0.17432,658469.44490987,0.17432
2017-08-03T20:00:00.000Z,0.17482,0.17774,0.17462,0.17500,999134.19193666,0.17500
2017-08-04T00:00:00.000Z,0.17500,0.17700,0.17190,0.17499,958239.12545607,0.17499
2017-08-04T04:00:00.000Z,0.17549,0.17740,0.17436,0.17632,946833.37799925,0.17632
2017-08-04T08:00:00.000Z,0.17582,0.17630,0.17300,0.17448,809151.62378105,0.17448
2017-08-04T12:00:00.000Z,0.17448,0.17600,0.17230,0.17300,1018817.13874771,0.17300
2017-08-04T16:00:00.000Z,0.17313,0.17600,0.17200,0.17468,862586.52315228,0.17468
2017-08-04T20:00:00.000Z,0.17470,0.17589,0.17200,0.17446,753008.29425048,0.17446
2017-08-05T00:00:00.000Z,0.17436,0.17595,0.17199,0.17480,1381154.24130553,0.17480
2017-08-05T04:00:00.000Z,0.17480,0.18000,0.17469,0.17740,1511067.34772114,0.17740
2017-08-05T08:00:00.000Z,0.17740,0.17979,0.17700,0.17810,1178025.10624277,0.17810
2017-08-05T12:00:00.000Z,0.17810,0.18999,0.17756,0.18759,2777456.27866115,0.18759
2017-08-05T16:00:00.000Z,0.18770,0.19499,0.18545,0.18800,3021889.45326040,0.18800
2017-08-05T20:00:00.000Z,0.18801,0.18999,0.18200,0.18494,1901328.63810485,0.18494
2017-08-06T00:00:00.000Z,0.18420,0.19036,0.18200,0.18658,1143946.32416815,0.18658
2017-08-06T04:00:00.000Z,0.18659,0.19138,0.18500,0.18500,1402312.37003887,0.18500
2017-08-06T08:00:00.000Z,0.18570,0.18650,0.18300,0.18519,544887.77456216,0.18519
2017-08-06T12:00:00.000Z,0.18509,0.18698,0.18353,0.18543,495962.15987591,0.18543
2017-08-06T16:00:00.000Z,0.18553,0.18553,0.17900,0.18147,2926906.62427990,0.18147
2017-08-06T20:00:00.000Z,0.18110,0.18299,0.18000,0.18106,501142.15691670,0.18106
2017-08-07T00:00:00.000Z,0.18095,0.18200,0.17787,0.18118,1240114.00748818,0.18118
2017-08-07T04:00:00.000Z,0.18116,0.18199,0.17889,0.18069,620745.32550811,0.18069
2017-08-07T08:00:00.000Z,0.18039,0.18098,0.17651,0.17933,1658445.04975417,0.17933
2017-08-07T12:00:00.000Z,0.17904,0.18270,0.17800,0.18222,1369114.11663570,0.18222
2017-08-07T16:00:00.000Z,0.18190,0.18190,0.17820,0.17935,961065.41461717,0.17935
2017-08-07T20:00:00.000Z,0.17935,0.18099,0.17715,0.17849,893184.89312698,0.17849
2017-08-08T00:00:00.000Z,0.17889,0.18053,0.17700,0.17887,1563362.24781639,0.17887
2017-08-08T04:00:00.000Z,0.17812,0.18131,0.17759,0.18000,805635.94925021,0.18000
2017-08-08T08:00:00.000Z,0.17999,0.18094,0.17710,0.17800,1515556.02586692,0.17800
2017-08-08T12:00:00.000Z,0.17810,0.19650,0.17762,0.18556,4122218.63249074,0.18556
2017-08-08T16:00:00.000Z,0.18694,0.18780,0.18000,0.18742,1260466.12463775,0.18742
2017-08-08T20:00:00.000Z,0.18740,0.19790,0.18662,0.19785,1893407.43275828,0.19785
2017-08-09T00:00:00.000Z,0.19629,0.19750,0.18800,0.19374,1548882.32218760,0.19374
2017-08-09T04:00:00.000Z,0.19335,0.19400,0.19052,0.19130,1032007.99500596,0.19130
2017-08-09T08:00:00.000Z,0.19199,0.19200,0.18368,0.18440,1559316.85838574,0.18440
2017-08-09T12:00:00.000Z,0.18440,0.18899,0.18340,0.18380,1236953.10431277,0.18380
2017-08-09T16:00:00.000Z,0.18498,0.18798,0.18350,0.18696,767051.90937689,0.18696
2017-08-09T20:00:00.000Z,0.18691,0.18786,0.18455,0.18700,1060739.90763327,0.18700
2017-08-10T00:00:00.000Z,0.18700,0.18700,0.18310,0.18421,666462.46840210,0.18421
2017-08-10T04:00:00.000Z,0.18400,0.18429,0.18148,0.18249,763213.93984957,0.18249
2017-08-10T08:00:00.000Z,0.18152,0.18694,0.18152,0.18576,784783.80453920,0.18576
2017-08-10T12:00:00.000Z,0.18576,0.18593,0.18206,0.18499,1039672.64661215,0.18499
2017-08-10T16:00:00.000Z,0.18500,0.18618,0.18400,0.18517,690379.71186350,0.18517
2017-08-10T20:00:00.000Z,0.18517,0.18518,0.18219,0.18318,820732.45347539,0.18318
2017-08-11T00:00:00.000Z,0.18315,0.18399,0.18000,0.18340,1805645.51505050,0.18340
2017-08-11T04:00:00.000Z,0.18360,0.18800,0.18213,0.18291,1327086.21317581,0.18291
2017-08-11T08:00:00.000Z,0.18342,0.18342,0.17900,0.18000,1060612.89228495,0.18000
2017-08-11T12:00:00.000Z,0.18010,0.18113,0.17607,0.17774,1212106.79033707,0.17774
2017-08-11T16:00:00.000Z,0.17761,0.18099,0.17650,0.17850,1149377.75350895,0.17850
2017-08-11T20:00:00.000Z,0.17849,0.18150,0.17619,0.17920,746277.24667692,0.17920
2017-08-12T00:00:00.000Z,0.17920,0.18380,0.17911,0.18068,709694.91479259,0.18068
2017-08-12T04:00:00.000Z,0.18066,0.18173,0.17690,0.17901,1603007.14569668,0.17901
2017-08-12T08:00:00.000Z,0.17821,0.17989,0.17610,0.17744,744094.55456205,0.17744
2017-08-12T12:00:00.000Z,0.17734,0.18000,0.17500,0.17500,2345571.26085090,0.17500
2017-08-12T16:00:00.000Z,0.17506,0.17678,0.17200,0.17500,1741780.82891004,0.17500
2017-08-12T20:00:00.000Z,0.17470,0.17673,0.17155,0.17204,1197789.67209537,0.17204
2017-08-13T00:00:00.000Z,0.17203,0.17463,0.15800,0.16811,3393873.29016982,0.16811
2017-08-13T04:00:00.000Z,0.16979,0.17220,0.16600,0.17071,2810769.12659168,0.17071
2017-08-13T08:00:00.000Z,0.16604,0.17500,0.16296,0.16340,941834.82725075,0.16340
2017-08-13T12:00:00.000Z,0.16398,0.16920,0.16300,0.16742,786893.48071648,0.16742
2017-08-13T16:00:00.000Z,0.16742,0.17099,0.16610,0.16703,1014816.84239701,0.16703
2017-08-13T20:00:00.000Z,0.16730,0.16996,0.16358,0.16652,1295587.05777365,0.16652
2017-08-14T00:00:00.000Z,0.16651,0.18050,0.16511,0.17494,2517806.47667467,0.17494
2017-08-14T04:00:00.000Z,0.17495,0.17876,0.17096,0.17325,982362.98923649,0.17325
2017-08-14T08:00:00.000Z,0.17325,0.17382,0.16850,0.16904,768149.10576923,0.16904
2017-08-14T12:00:00.000Z,0.16961,0.17249,0.16530,0.16800,986092.06172592,0.16800
2017-08-14T16:00:00.000Z,0.16800,0.17122,0.16509,0.16890,885395.30472977,0.16890
2017-08-14T20:00:00.000Z,0.16870,0.16982,0.16600,0.16887,718552.78276040,0.16887
2017-08-15T00:00:00.000Z,0.16887,0.16936,0.16239,0.16354,2510844.06770617,0.16354
2017-08-15T04:00:00.000Z,0.16498,0.16807,0.16223,0.16548,1584908.41605480,0.16548
2017-08-15T08:00:00.000Z,0.16525,0.16587,0.15880,0.15944,1768732.52037313,0.15944
2017-08-15T12:00:00.000Z,0.15997,0.16269,0.15376,0.15782,2304500.97528598,0.15782
2017-08-15T16:00:00.000Z,0.15716,0.16000,0.15543,0.15641,867119.12346424,0.15641
2017-08-15T20:00:00.000Z,0.15625,0.15900,0.15397,0.15899,1061690.90643663,0.15899
2017-08-16T00:00:00.000Z,0.15834,0.15989,0.15320,0.15470,1185734.47722909,0.15470
2017-08-16T04:00:00.000Z,0.15472,0.15493,0.15000,0.15270,1118942.94698303,0.15270
2017-08-16T08:00:00.000Z,0.15260,0.15522,0.15136,0.15299,1574531.73230856,0.15299
2017-08-16T12:00:00.000Z,0.15277,0.15819,0.15000,0.15799,3123189.14346537,0.15799
2017-08-16T16:00:00.000Z,0.15714,0.15840,0.15542,0.15827,1553130.43841705,0.15827
2017-08-16T20:00:00.000Z,0.15827,0.16117,0.15680,0.16045,1476841.49124425,0.16045
2017-08-17T00:00:00.000Z,0.16035,0.16251,0.15879,0.15960,994753.04823102,0.15960
2017-08-17T04:00:00.000Z,0.15959,0.16000,0.15800,0.15866,1097332.22846842,0.15866
2017-08-17T08:00:00.000Z,0.15898,0.16035,0.15869,0.15910,719409.58045632,0.15910
2017-08-17T12:00:00.000Z,0.15938,0.15999,0.15600,0.15710,1004662.63638216,0.15710
2017-08-17T16:00:00.000Z,0.15710,0.16000,0.15200,0.15700,1201044.25227049,0.15700
2017-08-17T20:00:00.000Z,0.15720,0.16000,0.15509,0.15820,504152.42235722,0.15820
2017-08-18T00:00:00.000Z,0.15820,0.15880,0.15000,0.15538,1341265.76567391,0.15538
2017-08-18T04:00:00.000Z,0.15527,0.15799,0.15500,0.15747,1011153.26293126,0.15747
2017-08-18T08:00:00.000Z,0.15729,0.16475,0.15511,0.15900,2011633.52912744,0.15900
2017-08-18T12:00:00.000Z,0.15896,0.16500,0.15266,0.15670,1164177.40430802,0.15670
2017-08-18T16:00:00.000Z,0.15670,0.17290,0.15570,0.16100,2956090.40320980,0.16100
2017-08-18T20:00:00.000Z,0.16104,0.16700,0.15000,0.15711,1601017.49278293,0.15711
2017-08-19T00:00:00.000Z,0.15718,0.16250,0.15718,0.15940,776552.97695218,0.15940
2017-08-19T04:00:00.000Z,0.15932,0.16044,0.15800,0.15800,371694.05466167,0.15800
2017-08-19T08:00:00.000Z,0.15800,0.16040,0.15600,0.15600,645932.25929854,0.15600
2017-08-19T12:00:00.000Z,0.15600,0.15999,0.14850,0.15300,2986774.07450310,0.15300
2017-08-19T16:00:00.000Z,0.15299,0.15752,0.14900,0.15500,1106765.02645582,0.15500
2017-08-19T20:00:00.000Z,0.15100,0.15864,0.15100,0.15627,589422.73030272,0.15627
2017-08-20T00:00:00.000Z,0.15278,0.15700,0.15240,0.15260,362565.90433485,0.15260
2017-08-20T04:00:00.000Z,0.15259,0.15427,0.15160,0.15284,808927.64748494,0.15284
2017-08-20T08:00:00.000Z,0.15315,0.15700,0.15314,0.15410,595583.64994770,0.15410
2017-08-20T12:00:00.000Z,0.15469,0.16000,0.15245,0.15742,1163289.51245857,0.15742
2017-08-20T16:00:00.000Z,0.15743,0.16049,0.15611,0.15829,1230964.20317683,0.15829
2017-08-20T20:00:00.000Z,0.15887,0.16251,0.15611,0.15941,791577.88821691,0.15941
2017-08-21T00:00:00.000Z,0.15941,0.15978,0.15800,0.15847,279721.35972310,0.15847
2017-08-21T04:00:00.000Z,0.15835,0.15953,0.15250,0.15848,2002055.63441531,0.15848
2017-08-21T08:00:00.000Z,0.15848,0.16089,0.15563,0.15700,1084065.98953641,0.15700
2017-08-21T12:00:00.000Z,0.15700,0.16750,0.15660,0.16084,1781254.28414849,0.16084
2017-08-21T16:00:00.000Z,0.16090,0.18200,0.15900,0.16999,4223858.46546462,0.16999
2017-08-21T20:00:00.000Z,0.17049,0.21000,0.16992,0.19674,9312404.46638834,0.19674
2017-08-22T00:00:00.000Z,0.19755,0.20799,0.18595,0.19524,4843521.89148478,0.19524
2017-08-22T04:00:00.000Z,0.19554,0.19914,0.17500,0.17560,3707055.50268482,0.17560
2017-08-22T08:00:00.000Z,0.17560,0.19500,0.17500,0.19400,2292085.12658784,0.19400
2017-08-22T12:00:00.000Z,0.19419,0.21299,0.19120,0.21070,5665866.07682620,0.21070
2017-08-22T16:00:00.000Z,0.21100,0.24700,0.20995,0.24700,10105731.93557347,0.24700
2017-08-22T20:00:00.000Z,0.24695,0.26458,0.23004,0.24124,6542790.00557301,0.24124
2017-08-23T00:00:00.000Z,0.24293,0.29800,0.23908,0.28699,9412652.73162029,0.28699
2017-08-23T04:00:00.000Z,0.29000,0.29900,0.27210,0.29600,8746537.60866062,0.29600
2017-08-23T08:00:00.000Z,0.29600,0.29600,0.27000,0.28131,3433599.13740420,0.28131
2017-08-23T12:00:00.000Z,0.28161,0.29550,0.27514,0.28910,3437164.25729082,0.28910
2017-08-23T16:00:00.000Z,0.28910,0.29800,0.23333,0.24220,10444567.76230729,0.24220
2017-08-23T20:00:00.000Z,0.24750,0.26700,0.22100,0.24661,10091713.26054920,0.24661
2017-08-24T00:00:00.000Z,0.24700,0.25900,0.23594,0.24190,4095885.58317348,0.24190
2017-08-24T04:00:00.000Z,0.23900,0.27500,0.23500,0.26871,4705741.90836284,0.26871
2017-08-24T08:00:00.000Z,0.26961,0.27250,0.25540,0.26812,2275669.11737698,0.26812
2017-08-24T12:00:00.000Z,0.26814,0.28944,0.26300,0.27399,6762564.23317477,0.27399
2017-08-24T16:00:00.000Z,0.27357,0.27689,0.22600,0.22925,12503794.28772641,0.22925
2017-08-24T20:00:00.000Z,0.22925,0.23590,0.21501,0.21848,4705690.22958938,0.21848
2017-08-25T00:00:00.000Z,0.21838,0.22150,0.20384,0.21200,6611137.21222988,0.21200
2017-08-25T04:00:00.000Z,0.21072,0.23499,0.21067,0.22800,3773001.08100962,0.22800
2017-08-25T08:00:00.000Z,0.22820,0.23021,0.21512,0.21597,2380286.50289402,0.21597
2017-08-25T12:00:00.000Z,0.21510,0.22367,0.21010,0.21600,2087656.52488379,0.21600
2017-08-25T16:00:00.000Z,0.21637,0.22202,0.21500,0.21554,2175177.63849281,0.21554
2017-08-25T20:00:00.000Z,0.21554,0.22198,0.21550,0.21816,654067.64344727,0.21816
2017-08-26T00:00:00.000Z,0.21804,0.23333,0.21740,0.21800,3249349.18424994,0.21800
2017-08-26T04:00:00.000Z,0.21766,0.22366,0.21510,0.21600,2083720.63006759,0.21600
2017-08-26T08:00:00.000Z,0.21559,0.22335,0.21488,0.21544,1308469.32072575,0.21544
2017-08-26T12:00:00.000Z,0.21544,0.21700,0.20660,0.20848,1730313.66322877,0.20848
2017-08-26T16:00:00.000Z,0.20850,0.21545,0.20660,0.21480,1250786.26702372,0.21480
2017-08-26T20:00:00.000Z,0.21480,0.21545,0.20817,0.21010,864450.35467972,0.21010
2017-08-27T00:00:00.000Z,0.21010,0.21199,0.20000,0.20332,2089585.66560381,0.20332
2017-08-27T04:00:00.000Z,0.20331,0.20843,0.19338,0.20737,3244627.25610110,0.20737
2017-08-27T08:00:00.000Z,0.20688,0.20847,0.19822,0.20004,932149.99595427,0.20004
2017-08-27T12:00:00.000Z,0.20008,0.20131,0.19300,0.20010,2466942.90221939,0.20010
2017-08-27T16:00:00.000Z,0.20010,0.20379,0.19940,0.20339,944153.15227060,0.20339
2017-08-27T20:00:00.000Z,0.20328,0.20497,0.20000,0.20184,1722668.90650100,0.20184
2017-08-28T00:00:00.000Z,0.20180,0.20180,0.19530,0.20056,1606279.51664842,0.20056
2017-08-28T04:00:00.000Z,0.20024,0.20149,0.19525,0.20004,1949633.30792519,0.20004
2017-08-28T08:00:00.000Z,0.20116,0.20189,0.19512,0.19690,1689729.50835434,0.19690
2017-08-28T12:00:00.000Z,0.19600,0.20083,0.19320,0.19981,4310028.36519460,0.19981
2017-08-28T16:00:00.000Z,0.20048,0.24000,0.20010,0.22155,11829389.76345420,0.22155
2017-08-28T20:00:00.000Z,0.22259,0.23800,0.22000,0.22492,7079505.63876710,0.22492
2017-08-29T00:00:00.000Z,0.22575,0.22594,0.21210,0.21500,2603164.15301975,0.21500
2017-08-29T04:00:00.000Z,0.21443,0.23000,0.21204,0.22018,2699533.34314371,0.22018
2017-08-29T08:00:00.000Z,0.22018,0.22465,0.21300,0.22120,1700672.70009575,0.22120
2017-08-29T12:00:00.000Z,0.22124,0.22800,0.21900,0.22047,2540703.86803242,0.22047
2017-08-29T16:00:00.000Z,0.22047,0.22900,0.22000,0.22456,1288216.87430470,0.22456
2017-08-29T20:00:00.000Z,0.22460,0.22550,0.21901,0.22170,1583994.51129098,0.22170
2017-08-30T00:00:00.000Z,0.22170,0.22549,0.22100,0.22390,1015429.95379664,0.22390
2017-08-30T04:00:00.000Z,0.22422,0.22499,0.22000,0.22174,1085468.11892774,0.22174
2017-08-30T08:00:00.000Z,0.22164,0.22398,0.22000,0.22219,987590.51067988,0.22219
2017-08-30T12:00:00.000Z,0.22220,0.23488,0.22200,0.22975,2344212.76802887,0.22975
2017-08-30T16:00:00.000Z,0.22975,0.23153,0.22724,0.22870,2767659.01714946,0.22870
2017-08-30T20:00:00.000Z,0.22999,0.23300,0.22800,0.23238,1515516.59831793,0.23238
2017-08-31T00:00:00.000Z,0.23269,0.23400,0.22930,0.23039,2088587.32964196,0.23039
2017-08-31T04:00:00.000Z,0.23018,0.23290,0.22800,0.23119,732628.65911337,0.23119
2017-08-31T08:00:00.000Z,0.23115,0.23400,0.23100,0.23400,1819431.94171347,0.23400
2017-08-31T12:00:00.000Z,0.23400,0.25089,0.23320,0.24950,7437376.63301434,0.24950
2017-08-31T16:00:00.000Z,0.25000,0.25133,0.24200,0.24791,4677066.74913450,0.24791
2017-08-31T20:00:00.000Z,0.24730,0.26700,0.24700,0.26000,6365701.14959421,0.26000
2017-09-01T00:00:00.000Z,0.25999,0.26500,0.25109,0.25850,3746453.77794999,0.25850
2017-09-01T04:00:00.000Z,0.25850,0.26000,0.24520,0.25394,4070298.73879313,0.25394
2017-09-01T08:00:00.000Z,0.25394,0.26000,0.25252,0.25698,2375117.87677406,0.25698
2017-09-01T12:00:00.000Z,0.25500,0.25999,0.25000,0.25500,2685899.76298130,0.25500
2017-09-01T16:00:00.000Z,0.25500,0.25849,0.25000,0.25494,3878324.55677129,0.25494
2017-09-01T20:00:00.000Z,0.25500,0.25800,0.25300,0.25383,2659155.49734841,0.25383
2017-09-02T00:00:00.000Z,0.25376,0.25450,0.24140,0.24200,3835290.11108406,0.24200
2017-09-02T04:00:00.000Z,0.24299,0.24899,0.22800,0.23892,4629984.49582263,0.23892
2017-09-02T08:00:00.000Z,0.23892,0.24265,0.23000,0.23650,2322777.84578485,0.23650
2017-09-02T12:00:00.000Z,0.23650,0.24224,0.22300,0.22655,2437524.99598107,0.22655
2017-09-02T16:00:00.000Z,0.22645,0.23600,0.22500,0.23069,2484254.13959900,0.23069
2017-09-02T20:00:00.000Z,0.23081,0.23270,0.22300,0.22818,3391733.34380064,0.22818
2017-09-03T00:00:00.000Z,0.22823,0.23400,0.22800,0.23326,2613476.82513499,0.23326
2017-09-03T04:00:00.000Z,0.23293,0.24000,0.23119,0.23479,1789394.81510895,0.23479
2017-09-03T08:00:00.000Z,0.23474,0.23885,0.22663,0.22936,1260145.34996792,0.22936
2017-09-03T12:00:00.000Z,0.22887,0.23147,0.22100,0.22605,1689028.91979854,0.22605
2017-09-03T16:00:00.000Z,0.22605,0.23168,0.22605,0.22970,1481726.35584892,0.22970
2017-09-03T20:00:00.000Z,0.23038,0.23446,0.22910,0.23388,925025.74735692,0.23388
2017-09-04T00:00:00.000Z,0.23388,0.23400,0.22810,0.22936,764106.37634091,0.22936
2017-09-04T04:00:00.000Z,0.22932,0.23133,0.22194,0.22194,341293.15903112,0.22194
2017-09-04T08:00:00.000Z,0.22205,0.22299,0.20650,0.20936,2483621.70170147,0.20936
2017-09-04T12:00:00.000Z,0.20670,0.20999,0.20000,0.20500,3471291.72132064,0.20500
2017-09-04T16:00:00.000Z,0.20500,0.22700,0.19700,0.21902,4115700.27751151,0.21902
2017-09-04T20:00:00.000Z,0.21710,0.23000,0.20824,0.21139,2339293.04004569,0.21139
2017-09-05T00:00:00.000Z,0.21596,0.21596,0.19900,0.20557,2270294.56123500,0.20557
2017-09-05T04:00:00.000Z,0.20558,0.21900,0.20017,0.21593,1362083.77831798,0.21593
2017-09-05T08:00:00.000Z,0.21591,0.21975,0.21220,0.21899,1035509.34985052,0.21899
2017-09-05T12:00:00.000Z,0.21900,0.22898,0.21220,0.21501,2017645.21875167,0.21501
2017-09-05T16:00:00.000Z,0.21557,0.22800,0.21400,0.22523,1313789.57137909,0.22523
2017-09-05T20:00:00.000Z,0.22523,0.22709,0.22000,0.22244,1345583.58050935,0.22244
2017-09-06T00:00:00.000Z,0.22244,0.23000,0.22243,0.23000,1895533.36290001,0.23000
2017-09-06T04:00:00.000Z,0.23000,0.23000,0.22200,0.22825,1374028.77574066,0.22825
2017-09-06T08:00:00.000Z,0.22825,0.24000,0.22796,0.23228,1753089.82956357,0.23228
2017-09-06T12:00:00.000Z,0.23228,0.23752,0.22900,0.23213,2101867.68677870,0.23213
2017-09-06T16:00:00.000Z,0.23209,0.24000,0.23106,0.23174,1806154.19973291,0.23174
2017-09-06T20:00:00.000Z,0.23184,0.23700,0.23000,0.23428,1422751.95929539,0.23428
2017-09-07T00:00:00.000Z,0.23432,0.23493,0.22100,0.22860,2691371.25699109,0.22860
2017-09-07T04:00:00.000Z,0.22772,0.23000,0.22500,0.22683,819265.48472629,0.22683
2017-09-07T08:00:00.000Z,0.22676,0.23296,0.22031,0.22741,1048942.90252952,0.22741
2017-09-07T12:00:00.000Z,0.22881,0.23300,0.22624,0.23200,1754778.29707985,0.23200
2017-09-07T16:00:00.000Z,0.23195,0.23503,0.22923,0.23084,1226085.75670812,0.23084
2017-09-07T20:00:00.000Z,0.22956,0.23223,0.22740,0.22981,879069.96370563,0.22981
2017-09-08T00:00:00.000Z,0.22983,0.23020,0.22699,0.22782,2126822.49254549,0.22782
2017-09-08T04:00:00.000Z,0.22824,0.23171,0.22750,0.23043,529973.64413152,0.23043
2017-09-08T08:00:00.000Z,0.23010,0.23160,0.22819,0.22940,400543.96305934,0.22940
2017-09-08T12:00:00.000Z,0.22940,0.23068,0.21000,0.21800,4409011.30534254,0.21800
2017-09-08T16:00:00.000Z,0.21800,0.22297,0.21000,0.21001,2173090.12964844,0.21001
2017-09-08T20:00:00.000Z,0.21000,0.21675,0.20700,0.21620,2611092.06050877,0.21620
2017-09-09T00:00:00.000Z,0.21620,0.21669,0.21072,0.21471,947871.01374579,0.21471
2017-09-09T04:00:00.000Z,0.21471,0.21690,0.21320,0.21684,658720.93729122,0.21684
2017-09-09T08:00:00.000Z,0.21615,0.21690,0.21401,0.21520,297349.54667844,0.21520
2017-09-09T12:00:00.000Z,0.21520,0.21638,0.21300,0.21452,644546.51072331,0.21452
2017-09-09T16:00:00.000Z,0.21451,0.21550,0.20702,0.21300,1260114.48283643,0.21300
2017-09-09T20:00:00.000Z,0.21227,0.21620,0.21176,0.21406,901556.51649093,0.21406
2017-09-10T00:00:00.000Z,0.21417,0.21798,0.21000,0.21001,689874.81590531,0.21001
2017-09-10T04:00:00.000Z,0.21059,0.21190,0.20499,0.20827,994162.82798439,0.20827
2017-09-10T08:00:00.000Z,0.20850,0.21167,0.20459,0.20700,793241.73002404,0.20700
2017-09-10T12:00:00.000Z,0.20752,0.21300,0.20671,0.21084,435878.63661685,0.21084
2017-09-10T16:00:00.000Z,0.21102,0.22796,0.21102,0.22549,2918372.32637848,0.22549
2017-09-10T20:00:00.000Z,0.22555,0.22555,0.21850,0.22033,1045080.37885345,0.22033
2017-09-11T00:00:00.000Z,0.21945,0.22100,0.21551,0.21951,903430.87285436,0.21951
2017-09-11T04:00:00.000Z,0.21951,0.21951,0.20752,0.21642,1169119.10921996,0.21642
2017-09-11T08:00:00.000Z,0.21642,0.21990,0.21447,0.21776,928429.01590410,0.21776
2017-09-11T12:00:00.000Z,0.21732,0.22989,0.21572,0.22031,980829.37897980,0.22031
2017-09-11T16:00:00.000Z,0.22085,0.22335,0.21603,0.21616,920726.46909525,0.21616
2017-09-11T20:00:00.000Z,0.21735,0.21970,0.21320,0.21616,1006064.04494390,0.21616
2017-09-12T00:00:00.000Z,0.21432,0.22000,0.21432,0.21930,783656.65810545,0.21930
2017-09-12T04:00:00.000Z,0.21840,0.22498,0.21758,0.22493,842163.59436125,0.22493
2017-09-12T08:00:00.000Z,0.22491,0.22499,0.22022,0.22277,548864.11424129,0.22277
2017-09-12T12:00:00.000Z,0.22270,0.22524,0.21703,0.21899,1283020.58359118,0.21899
2017-09-12T16:00:00.000Z,0.21968,0.22199,0.20580,0.21042,2947548.07716216,0.21042
2017-09-12T20:00:00.000Z,0.21042,0.21268,0.20830,0.21002,1183499.67502623,0.21002
2017-09-13T00:00:00.000Z,0.21010,0.21097,0.20000,0.20000,3174981.87116465,0.20000
2017-09-13T04:00:00.000Z,0.20000,0.20516,0.19610,0.20113,2513844.83634719,0.20113
2017-09-13T08:00:00.000Z,0.20112,0.20361,0.19262,0.19400,1913492.99552172,0.19400
2017-09-13T12:00:00.000Z,0.19370,0.19997,0.19100,0.19570,1852323.94720158,0.19570
2017-09-13T16:00:00.000Z,0.19570,0.20439,0.19413,0.19801,1782570.07875800,0.19801
2017-09-13T20:00:00.000Z,0.19754,0.20298,0.19622,0.20134,770255.92365641,0.20134
2017-09-14T00:00:00.000Z,0.20134,0.20294,0.19500,0.19541,3109759.27886287,0.19541
2017-09-14T04:00:00.000Z,0.19541,0.20093,0.19400,0.20005,783692.78130840,0.20005
2017-09-14T08:00:00.000Z,0.19976,0.20063,0.18310,0.18357,2309248.68712794,0.18357
2017-09-14T12:00:00.000Z,0.18354,0.18797,0.17250,0.17871,4765814.65376263,0.17871
2017-09-14T16:00:00.000Z,0.17964,0.19500,0.16250,0.17400,5929133.09163408,0.17400
2017-09-14T20:00:00.000Z,0.17396,0.18200,0.17000,0.17266,4155486.55511729,0.17266
2017-09-15T00:00:00.000Z,0.17179,0.18258,0.16912,0.17735,2731089.29229037,0.17735
2017-09-15T04:00:00.000Z,0.17676,0.17917,0.16800,0.17000,2118969.70049373,0.17000
2017-09-15T08:00:00.000Z,0.16998,0.17457,0.15000,0.15370,5263421.14074116,0.15370
2017-09-15T12:00:00.000Z,0.15370,0.19500,0.15149,0.19500,5174248.90098283,0.19500
2017-09-15T16:00:00.000Z,0.19380,0.19500,0.18000,0.18996,4841968.34310228,0.18996
2017-09-15T20:00:00.000Z,0.18836,0.19490,0.18259,0.18700,2277433.68473123,0.18700
2017-09-16T00:00:00.000Z,0.18698,0.19181,0.18500,0.18686,2362150.64708264,0.18686
2017-09-16T04:00:00.000Z,0.18681,0.19599,0.18538,0.19130,3141131.46025149,0.19130
2017-09-16T08:00:00.000Z,0.19166,0.19350,0.18100,0.18638,2576443.31984051,0.18638
2017-09-16T12:00:00.000Z,0.18545,0.18697,0.17820,0.17905,1557627.37100886,0.17905
2017-09-16T16:00:00.000Z,0.17902,0.18653,0.17765,0.18500,1887687.99020297,0.18500
2017-09-16T20:00:00.000Z,0.18499,0.18602,0.18289,0.18437,445909.26723647,0.18437
2017-09-17T00:00:00.000Z,0.18359,0.18410,0.17900,0.17935,454178.28175338,0.17935
2017-09-17T04:00:00.000Z,0.17974,0.18800,0.17501,0.17501,1571657.62488677,0.17501
2017-09-17T08:00:00.000Z,0.17501,0.17951,0.17332,0.17846,909648.56507451,0.17846
2017-09-17T12:00:00.000Z,0.17846,0.18394,0.17637,0.18322,835943.69216252,0.18322
2017-09-17T16:00:00.000Z,0.18366,0.18700,0.18277,0.18300,1545921.28455845,0.18300
2017-09-17T20:00:00.000Z,0.18299,0.18504,0.18200,0.18285,984165.52539259,0.18285
2017-09-18T00:00:00.000Z,0.18300,0.18800,0.18247,0.18788,1320585.44646048,0.18788
2017-09-18T04:00:00.000Z,0.18622,0.19400,0.18552,0.19312,1973829.95431361,0.19312
2017-09-18T08:00:00.000Z,0.19312,0.19397,0.18800,0.19060,1430809.13050337,0.19060
2017-09-18T12:00:00.000Z,0.19050,0.19676,0.18901,0.19082,2684681.24179201,0.19082
2017-09-18T16:00:00.000Z,0.19182,0.19199,0.18800,0.19111,758571.58535693,0.19111
2017-09-18T20:00:00.000Z,0.19111,0.19494,0.18900,0.19494,931485.16869845,0.19494
2017-09-19T00:00:00.000Z,0.19458,0.19497,0.18685,0.18872,1280009.35566136,0.18872
2017-09-19T04:00:00.000Z,0.18875,0.18965,0.18450,0.18613,1018112.00084166,0.18613
2017-09-19T08:00:00.000Z,0.18574,0.19063,0.18548,0.18731,551948.29791996,0.18731
2017-09-19T12:00:00.000Z,0.18816,0.18981,0.18602,0.18951,852312.42499660,0.18951
2017-09-19T16:00:00.000Z,0.18933,0.19300,0.18651,0.18660,1311408.86265951,0.18660
2017-09-19T20:00:00.000Z,0.18737,0.18795,0.18404,0.18491,2077382.88490238,0.18491
2017-09-20T00:00:00.000Z,0.18497,0.18636,0.18230,0.18230,1038525.85043630,0.18230
2017-09-20T04:00:00.000Z,0.18278,0.18710,0.18042,0.18600,714122.56453315,0.18600
2017-09-20T08:00:00.000Z,0.18600,0.18778,0.18405,0.18432,406608.02489977,0.18432
2017-09-20T12:00:00.000Z,0.18442,0.18875,0.18302,0.18778,969141.56778899,0.18778
2017-09-20T16:00:00.000Z,0.18759,0.18850,0.18342,0.18364,969682.78982850,0.18364
2017-09-20T20:00:00.000Z,0.18354,0.18582,0.18102,0.18141,1609750.33876029,0.18141
2017-09-21T00:00:00.000Z,0.18102,0.18221,0.17980,0.18000,905179.64335725,0.18000
2017-09-21T04:00:00.000Z,0.18040,0.18259,0.17950,0.18218,414764.37238265,0.18218
2017-09-21T08:00:00.000Z,0.18223,0.18293,0.17804,0.18235,597657.83097588,0.18235
2017-09-21T12:00:00.000Z,0.18255,0.18390,0.17700,0.17827,1112330.58571209,0.17827
2017-09-21T16:00:00.000Z,0.17805,0.17969,0.17102,0.17323,1405173.60200830,0.17323
2017-09-21T20:00:00.000Z,0.17321,0.17791,0.17000,0.17111,2112017.85013936,0.17111
2017-09-22T00:00:00.000Z,0.17108,0.17395,0.17047,0.17345,731354.09394179,0.17345
2017-09-22T04:00:00.000Z,0.17345,0.17771,0.17248,0.17523,790367.90277237,0.17523
2017-09-22T08:00:00.000Z,0.17457,0.17457,0.16904,0.16904,878950.25986911,0.16904
2017-09-22T12:00:00.000Z,0.17020,0.17225,0.16743,0.16800,882454.59881869,0.16800
2017-09-22T16:00:00.000Z,0.16900,0.17192,0.16731,0.17150,673990.81656334,0.17150
2017-09-22T20:00:00.000Z,0.17113,0.17372,0.17075,0.17268,865406.77338475,0.17268
2017-09-23T00:00:00.000Z,0.17300,0.17364,0.17020,0.17157,357205.61478964,0.17157
2017-09-23T04:00:00.000Z,0.17171,0.17899,0.17171,0.17460,1745705.16938679,0.17460
2017-09-23T08:00:00.000Z,0.17457,0.18140,0.17416,0.18119,834719.43990376,0.18119
2017-09-23T12:00:00.000Z,0.18121,0.18200,0.17731,0.17774,1010875.77948813,0.17774
2017-09-23T16:00:00.000Z,0.17774,0.17926,0.17606,0.17911,519808.67011755,0.17911
2017-09-23T20:00:00.000Z,0.17908,0.18000,0.17720,0.17816,497320.01513193,0.17816
2017-09-24T00:00:00.000Z,0.17907,0.18050,0.17700,0.17862,389267.11881863,0.17862
2017-09-24T04:00:00.000Z,0.17928,0.17928,0.17450,0.17476,291222.68665765,0.17476
2017-09-24T08:00:00.000Z,0.17478,0.17598,0.17422,0.17549,219476.11607549,0.17549
2017-09-24T12:00:00.000Z,0.17454,0.17682,0.17437,0.17595,103904.25901415,0.17595
2017-09-24T16:00:00.000Z,0.17619,0.17775,0.17510,0.17764,392729.07018557,0.17764
2017-09-24T20:00:00.000Z,0.17700,0.17744,0.17552,0.17641,519604.52076727,0.17641
2017-09-25T00:00:00.000Z,0.17638,0.17997,0.17498,0.17886,1038563.38810046,0.17886
2017-09-25T04:00:00.000Z,0.17888,0.18084,0.17826,0.17930,556279.87469352,0.17930
2017-09-25T08:00:00.000Z,0.17930,0.17949,0.17770,0.17900,420606.14867259,0.17900
2017-09-25T12:00:00.000Z,0.17900,0.18659,0.17812,0.18530,663876.39620509,0.18530
2017-09-25T16:00:00.000Z,0.18547,0.18703,0.18256,0.18476,760929.24166077,0.18476
2017-09-25T20:00:00.000Z,0.18476,0.18699,0.18349,0.18558,358444.66198289,0.18558
2017-09-26T00:00:00.000Z,0.18509,0.18670,0.18357,0.18448,602911.95291527,0.18448
2017-09-26T04:00:00.000Z,0.18448,0.18526,0.18110,0.18394,818580.65866001,0.18394
2017-09-26T08:00:00.000Z,0.18432,0.18580,0.18400,0.18505,203436.07865234,0.18505
2017-09-26T12:00:00.000Z,0.18508,0.18642,0.18427,0.18532,508256.33790348,0.18532
2017-09-26T16:00:00.000Z,0.18508,0.18940,0.18425,0.18727,789458.01969368,0.18727
2017-09-26T20:00:00.000Z,0.18731,0.19400,0.18606,0.18850,3009921.67499949,0.18850
2017-09-27T00:00:00.000Z,0.18850,0.19199,0.18700,0.19099,1240468.99667497,0.19099
2017-09-27T04:00:00.000Z,0.19080,0.19700,0.18984,0.19682,1349414.63842771,0.19682
2017-09-27T08:00:00.000Z,0.19591,0.21000,0.19429,0.20650,2678181.57657850,0.20650
2017-09-27T12:00:00.000Z,0.20628,0.21499,0.20430,0.20970,5686872.26502919,0.20970
2017-09-27T16:00:00.000Z,0.20975,0.21401,0.20712,0.21350,2444358.10103840,0.21350
2017-09-27T20:00:00.000Z,0.21367,0.21393,0.20911,0.21023,1815392.23898343,0.21023
2017-09-28T00:00:00.000Z,0.21034,0.21074,0.20356,0.20400,1232131.03077498,0.20400
2017-09-28T04:00:00.000Z,0.20355,0.20994,0.20121,0.20228,1968039.21890369,0.20228
2017-09-28T08:00:00.000Z,0.20227,0.20695,0.19700,0.20144,1823222.16929698,0.20144
2017-09-28T12:00:00.000Z,0.20144,0.20587,0.19801,0.20023,1394638.55445496,0.20023
2017-09-28T16:00:00.000Z,0.20023,0.20600,0.19958,0.20179,2737667.54131864,0.20179
2017-09-28T20:00:00.000Z,0.20142,0.20418,0.20102,0.20214,654480.94432552,0.20214
2017-09-29T00:00:00.000Z,0.20197,0.20236,0.18911,0.19082,2419252.68686299,0.19082
2017-09-29T04:00:00.000Z,0.19098,0.19654,0.18769,0.19503,1594520.78290508,0.19503
2017-09-29T08:00:00.000Z,0.19470,0.19699,0.19256,0.19652,987446.03692059,0.19652
2017-09-29T12:00:00.000Z,0.19648,0.20000,0.19542,0.19872,863893.90274307,0.19872
2017-09-29T16:00:00.000Z,0.19877,0.20123,0.19680,0.19749,1040502.09501283,0.19749
2017-09-29T20:00:00.000Z,0.19758,0.19930,0.19630,0.19641,245099.18503717,0.19641
2017-09-30T00:00:00.000Z,0.19630,0.20149,0.19604,0.19968,601767.55820281,0.19968
2017-09-30T04:00:00.000Z,0.19978,0.20636,0.19978,0.20267,764126.50432992,0.20267
2017-09-30T08:00:00.000Z,0.20277,0.20572,0.20132,0.20229,575768.58539811,0.20229
2017-09-30T12:00:00.000Z,0.20308,0.20555,0.20100,0.20388,588752.15129536,0.20388
2017-09-30T16:00:00.000Z,0.20388,0.20548,0.20219,0.20315,677509.90623589,0.20315
2017-09-30T20:00:00.000Z,0.20350,0.20447,0.19511,0.19903,2902032.73829159,0.19903
2017-10-01T00:00:00.000Z,0.19904,0.20189,0.19661,0.19827,884814.74286774,0.19827
2017-10-01T04:00:00.000Z,0.19827,0.20094,0.19824,0.20094,262348.49171996,0.20094
2017-10-01T08:00:00.000Z,0.20094,0.20094,0.19877,0.19977,469004.40703071,0.19977
2017-10-01T12:00:00.000Z,0.19959,0.19969,0.19700,0.19797,683982.75829937,0.19797
2017-10-01T16:00:00.000Z,0.19772,0.19919,0.19602,0.19830,602043.96203850,0.19830
2017-10-01T20:00:00.000Z,0.19840,0.20969,0.19750,0.20735,934712.78563748,0.20735
2017-10-02T00:00:00.000Z,0.20749,0.20940,0.20316,0.20352,1488862.03618070,0.20352
2017-10-02T04:00:00.000Z,0.20369,0.20600,0.20258,0.20363,474104.11539231,0.20363
2017-10-02T08:00:00.000Z,0.20281,0.20497,0.20081,0.20169,515926.78039014,0.20169
2017-10-02T12:00:00.000Z,0.20150,0.20351,0.20000,0.20151,1720300.85305610,0.20151
2017-10-02T16:00:00.000Z,0.20175,0.20651,0.20161,0.20604,983025.70264840,0.20604
2017-10-02T20:00:00.000Z,0.20603,0.20737,0.20013,0.20302,1315126.03581055,0.20302
2017-10-03T00:00:00.000Z,0.20290,0.20626,0.20264,0.20550,557087.51274047,0.20550
2017-10-03T04:00:00.000Z,0.20448,0.20517,0.19961,0.20085,1167740.13551145,0.20085
2017-10-03T08:00:00.000Z,0.20012,0.20235,0.19926,0.19977,517177.22612276,0.19977
2017-10-03T12:00:00.000Z,0.20000,0.20100,0.19800,0.20066,1009003.26667884,0.20066
2017-10-03T16:00:00.000Z,0.20096,0.20428,0.20013,0.20207,989035.64881336,0.20207
2017-10-03T20:00:00.000Z,0.20169,0.20359,0.20150,0.20272,362327.66087878,0.20272
2017-10-04T00:00:00.000Z,0.20280,0.20479,0.20233,0.20340,388216.65710819,0.20340
2017-10-04T04:00:00.000Z,0.20348,0.20719,0.20325,0.20662,1233023.30931711,0.20662
2017-10-04T08:00:00.000Z,0.20632,0.20638,0.20271,0.20400,871190.45895784,0.20400
2017-10-04T12:00:00.000Z,0.20439,0.21199,0.20150,0.21188,2522980.64998306,0.21188
2017-10-04T16:00:00.000Z,0.21170,0.21599,0.20890,0.21207,4212739.24131270,0.21207
2017-10-04T20:00:00.000Z,0.21218,0.21900,0.21117,0.21392,3127882.29352085,0.21392
2017-10-05T00:00:00.000Z,0.21361,0.23295,0.21361,0.22464,7378962.65858443,0.22464
2017-10-05T04:00:00.000Z,0.22533,0.22799,0.21644,0.22296,2750607.41729218,0.22296
2017-10-05T08:00:00.000Z,0.22255,0.22536,0.21875,0.22180,1552631.24145776,0.22180
2017-10-05T12:00:00.000Z,0.22180,0.23750,0.22170,0.23700,3255239.35943573,0.23700
2017-10-05T16:00:00.000Z,0.23689,0.23718,0.22823,0.23678,3123345.87267565,0.23678
2017-10-05T20:00:00.000Z,0.23690,0.24467,0.23579,0.23820,4463119.02345379,0.23820
2017-10-06T00:00:00.000Z,0.23820,0.23944,0.23345,0.23430,2272219.16600403,0.23430
2017-10-06T04:00:00.000Z,0.23408,0.23884,0.23400,0.23764,1618821.43610691,0.23764
2017-10-06T08:00:00.000Z,0.23764,0.24400,0.23760,0.24145,1479997.92001451,0.24145
2017-10-06T12:00:00.000Z,0.24134,0.24400,0.23713,0.24080,2805870.66115427,0.24080
2017-10-06T16:00:00.000Z,0.24200,0.24334,0.23750,0.23762,1475548.94907934,0.23762
2017-10-06T20:00:00.000Z,0.23762,0.23762,0.23277,0.23360,2156587.52190102,0.23360
2017-10-07T00:00:00.000Z,0.23360,0.23699,0.23281,0.23390,1662187.78123881,0.23390
2017-10-07T04:00:00.000Z,0.23430,0.23750,0.23376,0.23530,491904.81693546,0.23530
2017-10-07T08:00:00.000Z,0.23530,0.23640,0.23290,0.23375,675929.53335344,0.23375
2017-10-07T12:00:00.000Z,0.23295,0.23570,0.23203,0.23500,1020720.73648238,0.23500
2017-10-07T16:00:00.000Z,0.23500,0.23587,0.23341,0.23560,597930.73494657,0.23560
2017-10-07T20:00:00.000Z,0.23443,0.24050,0.23423,0.23873,1609679.77375792,0.23873
2017-10-08T00:00:00.000Z,0.23992,0.24060,0.23769,0.23992,622243.39230150,0.23992
2017-10-08T04:00:00.000Z,0.23992,0.24071,0.23792,0.24060,293297.32646939,0.24060
2017-10-08T08:00:00.000Z,0.24060,0.26699,0.23995,0.26696,6223498.75799055,0.26696
2017-10-08T12:00:00.000Z,0.26603,0.26990,0.25504,0.26080,4810569.20735782,0.26080
2017-10-08T16:00:00.000Z,0.26070,0.26500,0.25804,0.26270,2290128.30492818,0.26270
2017-10-08T20:00:00.000Z,0.26376,0.27990,0.26280,0.27754,4387768.73010467,0.27754
2017-10-09T00:00:00.000Z,0.27900,0.27989,0.25892,0.26900,4420925.62947793,0.26900
2017-10-09T04:00:00.000Z,0.26900,0.27391,0.26551,0.26618,2024806.40122346,0.26618
2017-10-09T08:00:00.000Z,0.26760,0.27355,0.26331,0.27085,1684311.39039722,0.27085
2017-10-09T12:00:00.000Z,0.27085,0.27678,0.26951,0.27340,1719095.37765389,0.27340
2017-10-09T16:00:00.000Z,0.27340,0.27500,0.23700,0.24651,5362001.93431841,0.24651
2017-10-09T20:00:00.000Z,0.24153,0.25899,0.24021,0.24904,4504151.42509415,0.24904
2017-10-10T00:00:00.000Z,0.24907,0.25143,0.23705,0.24617,3945056.96407576,0.24617
2017-10-10T04:00:00.000Z,0.24752,0.25368,0.24404,0.25026,813716.60789697,0.25026
2017-10-10T08:00:00.000Z,0.25045,0.25499,0.24690,0.25100,1379330.50098622,0.25100
2017-10-10T12:00:00.000Z,0.25104,0.27300,0.24847,0.25677,3974529.24853838,0.25677
2017-10-10T16:00:00.000Z,0.25786,0.26300,0.25164,0.25750,2950346.98721003,0.25750
2017-10-10T20:00:00.000Z,0.25750,0.26190,0.25282,0.25748,1488907.87437343,0.25748
2017-10-11T00:00:00.000Z,0.25599,0.26100,0.25305,0.26090,1035042.94274911,0.26090
2017-10-11T04:00:00.000Z,0.26030,0.26604,0.25700,0.26467,1242426.94789654,0.26467
2017-10-11T08:00:00.000Z,0.26467,0.26948,0.25601,0.25653,1978655.81814515,0.25653
2017-10-11T12:00:00.000Z,0.26005,0.26200,0.25683,0.26039,1511817.05059593,0.26039
2017-10-11T16:00:00.000Z,0.26003,0.26274,0.25753,0.26200,1255313.84493548,0.26200
2017-10-11T20:00:00.000Z,0.26200,0.26456,0.25990,0.26300,1150178.31617805,0.26300
2017-10-12T00:00:00.000Z,0.26300,0.26580,0.26129,0.26192,984354.09903334,0.26192
2017-10-12T04:00:00.000Z,0.26196,0.26394,0.25400,0.25709,1355695.77439964,0.25709
2017-10-12T08:00:00.000Z,0.25571,0.26000,0.25041,0.25918,1309914.84054182,0.25918
2017-10-12T12:00:00.000Z,0.25857,0.26197,0.25100,0.25519,3635198.53332135,0.25519
2017-10-12T16:00:00.000Z,0.25523,0.25577,0.24613,0.25188,5609200.13873283,0.25188
2017-10-12T20:00:00.000Z,0.25183,0.25493,0.24590,0.24590,1130490.89453980,0.24590
2017-10-13T00:00:00.000Z,0.24588,0.24847,0.23800,0.24300,4188871.33391825,0.24300
2017-10-13T04:00:00.000Z,0.24300,0.25550,0.23500,0.24502,2833420.87045225,0.24502
2017-10-13T08:00:00.000Z,0.24502,0.24830,0.24123,0.24485,980189.04026554,0.24485
2017-10-13T12:00:00.000Z,0.24485,0.26100,0.24450,0.25792,2192148.90272466,0.25792
2017-10-13T16:00:00.000Z,0.25786,0.26500,0.25500,0.25607,2525703.30088718,0.25607
2017-10-13T20:00:00.000Z,0.25697,0.26199,0.25290,0.25887,921187.65121658,0.25887
2017-10-14T00:00:00.000Z,0.25900,0.26800,0.25800,0.26250,1602864.11397578,0.26250
2017-10-14T04:00:00.000Z,0.26150,0.26250,0.25600,0.25924,906420.03172634,0.25924
2017-10-14T08:00:00.000Z,0.25905,0.26742,0.25750,0.25969,1122864.76572257,0.25969
2017-10-14T12:00:00.000Z,0.25920,0.26297,0.25493,0.25791,1076400.80398682,0.25791
2017-10-14T16:00:00.000Z,0.25791,0.26390,0.25501,0.26000,1071475.78204707,0.26000
2017-10-14T20:00:00.000Z,0.25970,0.26300,0.25600,0.25807,1410578.08878716,0.25807
2017-10-15T00:00:00.000Z,0.25600,0.26389,0.25388,0.26177,1514381.96610913,0.26177
2017-10-15T04:00:00.000Z,0.26047,0.26200,0.25553,0.25804,322431.86370104,0.25804
2017-10-15T08:00:00.000Z,0.25704,0.25977,0.25000,0.25222,1042968.68722931,0.25222
2017-10-15T12:00:00.000Z,0.25278,0.26300,0.25261,0.26207,1267177.09120439,0.26207
2017-10-15T16:00:00.000Z,0.26208,0.26890,0.26208,0.26480,2765415.86826484,0.26480
2017-10-15T20:00:00.000Z,0.26578,0.26600,0.26108,0.26550,884976.19234374,0.26550
2017-10-16T00:00:00.000Z,0.26500,0.26589,0.26052,0.26115,845304.38796237,0.26115
2017-10-16T04:00:00.000Z,0.26115,0.28000,0.26100,0.27578,3075232.95409424,0.27578
2017-10-16T08:00:00.000Z,0.27690,0.28000,0.26510,0.27910,2820479.30099682,0.27910
2017-10-16T12:00:00.000Z,0.27910,0.29490,0.27600,0.28133,7033568.41764247,0.28133
2017-10-16T16:00:00.000Z,0.28185,0.28470,0.25000,0.25950,8163137.51160126,0.25950
2017-10-16T20:00:00.000Z,0.25900,0.26597,0.25100,0.25800,4134760.29478078,0.25800
2017-10-17T00:00:00.000Z,0.25812,0.26599,0.25701,0.25711,2158546.56945720,0.25711
2017-10-17T04:00:00.000Z,0.25711,0.26303,0.25101,0.25676,2541733.73238637,0.25676
2017-10-17T08:00:00.000Z,0.25429,0.26159,0.25001,0.25001,2467491.48309322,0.25001
2017-10-17T12:00:00.000Z,0.25200,0.25900,0.24950,0.24950,2347638.91231529,0.24950
2017-10-17T16:00:00.000Z,0.24950,0.25448,0.23130,0.23794,7666429.00223976,0.23794
2017-10-17T20:00:00.000Z,0.23796,0.23945,0.21680,0.22889,7651757.72204776,0.22889
2017-10-18T00:00:00.000Z,0.22889,0.23499,0.22234,0.22846,2970313.96618768,0.22846
2017-10-18T04:00:00.000Z,0.22846,0.23623,0.22277,0.22500,2042944.66384715,0.22500
2017-10-18T08:00:00.000Z,0.22500,0.23399,0.22000,0.22500,1085739.77930707,0.22500
2017-10-18T12:00:00.000Z,0.22392,0.22700,0.21422,0.21834,3529282.58145462,0.21834
2017-10-18T16:00:00.000Z,0.22116,0.22477,0.19990,0.21144,9047808.23066671,0.21144
2017-10-18T20:00:00.000Z,0.21142,0.22136,0.20500,0.21789,2249689.37030499,0.21789
2017-10-19T00:00:00.000Z,0.21788,0.21869,0.20989,0.20989,1395323.11867183,0.20989
2017-10-19T04:00:00.000Z,0.20999,0.21695,0.20572,0.21280,2266871.86165357,0.21280
2017-10-19T08:00:00.000Z,0.21273,0.21344,0.20740,0.21006,1584916.60888343,0.21006
2017-10-19T12:00:00.000Z,0.21004,0.23000,0.20513,0.22887,2568966.52091691,0.22887
2017-10-19T16:00:00.000Z,0.22900,0.22999,0.21422,0.21507,2759181.06852361,0.21507
2017-10-19T20:00:00.000Z,0.21507,0.21786,0.21314,0.21322,961307.91740938,0.21322
2017-10-20T00:00:00.000Z,0.21527,0.21984,0.21300,0.21920,964635.50726848,0.21920
2017-10-20T04:00:00.000Z,0.21802,0.22487,0.21507,0.21739,895281.80861243,0.21739
2017-10-20T08:00:00.000Z,0.21701,0.21840,0.21400,0.21731,616853.05790842,0.21731
2017-10-20T12:00:00.000Z,0.21727,0.21795,0.21187,0.21481,763182.27536612,0.21481
2017-10-20T16:00:00.000Z,0.21362,0.21517,0.20901,0.20901,1294366.59399226,0.20901
2017-10-20T20:00:00.000Z,0.20904,0.21161,0.20600,0.20866,1252604.54809353,0.20866
2017-10-21T00:00:00.000Z,0.20858,0.21013,0.20547,0.20604,1095135.12468432,0.20604
2017-10-21T04:00:00.000Z,0.20604,0.20680,0.20007,0.20674,1295418.60680498,0.20674
2017-10-21T08:00:00.000Z,0.20340,0.20548,0.20068,0.20124,893632.73713081,0.20124
2017-10-21T12:00:00.000Z,0.20304,0.20521,0.19840,0.20150,1726034.03790988,0.20150
2017-10-21T16:00:00.000Z,0.20231,0.20520,0.19750,0.19906,1031041.62083200,0.19906
2017-10-21T20:00:00.000Z,0.19922,0.21094,0.19756,0.20862,2166474.28262962,0.20862
2017-10-22T00:00:00.000Z,0.20915,0.21314,0.20125,0.20500,1697647.97237896,0.20500
2017-10-22T04:00:00.000Z,0.20300,0.21100,0.19756,0.20453,893516.43633676,0.20453
2017-10-22T08:00:00.000Z,0.20453,0.20700,0.19700,0.19970,1013189.69834987,0.19970
2017-10-22T12:00:00.000Z,0.19970,0.20450,0.19912,0.20245,248296.43594131,0.20245
2017-10-22T16:00:00.000Z,0.20245,0.20367,0.20000,0.20002,325156.88506269,0.20002
2017-10-22T20:00:00.000Z,0.20002,0.20331,0.20000,0.20099,223715.73270037,0.20099
2017-10-23T00:00:00.000Z,0.20212,0.20212,0.19963,0.20023,272798.62670847,0.20023
2017-10-23T04:00:00.000Z,0.20023,0.20102,0.19374,0.19400,2169285.25575551,0.19400
2017-10-23T08:00:00.000Z,0.19551,0.19603,0.19123,0.19388,1019842.54422724,0.19388
2017-10-23T12:00:00.000Z,0.19282,0.19449,0.18700,0.18897,2273665.72953072,0.18897
2017-10-23T16:00:00.000Z,0.18860,0.19118,0.18690,0.19030,1591544.24904059,0.19030
2017-10-23T20:00:00.000Z,0.19030,0.19657,0.18946,0.19312,924352.32274519,0.19312
2017-10-24T00:00:00.000Z,0.19348,0.20760,0.18510,0.19960,2727629.57761289,0.19960
2017-10-24T04:00:00.000Z,0.19874,0.20600,0.19870,0.20595,1625146.61495327,0.20595
2017-10-24T08:00:00.000Z,0.20462,0.21090,0.20415,0.20818,1373665.28402417,0.20818
2017-10-24T12:00:00.000Z,0.20811,0.21700,0.20615,0.21215,2606172.93149746,0.21215
2017-10-24T16:00:00.000Z,0.21217,0.21400,0.20698,0.21016,1257461.09950643,0.21016
2017-10-24T20:00:00.000Z,0.21013,0.21126,0.20350,0.20543,946860.38911707,0.20543
2017-10-25T00:00:00.000Z,0.20515,0.20792,0.20000,0.20504,705301.90628708,0.20504
2017-10-25T04:00:00.000Z,0.20506,0.20789,0.20310,0.20553,372391.84686657,0.20553
2017-10-25T08:00:00.000Z,0.20524,0.21320,0.19942,0.20133,1096983.99354490,0.20133
2017-10-25T12:00:00.000Z,0.20133,0.20500,0.19900,0.20256,504224.15377118,0.20256
2017-10-25T16:00:00.000Z,0.20242,0.20358,0.19900,0.20247,689688.51670448,0.20247
2017-10-25T20:00:00.000Z,0.20223,0.20473,0.20000,0.20323,1347585.75524146,0.20323
2017-10-26T00:00:00.000Z,0.20307,0.20554,0.20102,0.20420,351844.94793724,0.20420
2017-10-26T04:00:00.000Z,0.20502,0.20602,0.20115,0.20370,283123.13433344,0.20370
2017-10-26T08:00:00.000Z,0.20259,0.20678,0.20259,0.20500,563397.35261547,0.20500
2017-10-26T12:00:00.000Z,0.20500,0.20669,0.20250,0.20310,790778.52958212,0.20310
2017-10-26T16:00:00.000Z,0.20300,0.20502,0.20113,0.20255,586268.92457028,0.20255
2017-10-26T20:00:00.000Z,0.20125,0.20414,0.20050,0.20280,787301.55638806,0.20280
2017-10-27T00:00:00.000Z,0.20280,0.20496,0.20170,0.20200,535885.33422658,0.20200
2017-10-27T04:00:00.000Z,0.20200,0.20379,0.20010,0.20205,390541.95017290,0.20205
2017-10-27T08:00:00.000Z,0.20207,0.20500,0.20013,0.20214,614014.29463910,0.20214
2017-10-27T12:00:00.000Z,0.20173,0.20218,0.20079,0.20140,481266.67929083,0.20140
2017-10-27T16:00:00.000Z,0.20120,0.20213,0.20000,0.20132,821340.92457053,0.20132
2017-10-27T20:00:00.000Z,0.20132,0.20357,0.20000,0.20210,559249.28102498,0.20210
2017-10-28T00:00:00.000Z,0.20247,0.20305,0.20048,0.20200,363139.93373584,0.20200
2017-10-28T04:00:00.000Z,0.20167,0.20197,0.20042,0.20149,208748.22846368,0.20149
2017-10-28T08:00:00.000Z,0.20149,0.20261,0.20069,0.20069,369503.04737314,0.20069
2017-10-28T12:00:00.000Z,0.20097,0.20134,0.19800,0.19899,821368.83615605,0.19899
2017-10-28T16:00:00.000Z,0.19842,0.20000,0.19800,0.19892,322490.73180226,0.19892
2017-10-28T20:00:00.000Z,0.19946,0.20137,0.19881,0.20137,497877.77128771,0.20137
2017-10-29T00:00:00.000Z,0.20137,0.20137,0.19643,0.19764,885098.06228222,0.19764
2017-10-29T04:00:00.000Z,0.19764,0.20160,0.19764,0.20000,404109.81652066,0.20000
2017-10-29T08:00:00.000Z,0.20000,0.20080,0.19765,0.19856,500982.85355530,0.19856
2017-10-29T12:00:00.000Z,0.19859,0.20502,0.19772,0.20201,920816.58750117,0.20201
2017-10-29T16:00:00.000Z,0.20065,0.20400,0.19963,0.20227,819851.06803778,0.20227
2017-10-29T20:00:00.000Z,0.20227,0.20493,0.20000,0.20181,874344.15744642,0.20181
2017-10-30T00:00:00.000Z,0.20181,0.20464,0.20000,0.20205,410389.40213849,0.20205
2017-10-30T04:00:00.000Z,0.20205,0.20439,0.20100,0.20259,331208.64046420,0.20259
2017-10-30T08:00:00.000Z,0.20259,0.20500,0.20180,0.20317,278636.66673082,0.20317
2017-10-30T12:00:00.000Z,0.20413,0.20484,0.20180,0.20201,393772.41027816,0.20201
2017-10-30T16:00:00.000Z,0.20270,0.20400,0.20101,0.20260,386475.33373551,0.20260
2017-10-30T20:00:00.000Z,0.20131,0.20348,0.20112,0.20160,572831.73114587,0.20160
2017-10-31T00:00:00.000Z,0.20152,0.20400,0.20145,0.20248,464505.42021311,0.20248
2017-10-31T04:00:00.000Z,0.20246,0.20317,0.20200,0.20253,208158.46655275,0.20253
2017-10-31T08:00:00.000Z,0.20253,0.20399,0.20200,0.20399,725932.70706668,0.20399
2017-10-31T12:00:00.000Z,0.20289,0.20489,0.20100,0.20100,1625603.34595932,0.20100
2017-10-31T16:00:00.000Z,0.20108,0.20207,0.20000,0.20164,760171.15476895,0.20164
2017-10-31T20:00:00.000Z,0.20110,0.20191,0.19901,0.19906,578692.08296196,0.19906
2017-11-01T00:00:00.000Z,0.19901,0.20198,0.19800,0.19950,569562.98386723,0.19950
2017-11-01T04:00:00.000Z,0.20000,0.20243,0.19800,0.20081,819952.69496427,0.20081
2017-11-01T08:00:00.000Z,0.19956,0.20183,0.19504,0.19600,795872.99322183,0.19600
2017-11-01T12:00:00.000Z,0.19646,0.20280,0.19501,0.19914,2180943.47108475,0.19914
2017-11-01T16:00:00.000Z,0.19918,0.19918,0.19500,0.19510,1337188.52673932,0.19510
2017-11-01T20:00:00.000Z,0.19522,0.19800,0.19030,0.19070,1915342.31122183,0.19070
2017-11-02T00:00:00.000Z,0.19087,0.19800,0.18802,0.19040,2307828.63917304,0.19040
2017-11-02T04:00:00.000Z,0.19040,0.19181,0.18500,0.18500,1078509.69407594,0.18500
2017-11-02T08:00:00.000Z,0.18653,0.19000,0.18000,0.19000,2174182.23028710,0.19000
2017-11-02T12:00:00.000Z,0.18998,0.19539,0.18443,0.19050,1164300.83144057,0.19050
2017-11-02T16:00:00.000Z,0.19050,0.19400,0.18955,0.19400,646635.29835347,0.19400
2017-11-02T20:00:00.000Z,0.19267,0.20489,0.18950,0.19700,1693684.05184433,0.19700
2017-11-03T00:00:00.000Z,0.19980,0.21990,0.19800,0.19869,4256800.01562322,0.19869
2017-11-03T04:00:00.000Z,0.19856,0.20989,0.19760,0.20211,1097220.03497587,0.20211
2017-11-03T08:00:00.000Z,0.20262,0.20876,0.20200,0.20460,710254.88933921,0.20460
2017-11-03T12:00:00.000Z,0.20239,0.21330,0.20053,0.20622,1593630.26397582,0.20622
2017-11-03T16:00:00.000Z,0.20691,0.21400,0.20606,0.21179,922485.57819253,0.21179
2017-11-03T20:00:00.000Z,0.21234,0.21500,0.20700,0.20700,1698780.94269326,0.20700
2017-11-04T00:00:00.000Z,0.20700,0.20999,0.20130,0.20202,1297458.32183683,0.20202
2017-11-04T04:00:00.000Z,0.20244,0.20490,0.20203,0.20324,380510.49609902,0.20324
2017-11-04T08:00:00.000Z,0.20332,0.20462,0.20155,0.20242,489103.66808352,0.20242
2017-11-04T12:00:00.000Z,0.20252,0.20606,0.20243,0.20300,211508.68961207,0.20300
2017-11-04T16:00:00.000Z,0.20300,0.20508,0.20291,0.20430,459362.17996657,0.20430
2017-11-04T20:00:00.000Z,0.20330,0.20462,0.20100,0.20110,451361.55303974,0.20110
2017-11-05T00:00:00.000Z,0.20110,0.20346,0.20100,0.20150,274888.02696864,0.20150
2017-11-05T04:00:00.000Z,0.20154,0.20440,0.20150,0.20350,366302.19958654,0.20350
2017-11-05T08:00:00.000Z,0.20350,0.20350,0.20154,0.20260,170539.77213182,0.20260
2017-11-05T12:00:00.000Z,0.20206,0.20206,0.19700,0.19985,998812.34854903,0.19985
2017-11-05T16:00:00.000Z,0.19985,0.20098,0.19767,0.19998,573292.65042816,0.19998
2017-11-05T20:00:00.000Z,0.19950,0.20100,0.19859,0.20096,202837.09977467,0.20096
2017-11-06T00:00:00.000Z,0.20008,0.20096,0.19876,0.20014,348930.10982189,0.20014
2017-11-06T04:00:00.000Z,0.20017,0.20200,0.19840,0.20062,974668.31157799,0.20062
2017-11-06T08:00:00.000Z,0.20000,0.20605,0.19800,0.20500,932870.16983859,0.20500
2017-11-06T12:00:00.000Z,0.20587,0.20700,0.20308,0.20500,865431.06440676,0.20500
2017-11-06T16:00:00.000Z,0.20454,0.20600,0.20100,0.20222,726399.35108813,0.20222
2017-11-06T20:00:00.000Z,0.20200,0.20626,0.20166,0.20334,603344.41136566,0.20334
2017-11-07T00:00:00.000Z,0.20334,0.20475,0.20016,0.20100,691415.92378720,0.20100
2017-11-07T04:00:00.000Z,0.20256,0.20410,0.20017,0.20290,959783.30720529,0.20290
2017-11-07T08:00:00.000Z,0.20299,0.20400,0.20166,0.20380,247832.24257581,0.20380
2017-11-07T12:00:00.000Z,0.20380,0.20648,0.20219,0.20269,697422.46006836,0.20269
2017-11-07T16:00:00.000Z,0.20271,0.20400,0.20103,0.20132,578087.63765936,0.20132
2017-11-07T20:00:00.000Z,0.20200,0.20800,0.20121,0.20578,1002978.04806925,0.20578
2017-11-08T00:00:00.000Z,0.20578,0.20744,0.20444,0.20631,871901.79969813,0.20631
2017-11-08T04:00:00.000Z,0.20631,0.20723,0.20479,0.20632,261816.05746210,0.20632
2017-11-08T08:00:00.000Z,0.20620,0.21100,0.20620,0.20846,871002.75621086,0.20846
2017-11-08T12:00:00.000Z,0.20846,0.21100,0.20846,0.21089,348263.00608261,0.21089
2017-11-08T16:00:00.000Z,0.21100,0.21500,0.20870,0.21158,1423536.04080567,0.21158
2017-11-08T20:00:00.000Z,0.21158,0.22365,0.21158,0.21817,2709596.47881617,0.21817
2017-11-09T00:00:00.000Z,0.21800,0.22259,0.21663,0.22139,1541627.04033614,0.22139
2017-11-09T04:00:00.000Z,0.22120,0.22200,0.21675,0.21995,1604921.42196623,0.21995
2017-11-09T08:00:00.000Z,0.21996,0.22400,0.21602,0.21854,1546883.50909632,0.21854
2017-11-09T12:00:00.000Z,0.21740,0.21970,0.21234,0.21963,1162217.91307591,0.21963
2017-11-09T16:00:00.000Z,0.21900,0.22200,0.21900,0.22010,1564947.48869603,0.22010
2017-11-09T20:00:00.000Z,0.22010,0.22010,0.21526,0.21735,806069.51298041,0.21735
2017-11-10T00:00:00.000Z,0.21743,0.22110,0.21628,0.21897,782154.02290974,0.21897
2017-11-10T04:00:00.000Z,0.21883,0.22138,0.21670,0.21685,1836779.04802326,0.21685
2017-11-10T08:00:00.000Z,0.21661,0.21740,0.21400,0.21550,1161954.88609882,0.21550
2017-11-10T12:00:00.000Z,0.21550,0.21898,0.20490,0.20872,2663065.39214679,0.20872
2017-11-10T16:00:00.000Z,0.20848,0.21007,0.20000,0.20399,2669047.07746429,0.20399
2017-11-10T20:00:00.000Z,0.20343,0.21330,0.20103,0.20379,1852786.96378269,0.20379
2017-11-11T00:00:00.000Z,0.20379,0.21300,0.20356,0.20675,820405.90095482,0.20675
2017-11-11T04:00:00.000Z,0.20675,0.20910,0.20500,0.20882,303763.55101996,0.20882
2017-11-11T08:00:00.000Z,0.20882,0.21300,0.20501,0.20501,573514.67471019,0.20501
2017-11-11T12:00:00.000Z,0.20559,0.20800,0.20100,0.20500,1145522.70444433,0.20500
2017-11-11T16:00:00.000Z,0.20503,0.21350,0.20500,0.20751,2223287.51143558,0.20751
2017-11-11T20:00:00.000Z,0.21032,0.21256,0.20701,0.21027,810631.92755601,0.21027
2017-11-12T00:00:00.000Z,0.20964,0.21104,0.19840,0.20354,3806340.27791656,0.20354
2017-11-12T04:00:00.000Z,0.20100,0.20550,0.18950,0.19000,4846476.75597362,0.19000
2017-11-12T08:00:00.000Z,0.19265,0.21001,0.19006,0.20300,2734804.08147567,0.20300
2017-11-12T12:00:00.000Z,0.20302,0.20990,0.19500,0.19889,2068617.61821296,0.19889
2017-11-12T16:00:00.000Z,0.19855,0.20600,0.19800,0.20002,2237764.62471699,0.20002
2017-11-12T20:00:00.000Z,0.20005,0.20550,0.19870,0.20000,554374.46067611,0.20000
