"Index","KrakenZecUsd.Open","KrakenZecUsd.High","KrakenZecUsd.Low","KrakenZecUsd.Close","KrakenZecUsd.Volume","KrakenZecUsd.Adjusted"
2017-07-16T00:00:00.000Z,159.80,168.22,154.75,161.24,258.73500904,161.24
2017-07-16T04:00:00.000Z,161.25,165.18,155.00,156.00,232.82728910,156.00
2017-07-16T08:00:00.000Z,155.00,155.96,140.00,142.99,1080.75525538,142.99
2017-07-16T12:00:00.000Z,142.99,155.16,132.00,147.77,1108.78900925,147.77
2017-07-16T16:00:00.000Z,147.75,159.62,147.75,149.19,385.51994366,149.19
2017-07-16T20:00:00.000Z,148.90,163.46,145.11,163.45,905.25142847,163.45
2017-07-17T00:00:00.000Z,163.76,167.57,160.01,161.64,163.32899212,161.64
2017-07-17T04:00:00.000Z,161.64,179.99,161.37,173.30,252.94419497,173.30
2017-07-17T08:00:00.000Z,173.67,179.99,167.64,167.96,269.30832564,167.96
2017-07-17T12:00:00.000Z,167.96,172.85,135.90,165.00,908.14677524,165.00
2017-07-17T16:00:00.000Z,165.00,173.76,165.00,171.49,190.78541723,171.49
2017-07-17T20:00:00.000Z,171.49,181.99,169.99,179.20,336.35624773,179.20
2017-07-18T00:00:00.000Z,180.30,181.98,172.14,175.00,321.13192666,175.00
2017-07-18T04:00:00.000Z,174.12,179.66,172.63,179.66,34.11468126,179.66
2017-07-18T08:00:00.000Z,178.10,198.00,174.83,193.83,901.35627683,193.83
2017-07-18T12:00:00.000Z,188.20,198.00,187.70,195.52,577.19006935,195.52
2017-07-18T16:00:00.000Z,197.99,214.99,188.11,214.99,1112.50445984,214.99
2017-07-18T20:00:00.000Z,209.24,225.00,193.86,200.00,1408.14885061,200.00
2017-07-19T00:00:00.000Z,199.99,200.00,187.70,200.00,355.80409780,200.00
2017-07-19T04:00:00.000Z,198.00,217.85,197.73,214.66,657.57228629,214.66
2017-07-19T08:00:00.000Z,214.49,218.39,204.91,210.30,222.48373528,210.30
2017-07-19T12:00:00.000Z,212.92,213.26,196.00,200.43,431.41174655,200.43
2017-07-19T16:00:00.000Z,205.00,206.36,185.00,185.00,394.20462302,185.00
2017-07-19T20:00:00.000Z,185.00,186.94,176.33,182.00,335.40050548,182.00
2017-07-20T00:00:00.000Z,180.46,198.99,180.46,192.45,51.43358356,192.45
2017-07-20T04:00:00.000Z,195.00,198.99,186.00,186.00,283.10120728,186.00
2017-07-20T08:00:00.000Z,190.00,209.50,186.00,206.87,225.41693892,206.87
2017-07-20T12:00:00.000Z,200.50,218.99,200.50,212.20,983.25047377,212.20
2017-07-20T16:00:00.000Z,214.00,219.30,201.25,214.71,341.19629602,214.71
2017-07-20T20:00:00.000Z,214.60,222.99,210.09,210.09,534.97323033,210.09
2017-07-21T00:00:00.000Z,213.93,213.93,207.00,207.86,140.37103549,207.86
2017-07-21T04:00:00.000Z,208.17,217.21,208.17,215.87,370.16420283,215.87
2017-07-21T08:00:00.000Z,216.24,217.33,213.54,215.27,314.70397430,215.27
2017-07-21T12:00:00.000Z,215.27,216.43,208.69,208.69,140.83670171,208.69
2017-07-21T16:00:00.000Z,208.59,210.99,199.50,199.99,716.99549526,199.99
2017-07-21T20:00:00.000Z,199.89,204.20,197.22,203.49,200.78223766,203.49
2017-07-22T00:00:00.000Z,201.32,209.99,200.25,204.50,100.92105049,204.50
2017-07-22T04:00:00.000Z,205.00,208.00,205.00,208.00,38.08521772,208.00
2017-07-22T08:00:00.000Z,208.00,213.21,206.11,208.15,357.82818523,208.15
2017-07-22T12:00:00.000Z,208.15,212.40,205.20,211.00,311.78505515,211.00
2017-07-22T16:00:00.000Z,209.00,215.00,208.18,211.84,1093.96975170,211.84
2017-07-22T20:00:00.000Z,210.00,220.10,210.00,219.50,215.35218007,219.50
2017-07-23T00:00:00.000Z,219.50,228.21,219.00,224.00,78.97713237,224.00
2017-07-23T04:00:00.000Z,224.10,225.70,215.30,215.50,503.83936093,215.50
2017-07-23T08:00:00.000Z,215.12,218.42,209.90,209.90,245.33220101,209.90
2017-07-23T12:00:00.000Z,209.69,215.00,207.90,215.00,136.53432909,215.00
2017-07-23T16:00:00.000Z,213.41,220.66,211.49,215.98,264.65046699,215.98
2017-07-23T20:00:00.000Z,214.30,217.09,210.59,212.50,189.53759654,212.50
2017-07-24T00:00:00.000Z,210.70,214.95,210.10,211.28,137.29925975,211.28
2017-07-24T04:00:00.000Z,211.28,216.43,208.20,210.50,231.48223692,210.50
2017-07-24T08:00:00.000Z,212.32,212.99,210.79,211.09,8.95193221,211.09
2017-07-24T12:00:00.000Z,209.60,212.99,208.20,212.47,271.79818659,212.47
2017-07-24T16:00:00.000Z,208.98,212.99,208.98,212.98,62.61470044,212.98
2017-07-24T20:00:00.000Z,210.00,212.99,210.00,210.10,29.09416623,210.10
2017-07-25T00:00:00.000Z,211.86,212.49,208.00,208.00,41.95904403,208.00
2017-07-25T04:00:00.000Z,209.52,209.99,190.00,197.59,413.73084630,197.59
2017-07-25T08:00:00.000Z,194.54,199.00,165.00,186.00,533.25485937,186.00
2017-07-25T12:00:00.000Z,185.99,192.60,178.00,189.55,161.27524929,189.55
2017-07-25T16:00:00.000Z,188.27,190.19,176.00,180.00,132.78588461,180.00
2017-07-25T20:00:00.000Z,182.13,187.59,165.15,185.89,126.87695428,185.89
2017-07-26T00:00:00.000Z,186.94,190.13,180.80,184.30,203.43027924,184.30
2017-07-26T04:00:00.000Z,181.12,184.30,174.79,178.76,378.08750556,178.76
2017-07-26T08:00:00.000Z,177.93,184.30,177.45,184.30,385.07798091,184.30
2017-07-26T12:00:00.000Z,184.30,187.23,181.35,181.35,196.37844739,181.35
2017-07-26T16:00:00.000Z,182.26,187.59,181.35,187.31,595.22760053,187.31
2017-07-26T20:00:00.000Z,187.31,188.98,184.08,187.79,523.08569476,187.79
2017-07-27T00:00:00.000Z,189.73,194.18,187.08,189.38,291.52321264,189.38
2017-07-27T04:00:00.000Z,187.85,190.28,185.71,185.96,1017.34462348,185.96
2017-07-27T08:00:00.000Z,185.96,190.32,183.50,187.75,228.11123982,187.75
2017-07-27T12:00:00.000Z,189.85,190.05,184.11,184.11,176.44792721,184.11
2017-07-27T16:00:00.000Z,185.95,186.87,183.50,186.87,213.77530344,186.87
2017-07-27T20:00:00.000Z,184.19,189.63,184.01,185.90,152.65856604,185.90
2017-07-28T00:00:00.000Z,186.00,191.42,183.50,183.50,195.39842077,183.50
2017-07-28T04:00:00.000Z,183.50,187.37,183.50,183.50,154.38304865,183.50
2017-07-28T08:00:00.000Z,183.50,186.01,173.87,176.43,677.79019064,176.43
2017-07-28T12:00:00.000Z,177.12,179.04,173.90,179.04,371.39506139,179.04
2017-07-28T16:00:00.000Z,179.04,180.49,174.00,174.04,365.43646057,174.04
2017-07-28T20:00:00.000Z,174.04,178.24,174.00,177.22,301.91258317,177.22
2017-07-29T00:00:00.000Z,175.39,177.84,173.15,173.15,55.03703503,173.15
2017-07-29T04:00:00.000Z,173.15,174.87,171.20,171.20,71.84696906,171.20
2017-07-29T08:00:00.000Z,171.20,172.00,166.38,167.51,102.44237904,167.51
2017-07-29T12:00:00.000Z,168.62,170.95,166.38,170.95,93.25311874,170.95
2017-07-29T16:00:00.000Z,171.63,181.63,169.70,180.40,328.67063675,180.40
2017-07-29T20:00:00.000Z,181.45,186.45,178.24,184.77,290.73486494,184.77
2017-07-30T00:00:00.000Z,184.77,187.75,177.09,179.49,144.24813851,179.49
2017-07-30T04:00:00.000Z,179.07,183.90,176.51,180.15,44.35576386,180.15
2017-07-30T08:00:00.000Z,178.91,183.84,178.91,183.84,9.86653084,183.84
2017-07-30T12:00:00.000Z,183.84,183.84,179.99,180.83,51.90954512,180.83
2017-07-30T16:00:00.000Z,180.83,181.99,176.18,178.64,97.38862048,178.64
2017-07-30T20:00:00.000Z,180.00,180.00,175.31,177.53,142.65438318,177.53
2017-07-31T00:00:00.000Z,175.60,176.37,172.68,174.23,67.53438962,174.23
2017-07-31T04:00:00.000Z,173.79,175.59,173.00,173.00,47.50611744,173.00
2017-07-31T08:00:00.000Z,173.00,173.87,169.00,169.80,162.53283584,169.80
2017-07-31T12:00:00.000Z,169.00,171.94,168.00,169.62,83.06978290,169.62
2017-07-31T16:00:00.000Z,172.49,178.52,171.69,176.76,88.45817990,176.76
2017-07-31T20:00:00.000Z,176.76,178.99,172.11,174.00,135.30819705,174.00
2017-08-01T00:00:00.000Z,174.00,178.90,172.14,178.21,68.45185501,178.21
2017-08-01T04:00:00.000Z,178.79,191.99,178.20,185.67,478.10726953,185.67
2017-08-01T08:00:00.000Z,185.67,187.00,180.00,180.10,259.88849885,180.10
2017-08-01T12:00:00.000Z,181.67,192.00,180.00,183.52,513.74473811,183.52
2017-08-01T16:00:00.000Z,184.86,194.00,182.07,194.00,476.10490433,194.00
2017-08-01T20:00:00.000Z,194.72,195.77,190.00,191.00,393.33553883,191.00
2017-08-02T00:00:00.000Z,190.69,192.23,187.85,190.38,81.84220475,190.38
2017-08-02T04:00:00.000Z,191.75,194.56,189.00,189.00,53.28123557,189.00
2017-08-02T08:00:00.000Z,189.00,191.68,184.48,186.00,398.66688664,186.00
2017-08-02T12:00:00.000Z,184.99,194.00,182.00,193.00,649.69454597,193.00
2017-08-02T16:00:00.000Z,191.05,197.00,190.22,195.60,786.02517073,195.60
2017-08-02T20:00:00.000Z,195.60,200.00,190.00,190.00,1512.91430744,190.00
2017-08-03T00:00:00.000Z,190.00,191.13,185.05,185.05,661.35589993,185.05
2017-08-03T04:00:00.000Z,185.34,188.61,183.30,187.17,109.06843139,187.17
2017-08-03T08:00:00.000Z,187.47,189.22,185.12,189.00,179.61697897,189.00
2017-08-03T12:00:00.000Z,189.61,189.90,185.68,189.75,67.97692830,189.75
2017-08-03T16:00:00.000Z,189.00,190.39,187.00,188.97,53.99514934,188.97
2017-08-03T20:00:00.000Z,189.10,191.50,189.00,189.99,154.73426633,189.99
2017-08-04T00:00:00.000Z,189.10,189.89,188.00,188.00,150.53989935,188.00
2017-08-04T04:00:00.000Z,188.00,191.99,188.00,190.02,129.51482946,190.02
2017-08-04T08:00:00.000Z,189.15,190.88,189.03,189.03,184.72653204,189.03
2017-08-04T12:00:00.000Z,189.82,189.89,187.00,188.00,367.45968517,188.00
2017-08-04T16:00:00.000Z,188.00,189.14,185.35,186.99,83.30323433,186.99
2017-08-04T20:00:00.000Z,186.99,188.91,185.53,186.14,233.52205278,186.14
2017-08-05T00:00:00.000Z,186.14,191.49,185.83,191.00,195.01867730,191.00
2017-08-05T04:00:00.000Z,190.73,196.00,186.14,196.00,447.15527342,196.00
2017-08-05T08:00:00.000Z,192.50,199.71,191.23,199.00,888.70197452,199.00
2017-08-05T12:00:00.000Z,198.99,206.72,198.11,206.49,505.02922934,206.49
2017-08-05T16:00:00.000Z,206.49,215.00,203.38,207.87,963.04443571,207.87
2017-08-05T20:00:00.000Z,206.56,215.00,203.38,215.00,241.83254999,215.00
2017-08-06T00:00:00.000Z,205.90,213.86,205.05,211.95,76.42973036,211.95
2017-08-06T04:00:00.000Z,211.95,214.99,206.42,209.00,109.60379664,209.00
2017-08-06T08:00:00.000Z,209.00,209.00,181.16,208.99,669.60624550,208.99
2017-08-06T12:00:00.000Z,208.98,209.99,203.44,206.74,75.90616145,206.74
2017-08-06T16:00:00.000Z,209.50,211.26,206.75,209.98,135.26303831,209.98
2017-08-06T20:00:00.000Z,208.00,212.66,208.00,208.80,107.59499393,208.80
2017-08-07T00:00:00.000Z,208.00,209.88,207.00,207.00,26.02479866,207.00
2017-08-07T04:00:00.000Z,207.00,207.98,204.04,206.99,86.44242612,206.99
2017-08-07T08:00:00.000Z,205.20,209.98,204.15,208.00,132.92179196,208.00
2017-08-07T12:00:00.000Z,209.98,211.54,206.18,209.99,194.58573525,209.99
2017-08-07T16:00:00.000Z,209.99,209.99,205.38,206.61,118.89186532,206.61
2017-08-07T20:00:00.000Z,206.75,209.49,206.75,207.01,40.19542239,207.01
2017-08-08T00:00:00.000Z,210.88,214.99,207.09,214.99,368.08352309,214.99
2017-08-08T04:00:00.000Z,211.90,217.00,211.90,214.00,757.79669767,214.00
2017-08-08T08:00:00.000Z,214.00,218.00,214.00,216.79,57.99231757,216.79
2017-08-08T12:00:00.000Z,216.79,222.10,216.79,222.00,220.16951647,222.00
2017-08-08T16:00:00.000Z,222.00,227.79,218.00,225.00,191.02533126,225.00
2017-08-08T20:00:00.000Z,225.00,277.69,224.05,257.89,1209.05100542,257.89
2017-08-09T00:00:00.000Z,257.89,270.19,221.12,256.90,799.47819573,256.90
2017-08-09T04:00:00.000Z,259.64,259.64,233.50,246.00,387.58942658,246.00
2017-08-09T08:00:00.000Z,244.00,246.44,205.00,235.00,1758.75892824,235.00
2017-08-09T12:00:00.000Z,235.00,245.59,221.75,231.37,367.79432438,231.37
2017-08-09T16:00:00.000Z,233.87,251.94,231.59,245.00,414.58068470,245.00
2017-08-09T20:00:00.000Z,247.44,254.99,235.00,245.05,160.52237691,245.05
2017-08-10T00:00:00.000Z,242.00,249.99,235.49,237.30,309.48565136,237.30
2017-08-10T04:00:00.000Z,237.30,243.81,235.23,243.81,186.04840711,243.81
2017-08-10T08:00:00.000Z,243.81,248.00,241.21,246.01,163.35804704,246.01
2017-08-10T12:00:00.000Z,246.10,250.99,246.01,246.01,210.35408987,246.01
2017-08-10T16:00:00.000Z,246.20,249.41,243.37,243.37,224.35548604,243.37
2017-08-10T20:00:00.000Z,243.37,244.68,234.37,236.49,272.91354631,236.49
2017-08-11T00:00:00.000Z,235.35,238.49,234.73,237.83,40.29348520,237.83
2017-08-11T04:00:00.000Z,237.83,237.93,233.00,234.80,93.97833357,234.80
2017-08-11T08:00:00.000Z,233.73,237.90,233.73,235.41,148.13639748,235.41
2017-08-11T12:00:00.000Z,235.41,237.75,226.00,227.22,432.92057883,227.22
2017-08-11T16:00:00.000Z,227.30,237.05,226.01,233.00,270.76109067,233.00
2017-08-11T20:00:00.000Z,233.00,236.83,230.00,236.83,204.59323668,236.83
2017-08-12T00:00:00.000Z,236.83,237.13,235.49,235.49,60.34596523,235.49
2017-08-12T04:00:00.000Z,237.13,237.99,235.00,235.25,133.60288287,235.25
2017-08-12T08:00:00.000Z,235.25,237.69,235.00,235.00,261.00287527,235.00
2017-08-12T12:00:00.000Z,235.00,238.00,235.00,237.00,659.79381334,237.00
2017-08-12T16:00:00.000Z,237.80,238.00,232.69,234.98,348.33143874,234.98
2017-08-12T20:00:00.000Z,234.05,234.05,227.00,230.94,134.55975646,230.94
2017-08-13T00:00:00.000Z,228.75,233.09,223.56,233.09,102.94464303,233.09
2017-08-13T04:00:00.000Z,229.79,234.83,205.00,229.86,399.03133780,229.86
2017-08-13T08:00:00.000Z,224.80,229.68,210.02,216.22,96.96729377,216.22
2017-08-13T12:00:00.000Z,216.22,232.10,212.83,221.08,170.91263534,221.08
2017-08-13T16:00:00.000Z,221.02,238.00,213.00,216.75,219.25386789,216.75
2017-08-13T20:00:00.000Z,216.75,235.87,216.75,217.43,140.23396229,217.43
2017-08-14T00:00:00.000Z,217.43,221.00,217.00,217.00,115.73969989,217.00
2017-08-14T04:00:00.000Z,217.00,222.04,215.00,220.00,147.38908183,220.00
2017-08-14T08:00:00.000Z,220.00,224.33,214.62,217.97,276.19600661,217.97
2017-08-14T12:00:00.000Z,217.89,217.89,210.00,210.99,216.88322542,210.99
2017-08-14T16:00:00.000Z,210.00,215.00,210.00,211.99,485.62545091,211.99
2017-08-14T20:00:00.000Z,212.00,214.43,211.99,213.84,307.41042906,213.84
2017-08-15T00:00:00.000Z,213.84,215.00,211.99,211.99,527.91403253,211.99
2017-08-15T04:00:00.000Z,211.99,212.00,210.00,210.00,1149.25183567,210.00
2017-08-15T08:00:00.000Z,210.00,212.00,206.00,208.00,282.41655575,208.00
2017-08-15T12:00:00.000Z,206.45,209.99,200.00,204.99,471.29511398,204.99
2017-08-15T16:00:00.000Z,205.00,210.00,205.00,207.00,274.18610092,207.00
2017-08-15T20:00:00.000Z,208.00,214.92,207.07,214.00,42.65843482,214.00
2017-08-16T00:00:00.000Z,212.00,216.01,208.85,209.35,167.64587504,209.35
2017-08-16T04:00:00.000Z,209.69,210.57,207.00,210.57,23.13698025,210.57
2017-08-16T08:00:00.000Z,207.66,215.09,207.66,214.43,10.08126845,214.43
2017-08-16T12:00:00.000Z,214.43,217.87,210.00,215.99,256.74219672,215.99
2017-08-16T16:00:00.000Z,215.98,221.99,215.98,219.87,137.55906192,219.87
2017-08-16T20:00:00.000Z,216.69,218.99,216.68,216.71,35.82852179,216.71
2017-08-17T00:00:00.000Z,216.71,218.76,212.00,212.00,108.34138078,212.00
2017-08-17T04:00:00.000Z,212.04,217.00,212.00,217.00,93.87038656,217.00
2017-08-17T08:00:00.000Z,217.00,218.36,214.24,216.10,129.98476329,216.10
2017-08-17T12:00:00.000Z,216.10,216.99,212.20,212.70,184.18438799,212.70
2017-08-17T16:00:00.000Z,212.20,212.20,208.21,210.00,202.06946788,210.00
2017-08-17T20:00:00.000Z,210.00,213.19,205.48,210.01,81.37005500,210.01
2017-08-18T00:00:00.000Z,210.00,211.77,206.00,208.01,97.74840399,208.01
2017-08-18T04:00:00.000Z,208.01,210.64,202.01,207.92,168.28648156,207.92
2017-08-18T08:00:00.000Z,207.91,207.94,205.48,207.85,259.94462125,207.85
2017-08-18T12:00:00.000Z,207.92,209.88,205.60,207.80,104.09071396,207.80
2017-08-18T16:00:00.000Z,207.80,212.18,205.50,206.71,227.16996462,206.71
2017-08-18T20:00:00.000Z,205.50,209.87,204.00,204.00,309.25469692,204.00
2017-08-19T00:00:00.000Z,204.00,206.99,183.66,200.84,382.17910630,200.84
2017-08-19T04:00:00.000Z,204.99,205.76,204.99,205.76,0.39400000,205.76
2017-08-19T08:00:00.000Z,201.20,204.99,199.00,204.99,55.62791249,204.99
2017-08-19T12:00:00.000Z,201.00,208.00,199.00,208.00,257.56300542,208.00
2017-08-19T16:00:00.000Z,206.00,238.00,200.00,217.76,727.59149625,217.76
2017-08-19T20:00:00.000Z,223.20,237.20,218.08,229.03,212.25954180,229.03
2017-08-20T00:00:00.000Z,233.61,244.99,229.03,229.03,451.69497974,229.03
2017-08-20T04:00:00.000Z,229.03,231.00,220.00,227.09,242.17513485,227.09
2017-08-20T08:00:00.000Z,227.29,233.19,227.29,229.00,171.00287462,229.00
2017-08-20T12:00:00.000Z,229.00,250.00,227.38,250.00,398.31061777,250.00
2017-08-20T16:00:00.000Z,250.00,253.00,234.77,235.46,250.48340669,235.46
2017-08-20T20:00:00.000Z,236.25,249.99,236.00,242.00,211.85095069,242.00
2017-08-21T00:00:00.000Z,242.15,249.99,236.00,239.00,105.15468884,239.00
2017-08-21T04:00:00.000Z,239.00,241.00,239.00,239.05,341.31233145,239.05
2017-08-21T08:00:00.000Z,239.05,257.62,239.05,248.30,729.11319641,248.30
2017-08-21T12:00:00.000Z,250.12,265.00,246.52,252.00,487.14578575,252.00
2017-08-21T16:00:00.000Z,256.29,257.99,247.68,254.99,450.86087646,254.99
2017-08-21T20:00:00.000Z,249.00,254.04,240.00,240.00,282.75175451,240.00
2017-08-22T00:00:00.000Z,240.00,246.25,230.00,232.11,269.04018358,232.11
2017-08-22T04:00:00.000Z,232.11,236.47,214.01,223.01,263.93418400,223.01
2017-08-22T08:00:00.000Z,225.00,235.00,223.87,234.99,147.99929852,234.99
2017-08-22T12:00:00.000Z,230.78,237.00,215.00,228.63,503.90891888,228.63
2017-08-22T16:00:00.000Z,228.38,235.00,216.56,231.99,417.95372246,231.99
2017-08-22T20:00:00.000Z,230.11,231.99,226.60,229.33,181.36230340,229.33
2017-08-23T00:00:00.000Z,226.60,229.28,225.00,228.78,268.42396978,228.78
2017-08-23T04:00:00.000Z,228.75,230.50,225.00,230.50,401.78457896,230.50
2017-08-23T08:00:00.000Z,231.00,248.79,226.98,236.51,396.48803434,236.51
2017-08-23T12:00:00.000Z,236.51,238.20,226.96,229.94,143.55109589,229.94
2017-08-23T16:00:00.000Z,234.98,235.00,225.00,233.00,491.34480205,233.00
2017-08-23T20:00:00.000Z,232.10,233.82,222.11,231.75,304.65694438,231.75
2017-08-24T00:00:00.000Z,227.17,230.99,227.17,229.95,23.09325450,229.95
2017-08-24T04:00:00.000Z,229.94,232.00,228.03,232.00,136.84894189,232.00
2017-08-24T08:00:00.000Z,231.99,232.00,228.31,232.00,81.82001621,232.00
2017-08-24T12:00:00.000Z,231.99,233.81,228.54,230.00,354.52698852,230.00
2017-08-24T16:00:00.000Z,231.20,233.98,229.75,229.75,180.76110582,229.75
2017-08-24T20:00:00.000Z,229.75,232.09,228.45,232.09,243.24835092,232.09
2017-08-25T00:00:00.000Z,229.00,235.00,229.00,232.99,75.86618508,232.99
2017-08-25T04:00:00.000Z,230.40,239.87,230.40,237.00,96.82772802,237.00
2017-08-25T08:00:00.000Z,237.00,243.80,237.00,242.34,239.44730993,242.34
2017-08-25T12:00:00.000Z,237.36,255.00,237.33,248.99,437.05592345,248.99
2017-08-25T16:00:00.000Z,250.49,250.49,241.99,242.35,234.42357039,242.35
2017-08-25T20:00:00.000Z,242.35,246.83,240.00,241.90,136.46316476,241.90
2017-08-26T00:00:00.000Z,241.90,248.99,234.41,248.47,67.32519302,248.47
2017-08-26T04:00:00.000Z,246.99,265.00,245.00,265.00,1185.06195854,265.00
2017-08-26T08:00:00.000Z,265.00,278.99,255.78,267.54,770.72522444,267.54
2017-08-26T12:00:00.000Z,272.79,294.98,265.83,274.90,1041.13632611,274.90
2017-08-26T16:00:00.000Z,274.25,281.51,272.55,279.00,84.27068650,279.00
2017-08-26T20:00:00.000Z,279.00,288.00,276.50,288.00,434.73136901,288.00
2017-08-27T00:00:00.000Z,288.74,290.00,275.46,275.46,183.69308505,275.46
2017-08-27T04:00:00.000Z,275.02,284.51,272.20,277.01,162.52135300,277.01
2017-08-27T08:00:00.000Z,277.01,281.50,272.25,272.25,53.87285184,272.25
2017-08-27T12:00:00.000Z,272.25,277.41,271.00,271.00,620.20964827,271.00
2017-08-27T16:00:00.000Z,271.00,280.79,263.00,278.30,446.05918939,278.30
2017-08-27T20:00:00.000Z,278.30,279.99,275.00,277.00,261.05699807,277.00
2017-08-28T00:00:00.000Z,278.47,278.47,269.00,269.99,396.35074176,269.99
2017-08-28T04:00:00.000Z,269.50,271.99,260.00,263.00,632.78863218,263.00
2017-08-28T08:00:00.000Z,263.00,269.73,261.47,269.73,116.30152716,269.73
2017-08-28T12:00:00.000Z,269.73,281.00,264.00,276.03,805.50934522,276.03
2017-08-28T16:00:00.000Z,276.03,285.00,276.02,285.00,361.61076366,285.00
2017-08-28T20:00:00.000Z,284.99,285.00,278.00,281.40,222.95849692,281.40
2017-08-29T00:00:00.000Z,282.91,290.00,276.20,281.91,398.13453626,281.91
2017-08-29T04:00:00.000Z,281.91,281.91,276.25,276.31,217.94254109,276.31
2017-08-29T08:00:00.000Z,276.31,279.28,265.00,265.00,242.65044801,265.00
2017-08-29T12:00:00.000Z,266.06,275.00,266.06,270.59,173.16182679,270.59
2017-08-29T16:00:00.000Z,270.59,276.95,269.00,272.70,204.48072404,272.70
2017-08-29T20:00:00.000Z,272.71,284.89,270.00,274.03,615.07909689,274.03
2017-08-30T00:00:00.000Z,274.03,274.06,251.50,269.00,522.54040286,269.00
2017-08-30T04:00:00.000Z,270.65,280.00,269.00,280.00,383.25552934,280.00
2017-08-30T08:00:00.000Z,278.00,283.00,269.00,269.99,77.11999476,269.99
2017-08-30T12:00:00.000Z,269.99,277.95,269.00,275.01,108.10645322,275.01
2017-08-30T16:00:00.000Z,275.20,281.52,275.01,275.45,72.77264138,275.45
2017-08-30T20:00:00.000Z,279.54,281.99,275.31,276.98,428.67654018,276.98
2017-08-31T00:00:00.000Z,275.35,279.00,273.23,274.03,250.99728296,274.03
2017-08-31T04:00:00.000Z,274.03,278.23,274.00,274.25,260.04468965,274.25
2017-08-31T08:00:00.000Z,274.27,276.31,274.00,275.00,174.26281581,275.00
2017-08-31T12:00:00.000Z,274.04,279.50,274.04,275.04,339.74947846,275.04
2017-08-31T16:00:00.000Z,275.10,281.99,275.10,280.01,214.33712240,280.01
2017-08-31T20:00:00.000Z,280.01,293.99,278.22,290.00,576.75050120,290.00
2017-09-01T00:00:00.000Z,290.00,295.00,290.00,290.10,317.26724100,290.10
2017-09-01T04:00:00.000Z,290.12,294.24,285.99,286.98,422.69705964,286.98
2017-09-01T08:00:00.000Z,286.01,289.97,285.12,289.96,168.21833414,289.96
2017-09-01T12:00:00.000Z,289.97,299.80,289.00,299.80,520.50504218,299.80
2017-09-01T16:00:00.000Z,299.00,317.99,299.00,305.00,1134.69083302,305.00
2017-09-01T20:00:00.000Z,303.91,313.84,291.00,313.84,703.13503870,313.84
2017-09-02T00:00:00.000Z,313.84,313.84,290.00,291.99,1286.45407945,291.99
2017-09-02T04:00:00.000Z,291.06,299.89,276.02,282.84,649.22621131,282.84
2017-09-02T08:00:00.000Z,283.01,290.00,272.12,282.01,447.68158411,282.01
2017-09-02T12:00:00.000Z,284.99,288.26,250.00,260.00,730.83037687,260.00
2017-09-02T16:00:00.000Z,263.13,278.95,260.00,269.67,474.25579087,269.67
2017-09-02T20:00:00.000Z,265.00,265.00,247.10,256.70,370.11919405,256.70
2017-09-03T00:00:00.000Z,255.00,276.40,254.99,262.45,412.60890587,262.45
2017-09-03T04:00:00.000Z,263.00,276.39,262.50,263.40,385.74056990,263.40
2017-09-03T08:00:00.000Z,263.41,269.79,258.00,258.00,90.79342623,258.00
2017-09-03T12:00:00.000Z,258.00,262.71,250.10,250.68,128.46949230,250.68
2017-09-03T16:00:00.000Z,255.00,259.81,251.30,259.80,139.22425342,259.80
2017-09-03T20:00:00.000Z,255.00,267.99,255.00,267.79,81.47915203,267.79
2017-09-04T00:00:00.000Z,267.68,269.79,258.99,258.99,46.85101092,258.99
2017-09-04T04:00:00.000Z,258.99,260.43,247.10,247.49,442.58635943,247.49
2017-09-04T08:00:00.000Z,247.49,248.62,227.88,227.88,441.75048858,227.88
2017-09-04T12:00:00.000Z,227.88,231.99,214.88,225.20,914.95076780,225.20
2017-09-04T16:00:00.000Z,225.20,253.99,215.00,249.00,707.20161278,249.00
2017-09-04T20:00:00.000Z,249.00,249.00,226.99,234.21,638.86494117,234.21
2017-09-05T00:00:00.000Z,229.54,233.97,215.00,215.00,958.82794840,215.00
2017-09-05T04:00:00.000Z,215.00,220.00,206.20,220.00,1031.37192486,220.00
2017-09-05T08:00:00.000Z,220.00,228.90,219.94,227.01,117.42248966,227.01
2017-09-05T12:00:00.000Z,228.89,237.87,223.98,234.99,716.57441797,234.99
2017-09-05T16:00:00.000Z,234.35,250.00,228.05,250.00,563.97250075,250.00
2017-09-05T20:00:00.000Z,249.99,254.80,231.20,239.91,264.34523897,239.91
2017-09-06T00:00:00.000Z,238.01,250.00,235.17,250.00,583.25387642,250.00
2017-09-06T04:00:00.000Z,250.00,251.00,241.00,250.99,100.81436836,250.99
2017-09-06T08:00:00.000Z,250.99,255.45,241.00,241.00,379.18459059,241.00
2017-09-06T12:00:00.000Z,251.45,251.48,245.00,246.06,436.89287438,246.06
2017-09-06T16:00:00.000Z,250.00,255.71,246.09,251.68,219.28980532,251.68
2017-09-06T20:00:00.000Z,251.66,257.47,247.80,252.00,175.05493783,252.00
2017-09-07T00:00:00.000Z,252.00,260.00,244.00,246.16,265.45819207,246.16
2017-09-07T04:00:00.000Z,246.11,250.00,243.00,243.00,195.45992255,243.00
2017-09-07T08:00:00.000Z,243.00,246.00,242.00,244.02,231.75888004,244.02
2017-09-07T12:00:00.000Z,244.03,252.78,244.03,251.82,594.11031179,251.82
2017-09-07T16:00:00.000Z,251.82,254.85,248.09,250.97,136.32058221,250.97
2017-09-07T20:00:00.000Z,250.97,250.97,246.00,250.75,66.17614498,250.75
2017-09-08T00:00:00.000Z,250.75,251.67,243.50,245.38,203.53314553,245.38
2017-09-08T04:00:00.000Z,245.38,246.99,244.01,246.96,42.31812149,246.96
2017-09-08T08:00:00.000Z,246.86,247.00,243.60,246.99,322.24804124,246.99
2017-09-08T12:00:00.000Z,246.96,249.00,227.00,231.00,525.13405200,231.00
2017-09-08T16:00:00.000Z,230.98,238.45,225.00,225.00,671.65849284,225.00
2017-09-08T20:00:00.000Z,223.44,228.00,215.00,228.00,235.15607959,228.00
2017-09-09T00:00:00.000Z,228.00,229.88,217.01,220.41,320.78269039,220.41
2017-09-09T04:00:00.000Z,220.41,229.87,217.19,226.00,29.39574273,226.00
2017-09-09T08:00:00.000Z,226.00,226.04,222.29,222.46,46.08788789,222.46
2017-09-09T12:00:00.000Z,222.46,224.00,216.01,216.04,289.75026821,216.04
2017-09-09T16:00:00.000Z,216.04,220.00,212.20,214.98,563.10860600,214.98
2017-09-09T20:00:00.000Z,214.98,223.00,214.96,220.00,109.44557991,220.00
2017-09-10T00:00:00.000Z,224.53,224.53,215.10,215.20,218.87706465,215.20
2017-09-10T04:00:00.000Z,215.20,215.20,201.00,206.98,1419.20394453,206.98
2017-09-10T08:00:00.000Z,206.98,211.97,203.89,206.58,456.19194305,206.58
2017-09-10T12:00:00.000Z,206.98,212.89,206.68,211.51,45.95036746,211.51
2017-09-10T16:00:00.000Z,211.42,229.90,211.42,227.74,214.35330001,227.74
2017-09-10T20:00:00.000Z,227.75,229.87,218.78,221.83,147.29458911,221.83
2017-09-11T00:00:00.000Z,221.83,225.83,216.09,223.14,67.70391341,223.14
2017-09-11T04:00:00.000Z,223.14,225.46,215.20,215.20,162.66562211,215.20
2017-09-11T08:00:00.000Z,215.24,219.03,211.22,214.00,99.60607005,214.00
2017-09-11T12:00:00.000Z,214.00,218.86,212.90,217.08,65.21158783,217.08
2017-09-11T16:00:00.000Z,217.08,222.00,211.70,211.70,103.09625908,211.70
2017-09-11T20:00:00.000Z,211.82,218.85,211.81,218.04,33.16158585,218.04
2017-09-12T00:00:00.000Z,218.04,219.00,214.09,216.02,77.50668105,216.02
2017-09-12T04:00:00.000Z,216.02,234.90,216.02,224.80,271.03691502,224.80
2017-09-12T08:00:00.000Z,224.80,227.91,218.41,223.35,161.46272188,223.35
2017-09-12T12:00:00.000Z,225.45,225.91,218.00,218.15,52.93184870,218.15
2017-09-12T16:00:00.000Z,218.15,226.98,200.55,210.35,711.08171987,210.35
2017-09-12T20:00:00.000Z,210.37,214.61,207.93,209.21,18.15158651,209.21
2017-09-13T00:00:00.000Z,209.21,209.60,200.20,200.20,79.20018555,200.20
2017-09-13T04:00:00.000Z,200.12,203.53,196.21,196.21,1370.11874179,196.21
2017-09-13T08:00:00.000Z,196.21,197.59,185.22,185.23,410.32200508,185.23
2017-09-13T12:00:00.000Z,185.23,194.45,183.32,187.63,298.21598390,187.63
2017-09-13T16:00:00.000Z,190.84,220.00,187.10,202.70,399.58105519,202.70
2017-09-13T20:00:00.000Z,202.70,205.00,200.12,200.12,253.92076913,200.12
2017-09-14T00:00:00.000Z,200.12,203.08,198.57,198.58,81.89777838,198.58
2017-09-14T04:00:00.000Z,198.58,211.00,197.87,211.00,101.59835432,211.00
2017-09-14T08:00:00.000Z,209.27,211.00,185.00,186.81,349.27415561,186.81
2017-09-14T12:00:00.000Z,185.08,191.67,168.20,178.03,657.68639949,178.03
2017-09-14T16:00:00.000Z,178.03,181.00,166.64,174.62,1105.32401019,174.62
2017-09-14T20:00:00.000Z,173.74,176.66,160.05,165.90,640.97955951,165.90
2017-09-15T00:00:00.000Z,163.28,174.71,162.24,169.54,301.58971330,169.54
2017-09-15T04:00:00.000Z,168.86,168.86,152.05,152.05,432.27105349,152.05
2017-09-15T08:00:00.000Z,152.05,163.11,145.11,148.50,895.09023298,148.50
2017-09-15T12:00:00.000Z,148.50,188.96,145.57,181.00,1176.07557051,181.00
2017-09-15T16:00:00.000Z,181.02,193.54,180.00,193.54,1399.64121334,193.54
2017-09-15T20:00:00.000Z,186.97,195.62,184.58,188.11,460.68971610,188.11
2017-09-16T00:00:00.000Z,188.11,194.96,188.00,188.00,69.46173459,188.00
2017-09-16T04:00:00.000Z,188.00,193.23,186.02,190.80,122.16641107,190.80
2017-09-16T08:00:00.000Z,190.81,192.80,175.10,178.94,399.06414617,178.94
2017-09-16T12:00:00.000Z,178.94,179.09,172.62,175.31,558.31705161,175.31
2017-09-16T16:00:00.000Z,175.31,184.50,174.00,180.69,67.57156427,180.69
2017-09-16T20:00:00.000Z,180.69,182.61,179.19,182.61,15.49919188,182.61
2017-09-17T00:00:00.000Z,182.61,182.61,175.24,177.68,2.76417034,177.68
2017-09-17T04:00:00.000Z,177.68,178.63,172.00,173.00,69.23298503,173.00
2017-09-17T08:00:00.000Z,172.01,173.58,170.00,171.72,206.82217840,171.72
2017-09-17T12:00:00.000Z,171.72,179.00,171.72,178.00,169.98337724,178.00
2017-09-17T16:00:00.000Z,178.00,185.13,178.00,181.79,375.39431297,181.79
2017-09-17T20:00:00.000Z,181.98,184.54,179.50,179.51,117.56941890,179.51
2017-09-18T00:00:00.000Z,179.58,188.64,179.52,186.53,244.86946106,186.53
2017-09-18T04:00:00.000Z,185.22,195.00,182.57,193.06,188.45384125,193.06
2017-09-18T08:00:00.000Z,194.97,196.79,191.21,192.99,290.96506502,192.99
2017-09-18T12:00:00.000Z,192.97,199.89,192.95,195.00,485.61572655,195.00
2017-09-18T16:00:00.000Z,195.80,195.83,188.42,191.32,281.06151690,191.32
2017-09-18T20:00:00.000Z,191.32,196.42,190.30,196.10,92.51509722,196.10
2017-09-19T00:00:00.000Z,196.13,196.86,188.92,192.80,273.83396330,192.80
2017-09-19T04:00:00.000Z,192.80,192.80,184.30,184.30,275.75906167,184.30
2017-09-19T08:00:00.000Z,184.30,192.77,184.30,189.00,99.77792003,189.00
2017-09-19T12:00:00.000Z,189.00,191.50,186.88,191.30,91.31126589,191.30
2017-09-19T16:00:00.000Z,191.30,193.99,189.54,189.54,97.76213974,189.54
2017-09-19T20:00:00.000Z,189.54,192.11,187.78,187.85,108.67983600,187.85
2017-09-20T00:00:00.000Z,189.42,192.02,187.78,187.80,124.44673476,187.80
2017-09-20T04:00:00.000Z,187.82,190.59,184.56,187.57,414.04464137,187.57
2017-09-20T08:00:00.000Z,187.57,189.89,187.05,188.80,34.36688458,188.80
2017-09-20T12:00:00.000Z,188.80,193.83,188.50,192.50,87.46239378,192.50
2017-09-20T16:00:00.000Z,192.50,193.64,190.10,190.10,310.60463008,190.10
2017-09-20T20:00:00.000Z,191.69,192.95,188.80,188.80,83.16891642,188.80
2017-09-21T00:00:00.000Z,188.78,188.79,184.00,184.92,924.19774669,184.92
2017-09-21T04:00:00.000Z,184.92,188.51,184.92,188.51,33.59039412,188.51
2017-09-21T08:00:00.000Z,188.51,189.96,186.73,187.59,100.02384607,187.59
2017-09-21T12:00:00.000Z,187.59,192.50,182.00,182.00,729.90868963,182.00
2017-09-21T16:00:00.000Z,182.00,182.02,175.00,178.00,318.60637514,178.00
2017-09-21T20:00:00.000Z,177.72,188.10,175.01,177.86,300.24949327,177.86
2017-09-22T00:00:00.000Z,175.38,181.64,175.28,180.45,160.29539497,180.45
2017-09-22T04:00:00.000Z,181.53,192.52,181.15,190.01,135.40647074,190.01
2017-09-22T08:00:00.000Z,190.07,200.00,184.61,184.96,1100.56618422,184.96
2017-09-22T12:00:00.000Z,184.56,200.00,183.00,191.95,532.59023206,191.95
2017-09-22T16:00:00.000Z,194.83,204.35,192.29,195.43,1957.94348498,195.43
2017-09-22T20:00:00.000Z,195.90,204.30,195.87,197.29,206.92154474,197.29
2017-09-23T00:00:00.000Z,197.09,209.90,193.34,206.29,244.40795406,206.29
2017-09-23T04:00:00.000Z,203.50,213.23,203.50,212.81,424.47654757,212.81
2017-09-23T08:00:00.000Z,208.57,220.00,208.57,218.96,153.07728710,218.96
2017-09-23T12:00:00.000Z,218.97,219.99,204.56,206.20,443.63767629,206.20
2017-09-23T16:00:00.000Z,205.69,209.96,204.81,206.00,208.89860484,206.00
2017-09-23T20:00:00.000Z,208.72,208.73,202.11,204.97,159.62344596,204.97
2017-09-24T00:00:00.000Z,204.97,204.97,202.51,202.85,336.80169969,202.85
2017-09-24T04:00:00.000Z,202.85,203.34,199.01,201.52,363.81271318,201.52
2017-09-24T08:00:00.000Z,201.00,203.43,199.69,201.00,130.29785803,201.00
2017-09-24T12:00:00.000Z,201.00,203.00,201.00,202.00,75.29446408,202.00
2017-09-24T16:00:00.000Z,202.00,202.00,200.13,202.00,227.32187245,202.00
2017-09-24T20:00:00.000Z,202.00,208.45,201.96,204.65,273.11656792,204.65
2017-09-25T00:00:00.000Z,206.04,221.79,206.04,221.72,163.78742564,221.72
2017-09-25T04:00:00.000Z,220.98,228.93,216.78,220.38,960.99088886,220.38
2017-09-25T08:00:00.000Z,220.00,221.00,217.52,219.30,206.03736953,219.30
2017-09-25T12:00:00.000Z,219.05,231.87,217.62,231.47,382.64712182,231.47
2017-09-25T16:00:00.000Z,231.47,233.45,225.12,228.12,243.44583502,228.12
2017-09-25T20:00:00.000Z,228.12,233.22,228.12,231.96,268.31993174,231.96
2017-09-26T00:00:00.000Z,231.96,235.00,230.00,232.46,275.33257426,232.46
2017-09-26T04:00:00.000Z,232.46,235.60,230.16,231.68,445.40660746,231.68
2017-09-26T08:00:00.000Z,231.68,233.62,229.06,231.04,130.47847040,231.04
2017-09-26T12:00:00.000Z,231.58,234.52,228.57,228.57,844.91079642,228.57
2017-09-26T16:00:00.000Z,228.57,232.41,228.57,232.00,437.53649204,232.00
2017-09-26T20:00:00.000Z,232.02,235.00,232.00,233.00,585.73375315,233.00
2017-09-27T00:00:00.000Z,233.00,257.00,231.00,255.01,1515.61523065,255.01
2017-09-27T04:00:00.000Z,257.00,296.99,250.44,275.98,5555.69463897,275.98
2017-09-27T08:00:00.000Z,277.00,281.91,268.00,269.00,331.88705412,269.00
2017-09-27T12:00:00.000Z,269.00,299.50,269.00,279.06,1475.48460271,279.06
2017-09-27T16:00:00.000Z,284.81,293.98,281.41,288.68,999.18053607,288.68
2017-09-27T20:00:00.000Z,288.68,296.88,285.22,285.22,838.01602031,285.22
2017-09-28T00:00:00.000Z,285.22,409.56,283.00,409.56,2569.18205386,409.56
2017-09-28T04:00:00.000Z,394.96,410.00,361.05,379.00,4951.22603721,379.00
2017-09-28T08:00:00.000Z,379.00,379.50,290.02,309.00,2671.45836132,309.00
2017-09-28T12:00:00.000Z,309.04,326.98,281.81,303.58,3680.41944050,303.58
2017-09-28T16:00:00.000Z,302.04,314.86,297.01,314.26,1959.35644749,314.26
2017-09-28T20:00:00.000Z,314.89,326.78,306.28,310.66,1332.51956772,310.66
2017-09-29T00:00:00.000Z,310.72,313.83,271.12,272.01,1705.84164285,272.01
2017-09-29T04:00:00.000Z,271.17,291.87,271.15,290.08,1262.24754587,290.08
2017-09-29T08:00:00.000Z,286.48,303.63,282.66,303.08,910.77825803,303.08
2017-09-29T12:00:00.000Z,303.08,304.97,286.80,297.04,879.69561197,297.04
2017-09-29T16:00:00.000Z,297.04,300.04,289.00,290.13,566.63273347,290.13
2017-09-29T20:00:00.000Z,290.29,293.33,287.96,290.55,378.74193304,290.55
2017-09-30T00:00:00.000Z,291.01,293.31,288.72,290.00,148.73064939,290.00
2017-09-30T04:00:00.000Z,290.00,292.00,288.08,290.93,303.90836002,290.93
2017-09-30T08:00:00.000Z,290.81,291.97,284.25,286.00,933.93997424,286.00
2017-09-30T12:00:00.000Z,285.23,289.00,284.00,284.01,399.20979555,284.01
2017-09-30T16:00:00.000Z,284.04,286.00,279.00,280.00,1201.16745724,280.00
2017-09-30T20:00:00.000Z,280.00,280.00,275.00,277.00,908.72826837,277.00
2017-10-01T00:00:00.000Z,277.00,280.58,275.09,278.65,184.16679265,278.65
2017-10-01T04:00:00.000Z,278.73,280.41,276.31,279.00,34.52777044,279.00
2017-10-01T08:00:00.000Z,279.00,281.07,276.00,278.03,138.00764950,278.03
2017-10-01T12:00:00.000Z,276.52,278.40,274.00,275.00,1119.47253779,275.00
2017-10-01T16:00:00.000Z,274.96,275.00,270.00,270.00,471.83056664,270.00
2017-10-01T20:00:00.000Z,270.03,271.77,266.00,268.02,374.08854188,268.02
2017-10-02T00:00:00.000Z,268.02,268.02,261.00,262.00,706.40599844,262.00
2017-10-02T04:00:00.000Z,262.00,265.00,253.08,253.08,308.16399292,253.08
2017-10-02T08:00:00.000Z,253.08,276.00,253.08,271.76,644.81953071,271.76
2017-10-02T12:00:00.000Z,268.25,268.87,257.51,261.12,1567.06026047,261.12
2017-10-02T16:00:00.000Z,261.12,263.09,255.83,258.71,67.29658149,258.71
2017-10-02T20:00:00.000Z,258.71,261.16,257.43,259.67,65.62053484,259.67
2017-10-03T00:00:00.000Z,257.86,260.86,257.77,257.81,41.27111899,257.81
2017-10-03T04:00:00.000Z,258.14,258.67,245.03,245.63,700.46467642,245.63
2017-10-03T08:00:00.000Z,245.63,260.97,240.50,246.29,644.40735893,246.29
2017-10-03T12:00:00.000Z,246.29,247.21,237.41,242.98,404.70591462,242.98
2017-10-03T16:00:00.000Z,242.99,252.84,242.99,245.10,789.71472750,245.10
2017-10-03T20:00:00.000Z,246.23,254.85,246.23,252.97,284.24755454,252.97
2017-10-04T00:00:00.000Z,253.01,254.78,246.59,248.00,73.97854363,248.00
2017-10-04T04:00:00.000Z,248.00,250.36,246.63,249.00,51.60158834,249.00
2017-10-04T08:00:00.000Z,250.00,250.04,241.99,242.49,585.65844002,242.49
2017-10-04T12:00:00.000Z,243.67,245.98,240.02,240.10,238.58016043,240.10
2017-10-04T16:00:00.000Z,240.10,241.51,237.56,237.59,349.62296591,237.59
2017-10-04T20:00:00.000Z,238.92,243.39,237.56,237.56,236.65806850,237.56
2017-10-05T00:00:00.000Z,237.56,237.72,231.30,233.32,280.08909614,233.32
2017-10-05T04:00:00.000Z,231.84,233.00,227.65,227.68,273.42431236,227.68
2017-10-05T08:00:00.000Z,227.68,246.27,227.25,240.73,493.03208274,240.73
2017-10-05T12:00:00.000Z,240.98,246.00,238.00,243.07,424.48120871,243.07
2017-10-05T16:00:00.000Z,243.07,261.00,243.07,252.87,1067.34407060,252.87
2017-10-05T20:00:00.000Z,252.81,267.95,252.81,257.85,1406.24610913,257.85
2017-10-06T00:00:00.000Z,256.17,276.00,255.00,268.07,735.67028853,268.07
2017-10-06T04:00:00.000Z,268.00,268.66,259.03,263.36,722.88155699,263.36
2017-10-06T08:00:00.000Z,263.39,268.99,257.34,264.38,311.16832901,264.38
2017-10-06T12:00:00.000Z,263.18,263.18,255.88,258.87,217.56992871,258.87
2017-10-06T16:00:00.000Z,257.89,258.73,252.50,253.87,120.49427671,253.87
2017-10-06T20:00:00.000Z,254.00,261.79,252.50,259.45,158.37839481,259.45
2017-10-07T00:00:00.000Z,258.63,259.53,254.36,255.01,84.79234940,255.01
2017-10-07T04:00:00.000Z,255.01,257.04,245.00,250.77,371.91892925,250.77
2017-10-07T08:00:00.000Z,250.22,253.23,247.97,251.93,107.70384519,251.93
2017-10-07T12:00:00.000Z,251.93,251.93,247.43,251.14,86.20559807,251.14
2017-10-07T16:00:00.000Z,252.38,256.17,252.30,253.30,226.22100785,253.30
2017-10-07T20:00:00.000Z,253.30,257.89,250.50,255.29,78.73159749,255.29
2017-10-08T00:00:00.000Z,255.29,255.29,252.50,253.96,24.55365380,253.96
2017-10-08T04:00:00.000Z,253.96,255.00,253.01,253.39,56.75813518,253.39
2017-10-08T08:00:00.000Z,253.30,257.80,252.52,253.45,152.97779992,253.45
2017-10-08T12:00:00.000Z,253.45,255.17,248.96,249.04,166.98425979,249.04
2017-10-08T16:00:00.000Z,249.04,250.97,244.08,245.66,689.05622854,245.66
2017-10-08T20:00:00.000Z,245.60,247.56,240.47,241.39,207.13794896,241.39
2017-10-09T00:00:00.000Z,242.24,242.82,238.35,238.84,163.63936054,238.84
2017-10-09T04:00:00.000Z,239.02,241.43,235.92,240.87,316.75201769,240.87
2017-10-09T08:00:00.000Z,240.84,240.90,236.75,237.00,89.07342365,237.00
2017-10-09T12:00:00.000Z,236.79,238.45,235.00,235.13,212.38218311,235.13
2017-10-09T16:00:00.000Z,235.14,235.15,230.56,230.59,423.92242151,230.59
2017-10-09T20:00:00.000Z,230.56,234.64,230.56,230.56,1323.24872577,230.56
2017-10-10T00:00:00.000Z,230.56,234.00,226.19,231.26,198.87064940,231.26
2017-10-10T04:00:00.000Z,231.18,236.18,229.00,231.29,116.41746887,231.29
2017-10-10T08:00:00.000Z,231.29,232.45,229.75,229.85,86.42302368,229.85
2017-10-10T12:00:00.000Z,229.94,235.13,229.94,230.76,341.95120165,230.76
2017-10-10T16:00:00.000Z,231.25,242.66,221.56,241.00,1193.20553197,241.00
2017-10-10T20:00:00.000Z,241.13,241.66,232.91,234.20,119.11491062,234.20
2017-10-11T00:00:00.000Z,234.20,237.38,230.50,233.11,102.29726532,233.11
2017-10-11T04:00:00.000Z,233.11,236.71,231.33,236.18,44.58829531,236.18
2017-10-11T08:00:00.000Z,235.50,238.84,233.58,235.13,137.08537289,235.13
2017-10-11T12:00:00.000Z,235.43,239.38,235.43,238.46,82.06145853,238.46
2017-10-11T16:00:00.000Z,238.46,238.46,234.29,235.43,58.19935554,235.43
2017-10-11T20:00:00.000Z,235.43,236.88,234.54,236.24,41.04528689,236.24
2017-10-12T00:00:00.000Z,236.39,237.05,232.80,233.87,153.62138115,233.87
2017-10-12T04:00:00.000Z,233.59,234.62,230.85,232.83,151.13800607,232.83
2017-10-12T08:00:00.000Z,232.12,234.98,230.08,232.13,301.73130987,232.13
2017-10-12T12:00:00.000Z,232.20,234.73,231.09,232.40,174.81299695,232.40
2017-10-12T16:00:00.000Z,232.32,232.32,227.00,230.41,592.95265771,230.41
2017-10-12T20:00:00.000Z,228.28,231.25,227.00,227.00,141.33124931,227.00
2017-10-13T00:00:00.000Z,227.02,229.50,221.80,225.00,283.77498775,225.00
2017-10-13T04:00:00.000Z,224.14,233.48,222.98,229.92,270.47092365,229.92
2017-10-13T08:00:00.000Z,229.99,247.82,225.24,241.09,523.75996494,241.09
2017-10-13T12:00:00.000Z,242.04,245.92,235.02,237.89,354.86702370,237.89
2017-10-13T16:00:00.000Z,238.39,245.97,235.21,236.41,478.62616012,236.41
2017-10-13T20:00:00.000Z,237.52,242.26,235.90,237.80,127.11731868,237.80
2017-10-14T00:00:00.000Z,237.80,242.95,237.20,240.53,136.60949616,240.53
2017-10-14T04:00:00.000Z,240.22,241.90,237.10,239.50,88.90788213,239.50
2017-10-14T08:00:00.000Z,238.62,240.91,238.02,239.42,61.87311226,239.42
2017-10-14T12:00:00.000Z,239.42,239.90,237.39,239.45,81.49703867,239.45
2017-10-14T16:00:00.000Z,239.45,241.78,238.00,240.41,98.69157679,240.41
2017-10-14T20:00:00.000Z,240.00,240.00,238.92,240.00,50.39518264,240.00
2017-10-15T00:00:00.000Z,240.00,240.00,238.41,238.41,101.40283040,238.41
2017-10-15T04:00:00.000Z,238.41,239.65,233.00,239.40,748.34485153,239.40
2017-10-15T08:00:00.000Z,238.50,239.34,230.52,230.53,315.08731526,230.53
2017-10-15T12:00:00.000Z,230.53,234.76,230.00,230.00,150.64146436,230.00
2017-10-15T16:00:00.000Z,230.04,231.59,227.07,229.00,172.22562025,229.00
2017-10-15T20:00:00.000Z,229.00,233.85,228.02,229.98,46.65116923,229.98
2017-10-16T00:00:00.000Z,229.98,233.79,229.98,231.02,71.25385884,231.02
2017-10-16T04:00:00.000Z,231.02,235.52,230.81,233.10,127.30743908,233.10
2017-10-16T08:00:00.000Z,232.98,234.44,231.00,234.44,214.15397721,234.44
2017-10-16T12:00:00.000Z,234.46,236.73,233.07,234.58,68.51809488,234.58
2017-10-16T16:00:00.000Z,234.62,234.90,231.92,234.06,126.72937711,234.06
2017-10-16T20:00:00.000Z,234.06,234.87,231.99,232.57,23.26166140,232.57
2017-10-17T00:00:00.000Z,233.06,233.27,229.12,229.54,106.46381434,229.54
2017-10-17T04:00:00.000Z,229.54,233.30,228.13,233.27,108.57766916,233.27
2017-10-17T08:00:00.000Z,233.28,246.00,228.22,240.00,300.94057147,240.00
2017-10-17T12:00:00.000Z,240.03,250.00,232.00,238.05,767.95152974,238.05
2017-10-17T16:00:00.000Z,238.05,241.33,233.00,236.32,174.15500808,236.32
2017-10-17T20:00:00.000Z,236.32,236.32,231.00,233.34,121.55938479,233.34
2017-10-18T00:00:00.000Z,233.34,237.20,230.07,232.69,134.05790626,232.69
2017-10-18T04:00:00.000Z,232.68,234.70,230.00,231.84,58.76359196,231.84
2017-10-18T08:00:00.000Z,230.03,231.41,225.00,225.00,231.53606415,225.00
2017-10-18T12:00:00.000Z,225.00,225.01,220.50,222.00,203.49410784,222.00
2017-10-18T16:00:00.000Z,222.00,229.52,222.00,224.08,67.60909304,224.08
2017-10-18T20:00:00.000Z,224.12,230.00,224.05,229.97,58.77289281,229.97
2017-10-19T00:00:00.000Z,228.00,231.79,227.40,228.49,25.50201630,228.49
2017-10-19T04:00:00.000Z,228.49,231.64,225.00,225.00,96.59218665,225.00
2017-10-19T08:00:00.000Z,225.08,228.25,225.05,225.50,21.05780460,225.50
2017-10-19T12:00:00.000Z,225.50,239.86,225.50,233.86,234.88476542,233.86
2017-10-19T16:00:00.000Z,230.68,233.90,230.50,233.49,141.66702016,233.49
2017-10-19T20:00:00.000Z,233.49,236.53,231.00,231.00,211.68369185,231.00
2017-10-20T00:00:00.000Z,231.00,234.15,230.04,231.76,207.78740827,231.76
2017-10-20T04:00:00.000Z,231.76,231.76,227.60,230.28,40.81390472,230.28
2017-10-20T08:00:00.000Z,230.28,230.28,226.08,226.08,7.30006914,226.08
2017-10-20T12:00:00.000Z,227.40,237.99,226.12,230.06,123.75744672,230.06
2017-10-20T16:00:00.000Z,233.85,233.85,225.68,229.00,119.69187035,229.00
2017-10-20T20:00:00.000Z,229.00,229.00,223.00,223.00,396.96609735,223.00
2017-10-21T00:00:00.000Z,223.00,225.69,220.79,223.30,16.19641291,223.30
2017-10-21T04:00:00.000Z,223.30,223.30,219.20,219.30,194.23220291,219.30
2017-10-21T08:00:00.000Z,219.01,219.01,213.05,213.14,384.76190378,213.14
2017-10-21T12:00:00.000Z,213.22,221.04,207.45,212.92,328.93450979,212.92
2017-10-21T16:00:00.000Z,212.94,221.37,209.25,212.00,305.35067527,212.00
2017-10-21T20:00:00.000Z,212.00,221.65,210.01,212.13,240.21273112,212.13
2017-10-22T00:00:00.000Z,212.13,217.17,212.13,213.61,65.10037435,213.61
2017-10-22T04:00:00.000Z,213.61,218.66,210.70,213.97,60.23834863,213.97
2017-10-22T08:00:00.000Z,213.97,213.97,210.45,212.44,41.19329375,212.44
2017-10-22T12:00:00.000Z,211.08,223.28,209.20,219.00,433.63547326,219.00
2017-10-22T16:00:00.000Z,219.00,219.00,211.68,211.72,75.62175595,211.72
2017-10-22T20:00:00.000Z,211.72,215.00,211.72,212.06,8.04150711,212.06
2017-10-23T00:00:00.000Z,212.00,212.79,211.00,211.00,12.61252120,211.00
2017-10-23T04:00:00.000Z,211.00,214.35,209.20,209.72,104.57623411,209.72
2017-10-23T08:00:00.000Z,209.24,209.40,203.63,206.04,212.49740293,206.04
2017-10-23T12:00:00.000Z,206.04,207.87,201.59,201.98,247.47714720,201.98
2017-10-23T16:00:00.000Z,202.00,209.17,200.00,207.26,291.20665726,207.26
2017-10-23T20:00:00.000Z,207.16,214.00,203.50,206.00,661.92052531,206.00
2017-10-24T00:00:00.000Z,206.00,250.00,204.77,218.00,1373.42529144,218.00
2017-10-24T04:00:00.000Z,219.20,221.90,215.01,215.05,248.58404646,215.05
2017-10-24T08:00:00.000Z,215.05,220.75,215.05,217.98,256.63055125,217.98
2017-10-24T12:00:00.000Z,217.98,237.89,217.98,227.08,859.13762580,227.08
2017-10-24T16:00:00.000Z,227.10,231.00,218.00,219.65,538.23676663,219.65
2017-10-24T20:00:00.000Z,219.65,236.50,216.04,218.00,677.85406490,218.00
2017-10-25T00:00:00.000Z,218.00,239.00,208.92,217.09,319.83365896,217.09
2017-10-25T04:00:00.000Z,217.09,218.89,211.90,215.63,93.65764121,215.63
2017-10-25T08:00:00.000Z,215.63,218.22,210.12,216.30,131.79826841,216.30
2017-10-25T12:00:00.000Z,216.30,254.00,210.90,229.87,1410.89373177,229.87
2017-10-25T16:00:00.000Z,228.04,243.00,216.60,229.99,1409.81981904,229.99
2017-10-25T20:00:00.000Z,229.27,237.00,219.90,219.95,412.86242510,219.95
2017-10-26T00:00:00.000Z,219.00,224.21,217.27,218.78,63.88728375,218.78
2017-10-26T04:00:00.000Z,220.05,229.99,217.96,222.18,1130.19098108,222.18
2017-10-26T08:00:00.000Z,220.25,229.98,220.21,228.00,1333.28041549,228.00
2017-10-26T12:00:00.000Z,227.99,231.04,223.60,231.03,687.13029171,231.03
2017-10-26T16:00:00.000Z,231.05,242.53,225.00,229.50,815.22163385,229.50
2017-10-26T20:00:00.000Z,230.92,237.50,228.96,235.53,237.83011648,235.53
2017-10-27T00:00:00.000Z,235.00,242.99,229.80,232.38,1474.28833594,232.38
2017-10-27T04:00:00.000Z,236.04,247.33,232.93,240.02,329.38327440,240.02
2017-10-27T08:00:00.000Z,240.01,258.00,236.59,252.99,2654.99573410,252.99
2017-10-27T12:00:00.000Z,247.90,257.00,240.10,252.47,2321.07669771,252.47
2017-10-27T16:00:00.000Z,252.47,256.00,245.00,246.00,265.84921258,246.00
2017-10-27T20:00:00.000Z,246.00,248.33,241.21,244.05,118.89646216,244.05
2017-10-28T00:00:00.000Z,246.03,248.97,237.62,241.04,149.48805301,241.04
2017-10-28T04:00:00.000Z,241.04,245.46,237.64,243.00,170.53839504,243.00
2017-10-28T08:00:00.000Z,245.00,245.00,236.90,238.02,1661.82889061,238.02
2017-10-28T12:00:00.000Z,238.00,244.25,237.10,237.45,2327.39649475,237.45
2017-10-28T16:00:00.000Z,237.49,239.47,237.40,237.50,242.79546410,237.50
2017-10-28T20:00:00.000Z,238.02,238.02,231.00,231.01,881.71552247,231.01
2017-10-29T00:00:00.000Z,231.32,235.69,228.25,232.03,199.87440129,232.03
2017-10-29T04:00:00.000Z,232.03,238.00,231.09,238.00,148.14402827,238.00
2017-10-29T08:00:00.000Z,238.00,238.00,230.00,235.84,211.44177537,235.84
2017-10-29T12:00:00.000Z,237.92,245.00,233.36,238.36,464.02051955,238.36
2017-10-29T16:00:00.000Z,238.35,241.96,232.67,237.02,278.41964482,237.02
2017-10-29T20:00:00.000Z,237.02,238.00,230.20,233.10,242.18074529,233.10
2017-10-30T00:00:00.000Z,233.10,236.54,230.00,233.15,269.20822871,233.15
2017-10-30T04:00:00.000Z,233.15,233.15,230.60,230.61,40.17901932,230.61
2017-10-30T08:00:00.000Z,230.93,233.50,230.05,232.50,346.70771870,232.50
2017-10-30T12:00:00.000Z,232.75,245.00,232.75,242.25,1368.38277157,242.25
2017-10-30T16:00:00.000Z,241.95,242.25,237.08,238.81,328.41830707,238.81
2017-10-30T20:00:00.000Z,239.95,242.84,238.87,242.84,202.33541454,242.84
2017-10-31T00:00:00.000Z,242.84,242.84,236.06,240.82,89.42828527,240.82
2017-10-31T04:00:00.000Z,240.82,240.82,235.73,235.84,60.29188674,235.84
2017-10-31T08:00:00.000Z,235.84,239.00,235.52,236.23,30.21792343,236.23
2017-10-31T12:00:00.000Z,236.30,239.00,232.10,236.78,593.10400172,236.78
2017-10-31T16:00:00.000Z,236.78,236.78,232.42,233.20,129.55966234,233.20
2017-10-31T20:00:00.000Z,233.20,235.98,232.40,234.00,457.74661735,234.00
2017-11-01T00:00:00.000Z,234.00,234.00,230.00,231.52,573.49242120,231.52
2017-11-01T04:00:00.000Z,231.52,233.25,227.13,229.54,112.82732643,229.54
2017-11-01T08:00:00.000Z,229.54,232.10,224.63,228.81,905.70944957,228.81
2017-11-01T12:00:00.000Z,226.92,238.00,222.17,232.28,1920.69422533,232.28
2017-11-01T16:00:00.000Z,232.30,237.99,228.00,228.69,945.65135370,228.69
2017-11-01T20:00:00.000Z,228.69,233.00,222.10,222.82,1573.75005882,222.82
2017-11-02T00:00:00.000Z,222.82,227.48,221.25,221.25,872.16244831,221.25
2017-11-02T04:00:00.000Z,221.25,228.10,215.01,222.02,796.24109507,222.02
2017-11-02T08:00:00.000Z,222.00,222.00,212.00,218.40,338.69871649,218.40
2017-11-02T12:00:00.000Z,218.40,221.26,213.50,220.87,1233.94606112,220.87
2017-11-02T16:00:00.000Z,220.03,221.26,218.32,220.32,464.09885161,220.32
2017-11-02T20:00:00.000Z,220.32,220.32,216.00,217.00,63.41474221,217.00
2017-11-03T00:00:00.000Z,217.00,220.14,216.00,216.28,133.03383215,216.28
2017-11-03T04:00:00.000Z,218.66,221.00,216.28,221.00,40.63967311,221.00
2017-11-03T08:00:00.000Z,219.22,224.24,218.89,221.00,168.39872243,221.00
2017-11-03T12:00:00.000Z,220.39,227.00,218.80,223.99,290.76947536,223.99
2017-11-03T16:00:00.000Z,223.99,238.94,223.09,236.51,942.05914996,236.51
2017-11-03T20:00:00.000Z,238.95,239.00,230.52,230.71,759.72073200,230.71
2017-11-04T00:00:00.000Z,230.71,234.93,225.52,228.42,202.29536397,228.42
2017-11-04T04:00:00.000Z,228.42,229.94,225.60,227.90,35.61046304,227.90
2017-11-04T08:00:00.000Z,227.90,237.90,225.60,229.06,611.11908617,229.06
2017-11-04T12:00:00.000Z,229.03,235.94,229.00,229.27,211.09264703,229.27
2017-11-04T16:00:00.000Z,229.36,230.93,226.79,228.18,684.75807536,228.18
2017-11-04T20:00:00.000Z,228.18,233.96,227.23,229.10,28.09566167,229.10
2017-11-05T00:00:00.000Z,229.51,233.00,229.00,229.00,34.40930525,229.00
2017-11-05T04:00:00.000Z,228.04,229.23,225.60,228.15,101.69604538,228.15
2017-11-05T08:00:00.000Z,228.15,229.99,226.00,226.06,132.54980825,226.06
2017-11-05T12:00:00.000Z,226.03,232.00,224.48,225.40,627.42914044,225.40
2017-11-05T16:00:00.000Z,225.40,230.88,225.01,229.02,183.47635465,229.02
2017-11-05T20:00:00.000Z,229.03,229.97,221.96,223.00,2134.34182190,223.00
2017-11-06T00:00:00.000Z,222.96,225.04,221.00,224.00,1017.51533615,224.00
2017-11-06T04:00:00.000Z,224.03,227.89,221.72,227.89,455.08906911,227.89
2017-11-06T08:00:00.000Z,227.89,229.90,224.96,225.00,483.06354786,225.00
2017-11-06T12:00:00.000Z,225.00,228.00,225.00,227.96,780.54355374,227.96
2017-11-06T16:00:00.000Z,227.96,235.00,227.96,233.01,222.10366674,233.01
2017-11-06T20:00:00.000Z,233.00,234.50,226.00,227.13,171.69366147,227.13
2017-11-07T00:00:00.000Z,227.13,234.26,226.04,228.50,454.38929553,228.50
2017-11-07T04:00:00.000Z,228.50,232.42,228.50,230.14,40.70139130,230.14
2017-11-07T08:00:00.000Z,230.30,234.47,229.02,234.47,269.74780888,234.47
2017-11-07T12:00:00.000Z,234.44,234.47,228.96,230.00,814.69959070,230.00
2017-11-07T16:00:00.000Z,230.00,238.00,230.00,235.75,496.62952918,235.75
2017-11-07T20:00:00.000Z,235.75,243.10,231.28,237.24,1139.50261912,237.24
2017-11-08T00:00:00.000Z,239.78,243.96,236.58,239.00,401.71113798,239.00
2017-11-08T04:00:00.000Z,239.00,243.40,237.81,241.50,233.81803262,241.50
2017-11-08T08:00:00.000Z,241.50,245.60,239.82,240.28,204.85655469,240.28
2017-11-08T12:00:00.000Z,240.28,247.50,240.28,245.00,314.68493013,245.00
2017-11-08T16:00:00.000Z,245.00,250.00,243.50,243.64,593.74690086,243.64
2017-11-08T20:00:00.000Z,243.64,258.42,243.64,251.99,678.31164563,251.99
2017-11-09T00:00:00.000Z,250.05,253.73,249.67,249.90,541.74487132,249.90
2017-11-09T04:00:00.000Z,249.90,255.99,249.35,249.96,237.45495225,249.96
2017-11-09T08:00:00.000Z,249.96,253.59,244.03,247.95,382.16217978,247.95
2017-11-09T12:00:00.000Z,247.95,270.00,243.08,265.00,1195.74202870,265.00
2017-11-09T16:00:00.000Z,265.00,275.00,264.00,266.98,898.60534638,266.98
2017-11-09T20:00:00.000Z,266.98,266.98,257.59,265.96,806.87531471,265.96
2017-11-10T00:00:00.000Z,265.96,265.96,259.07,261.02,130.85482958,261.02
2017-11-10T04:00:00.000Z,260.66,267.00,260.66,263.00,290.12468238,263.00
2017-11-10T08:00:00.000Z,263.01,274.44,259.15,269.99,541.19167424,269.99
2017-11-10T12:00:00.000Z,270.02,270.02,229.00,249.86,1632.23833673,249.86
2017-11-10T16:00:00.000Z,249.81,252.15,230.00,234.88,815.14946926,234.88
2017-11-10T20:00:00.000Z,231.92,246.63,229.15,238.44,321.97962216,238.44
2017-11-11T00:00:00.000Z,237.05,245.56,235.99,242.30,116.69445587,242.30
2017-11-11T04:00:00.000Z,242.30,246.39,241.88,246.39,120.43350083,246.39
2017-11-11T08:00:00.000Z,246.39,250.00,243.42,243.44,455.73831038,243.44
2017-11-11T12:00:00.000Z,243.44,244.64,231.00,236.03,254.28664538,236.03
2017-11-11T16:00:00.000Z,238.42,273.00,238.42,250.08,1391.16416718,250.08
2017-11-11T20:00:00.000Z,250.08,274.00,250.08,253.00,780.47237120,253.00
2017-11-12T00:00:00.000Z,252.04,253.00,240.21,240.87,814.13260527,240.87
2017-11-12T04:00:00.000Z,244.51,249.74,235.00,238.00,823.79232944,238.00
2017-11-12T08:00:00.000Z,239.00,244.96,235.00,239.00,380.35582103,239.00
2017-11-12T12:00:00.000Z,239.00,250.66,235.00,250.00,656.76731333,250.00
2017-11-12T16:00:00.000Z,250.00,276.00,241.33,248.00,1143.35142434,248.00
2017-11-12T20:00:00.000Z,249.61,268.00,247.01,249.00,144.30705338,249.00
