"Index","KrakenEosEth.Open","KrakenEosEth.High","KrakenEosEth.Low","KrakenEosEth.Close","KrakenEosEth.Volume","KrakenEosEth.Adjusted"
2017-07-16T00:00:00.000Z,0.007765,0.007800,0.007451,0.007700,66279.33075325,0.007700
2017-07-16T04:00:00.000Z,0.007773,0.008072,0.007585,0.007735,56641.92992359,0.007735
2017-07-16T08:00:00.000Z,0.007730,0.008426,0.007719,0.008214,59872.63817131,0.008214
2017-07-16T12:00:00.000Z,0.008219,0.008393,0.007430,0.007920,133832.05302266,0.007920
2017-07-16T16:00:00.000Z,0.007920,0.007989,0.007521,0.007988,64118.56993365,0.007988
2017-07-16T20:00:00.000Z,0.007989,0.008015,0.007626,0.008013,189724.84715722,0.008013
2017-07-17T00:00:00.000Z,0.007893,0.008290,0.007853,0.008173,50946.15877330,0.008173
2017-07-17T04:00:00.000Z,0.008055,0.008389,0.008004,0.008222,116945.05309258,0.008222
2017-07-17T08:00:00.000Z,0.008297,0.008650,0.007853,0.007853,112068.48080747,0.007853
2017-07-17T12:00:00.000Z,0.007853,0.008398,0.007853,0.008313,80154.70294468,0.008313
2017-07-17T16:00:00.000Z,0.008193,0.008422,0.008000,0.008000,86178.11306811,0.008000
2017-07-17T20:00:00.000Z,0.008300,0.008740,0.008001,0.008740,164978.87231302,0.008740
2017-07-18T00:00:00.000Z,0.008300,0.008751,0.008070,0.008144,84340.00723266,0.008144
2017-07-18T04:00:00.000Z,0.008148,0.008900,0.008053,0.008102,51454.76026947,0.008102
2017-07-18T08:00:00.000Z,0.008152,0.008224,0.008000,0.008185,25727.92346560,0.008185
2017-07-18T12:00:00.000Z,0.008107,0.008290,0.007853,0.007999,58689.90836564,0.007999
2017-07-18T16:00:00.000Z,0.007999,0.008197,0.007100,0.007103,94151.11240520,0.007103
2017-07-18T20:00:00.000Z,0.007104,0.007990,0.006790,0.007218,76935.31557837,0.007218
2017-07-19T00:00:00.000Z,0.007227,0.007648,0.007051,0.007200,31221.96207091,0.007200
2017-07-19T04:00:00.000Z,0.007315,0.008198,0.007000,0.007212,95213.73217192,0.007212
2017-07-19T08:00:00.000Z,0.007214,0.007460,0.007102,0.007460,65162.16788615,0.007460
2017-07-19T12:00:00.000Z,0.007460,0.007799,0.007153,0.007382,114023.73952092,0.007382
2017-07-19T16:00:00.000Z,0.007301,0.007490,0.006990,0.007490,133012.20007562,0.007490
2017-07-19T20:00:00.000Z,0.007490,0.007854,0.007104,0.007504,108174.09655369,0.007504
2017-07-20T00:00:00.000Z,0.007591,0.007976,0.007465,0.007595,46798.95554768,0.007595
2017-07-20T04:00:00.000Z,0.007625,0.007841,0.007474,0.007727,28145.48531140,0.007727
2017-07-20T08:00:00.000Z,0.007715,0.007750,0.007387,0.007387,39771.51907115,0.007387
2017-07-20T12:00:00.000Z,0.007381,0.007599,0.007301,0.007575,36972.86168445,0.007575
2017-07-20T16:00:00.000Z,0.007557,0.007580,0.007100,0.007422,35378.98838263,0.007422
2017-07-20T20:00:00.000Z,0.007463,0.007651,0.007101,0.007651,32403.73531645,0.007651
2017-07-21T00:00:00.000Z,0.007640,0.008200,0.007515,0.008124,99586.32849923,0.008124
2017-07-21T04:00:00.000Z,0.008121,0.008490,0.007887,0.008226,105555.90501206,0.008226
2017-07-21T08:00:00.000Z,0.008290,0.008800,0.008100,0.008315,82080.28630248,0.008315
2017-07-21T12:00:00.000Z,0.008313,0.008999,0.008013,0.008100,103818.16033887,0.008100
2017-07-21T16:00:00.000Z,0.008100,0.008300,0.007840,0.008163,60431.30146179,0.008163
2017-07-21T20:00:00.000Z,0.008114,0.009032,0.008036,0.008416,68503.92460488,0.008416
2017-07-22T00:00:00.000Z,0.008353,0.008594,0.008157,0.008405,44179.86706467,0.008405
2017-07-22T04:00:00.000Z,0.008400,0.008460,0.008255,0.008349,15230.10325608,0.008349
2017-07-22T08:00:00.000Z,0.008327,0.008988,0.008261,0.008600,39905.62241774,0.008600
2017-07-22T12:00:00.000Z,0.008673,0.008877,0.008268,0.008782,81344.05140204,0.008782
2017-07-22T16:00:00.000Z,0.008783,0.008878,0.008504,0.008760,30654.02516617,0.008760
2017-07-22T20:00:00.000Z,0.008705,0.008871,0.008413,0.008786,29599.77295848,0.008786
2017-07-23T00:00:00.000Z,0.008785,0.009181,0.008584,0.009046,88520.65550360,0.009046
2017-07-23T04:00:00.000Z,0.009092,0.009490,0.008502,0.008772,87381.86734654,0.008772
2017-07-23T08:00:00.000Z,0.008650,0.008952,0.008183,0.008185,113098.04236691,0.008185
2017-07-23T12:00:00.000Z,0.008288,0.008558,0.008106,0.008449,42054.93883558,0.008449
2017-07-23T16:00:00.000Z,0.008443,0.008550,0.008306,0.008547,39933.02332669,0.008547
2017-07-23T20:00:00.000Z,0.008522,0.008555,0.008305,0.008339,14175.33714590,0.008339
2017-07-24T00:00:00.000Z,0.008384,0.008598,0.008304,0.008564,10397.03586636,0.008564
2017-07-24T04:00:00.000Z,0.008550,0.008593,0.008181,0.008398,32375.11716924,0.008398
2017-07-24T08:00:00.000Z,0.008399,0.008499,0.008251,0.008496,30550.69212085,0.008496
2017-07-24T12:00:00.000Z,0.008469,0.008469,0.007903,0.008150,140550.41371104,0.008150
2017-07-24T16:00:00.000Z,0.008173,0.008398,0.008109,0.008398,53516.79945124,0.008398
2017-07-24T20:00:00.000Z,0.008385,0.008398,0.008209,0.008375,14386.95530610,0.008375
2017-07-25T00:00:00.000Z,0.008369,0.008399,0.008242,0.008335,34941.53005856,0.008335
2017-07-25T04:00:00.000Z,0.008332,0.008374,0.008112,0.008346,38661.50315847,0.008346
2017-07-25T08:00:00.000Z,0.008344,0.008367,0.007733,0.007808,100210.88525790,0.007808
2017-07-25T12:00:00.000Z,0.008014,0.008208,0.007800,0.007800,53094.26861955,0.007800
2017-07-25T16:00:00.000Z,0.007968,0.007992,0.007668,0.007974,32777.31455996,0.007974
2017-07-25T20:00:00.000Z,0.007978,0.008249,0.007895,0.008217,41491.66895067,0.008217
2017-07-26T00:00:00.000Z,0.008217,0.008245,0.007800,0.007972,29151.83490893,0.007972
2017-07-26T04:00:00.000Z,0.007943,0.007943,0.007671,0.007774,24442.79328883,0.007774
2017-07-26T08:00:00.000Z,0.007804,0.007925,0.007400,0.007570,74942.81634986,0.007570
2017-07-26T12:00:00.000Z,0.007570,0.008147,0.007570,0.008015,101484.29748501,0.008015
2017-07-26T16:00:00.000Z,0.008023,0.008289,0.007958,0.008241,49288.89048250,0.008241
2017-07-26T20:00:00.000Z,0.008250,0.008360,0.008060,0.008360,15998.58106417,0.008360
2017-07-27T00:00:00.000Z,0.008359,0.008655,0.008122,0.008649,78590.37223424,0.008649
2017-07-27T04:00:00.000Z,0.008649,0.009100,0.008620,0.008742,79848.42509736,0.008742
2017-07-27T08:00:00.000Z,0.008845,0.009117,0.008676,0.008893,47643.54154796,0.008893
2017-07-27T12:00:00.000Z,0.008968,0.009139,0.008821,0.009070,22835.12300950,0.009070
2017-07-27T16:00:00.000Z,0.009002,0.009260,0.009002,0.009260,19035.86587794,0.009260
2017-07-27T20:00:00.000Z,0.009260,0.009600,0.009122,0.009436,83764.70762123,0.009436
2017-07-28T00:00:00.000Z,0.009521,0.009680,0.009251,0.009636,69354.31205638,0.009636
2017-07-28T04:00:00.000Z,0.009618,0.009754,0.009200,0.009636,54339.80897550,0.009636
2017-07-28T08:00:00.000Z,0.009642,0.009899,0.009252,0.009893,161910.80109562,0.009893
2017-07-28T12:00:00.000Z,0.009893,0.009896,0.009387,0.009500,60148.76430241,0.009500
2017-07-28T16:00:00.000Z,0.009502,0.009599,0.009254,0.009516,53773.93222961,0.009516
2017-07-28T20:00:00.000Z,0.009516,0.009579,0.009370,0.009579,21925.97234072,0.009579
2017-07-29T00:00:00.000Z,0.009468,0.009500,0.009021,0.009400,29747.67608082,0.009400
2017-07-29T04:00:00.000Z,0.009401,0.009563,0.009149,0.009287,53065.62766251,0.009287
2017-07-29T08:00:00.000Z,0.009301,0.009310,0.008500,0.009117,158067.07133567,0.009117
2017-07-29T12:00:00.000Z,0.009083,0.009318,0.008980,0.009310,36271.96983847,0.009310
2017-07-29T16:00:00.000Z,0.009310,0.009317,0.008909,0.009200,51815.27533534,0.009200
2017-07-29T20:00:00.000Z,0.009304,0.009319,0.008758,0.008925,116294.40009573,0.008925
2017-07-30T00:00:00.000Z,0.008950,0.008987,0.008655,0.008872,26063.64713495,0.008872
2017-07-30T04:00:00.000Z,0.008717,0.009000,0.008510,0.008740,35478.83689927,0.008740
2017-07-30T08:00:00.000Z,0.008730,0.008970,0.008685,0.008970,219915.22294443,0.008970
2017-07-30T12:00:00.000Z,0.008954,0.009200,0.008740,0.008959,124177.94028561,0.008959
2017-07-30T16:00:00.000Z,0.008959,0.009200,0.008950,0.009080,71721.50064675,0.009080
2017-07-30T20:00:00.000Z,0.009050,0.009260,0.009006,0.009100,45266.40216912,0.009100
2017-07-31T00:00:00.000Z,0.009100,0.009200,0.008950,0.008992,40205.32677761,0.008992
2017-07-31T04:00:00.000Z,0.008995,0.009100,0.008740,0.008921,129381.59354223,0.008921
2017-07-31T08:00:00.000Z,0.008850,0.009055,0.008802,0.008933,23719.07952538,0.008933
2017-07-31T12:00:00.000Z,0.008845,0.008923,0.008644,0.008898,31053.22274929,0.008898
2017-07-31T16:00:00.000Z,0.008897,0.008898,0.008701,0.008848,38168.39356112,0.008848
2017-07-31T20:00:00.000Z,0.008844,0.008898,0.008500,0.008670,56501.72327215,0.008670
2017-08-01T00:00:00.000Z,0.008467,0.008700,0.008200,0.008465,30849.98599761,0.008465
2017-08-01T04:00:00.000Z,0.008356,0.008430,0.007770,0.008098,124368.32635771,0.008098
2017-08-01T08:00:00.000Z,0.008255,0.008341,0.007989,0.007989,25345.15806266,0.007989
2017-08-01T12:00:00.000Z,0.008020,0.008189,0.007802,0.007919,26440.16139480,0.007919
2017-08-01T16:00:00.000Z,0.007918,0.008174,0.007700,0.007777,53795.08013545,0.007777
2017-08-01T20:00:00.000Z,0.007804,0.007897,0.007650,0.007884,33877.23196039,0.007884
2017-08-02T00:00:00.000Z,0.007789,0.007958,0.007727,0.007779,9555.14832621,0.007779
2017-08-02T04:00:00.000Z,0.007876,0.007988,0.007550,0.007978,42995.94045061,0.007978
2017-08-02T08:00:00.000Z,0.007900,0.008226,0.007802,0.008226,33204.22750764,0.008226
2017-08-02T12:00:00.000Z,0.008088,0.008144,0.007756,0.007926,61809.89660377,0.007926
2017-08-02T16:00:00.000Z,0.007988,0.008075,0.007771,0.007858,27851.59595229,0.007858
2017-08-02T20:00:00.000Z,0.007994,0.008042,0.007855,0.007961,17297.48033952,0.007961
2017-08-03T00:00:00.000Z,0.007960,0.008045,0.007719,0.007926,34521.26510781,0.007926
2017-08-03T04:00:00.000Z,0.007906,0.007985,0.007602,0.007875,32515.79815685,0.007875
2017-08-03T08:00:00.000Z,0.007804,0.007895,0.007651,0.007750,25340.17824669,0.007750
2017-08-03T12:00:00.000Z,0.007799,0.007926,0.007601,0.007900,21921.55870147,0.007900
2017-08-03T16:00:00.000Z,0.007909,0.007985,0.007804,0.007900,33438.31588684,0.007900
2017-08-03T20:00:00.000Z,0.007892,0.007944,0.007719,0.007944,17249.54000351,0.007944
2017-08-04T00:00:00.000Z,0.007849,0.008022,0.007680,0.007819,64679.88163268,0.007819
2017-08-04T04:00:00.000Z,0.007847,0.007919,0.007760,0.007915,13995.96823316,0.007915
2017-08-04T08:00:00.000Z,0.007915,0.008192,0.007915,0.008095,84944.82416923,0.008095
2017-08-04T12:00:00.000Z,0.008095,0.008142,0.007990,0.008020,132523.46307236,0.008020
2017-08-04T16:00:00.000Z,0.008056,0.008108,0.007987,0.008090,8965.66265654,0.008090
2017-08-04T20:00:00.000Z,0.008038,0.008066,0.007815,0.007925,32205.99576722,0.007925
2017-08-05T00:00:00.000Z,0.007950,0.007991,0.007777,0.007888,46022.70492896,0.007888
2017-08-05T04:00:00.000Z,0.007801,0.007882,0.007001,0.007624,87188.33675592,0.007624
2017-08-05T08:00:00.000Z,0.007654,0.007676,0.007010,0.007583,97141.25440431,0.007583
2017-08-05T12:00:00.000Z,0.007559,0.007786,0.007198,0.007786,48918.91019583,0.007786
2017-08-05T16:00:00.000Z,0.007745,0.007880,0.007501,0.007601,84055.47430216,0.007601
2017-08-05T20:00:00.000Z,0.007599,0.007599,0.007120,0.007204,48264.92021117,0.007204
2017-08-06T00:00:00.000Z,0.007225,0.007333,0.006701,0.006985,91141.71079374,0.006985
2017-08-06T04:00:00.000Z,0.006904,0.007113,0.006701,0.007099,19015.98700263,0.007099
2017-08-06T08:00:00.000Z,0.007094,0.007097,0.006500,0.006849,32647.73878315,0.006849
2017-08-06T12:00:00.000Z,0.006970,0.006990,0.006756,0.006923,36671.84595654,0.006923
2017-08-06T16:00:00.000Z,0.006922,0.006923,0.006484,0.006600,74747.83502167,0.006600
2017-08-06T20:00:00.000Z,0.006789,0.006793,0.006377,0.006600,103486.63707846,0.006600
2017-08-07T00:00:00.000Z,0.006600,0.006765,0.006391,0.006701,77310.40833587,0.006701
2017-08-07T04:00:00.000Z,0.006700,0.006755,0.006589,0.006595,49348.86657413,0.006595
2017-08-07T08:00:00.000Z,0.006626,0.006828,0.006544,0.006575,92281.78113066,0.006575
2017-08-07T12:00:00.000Z,0.006669,0.006679,0.006500,0.006624,57416.12894662,0.006624
2017-08-07T16:00:00.000Z,0.006622,0.006679,0.006550,0.006610,30727.60516291,0.006610
2017-08-07T20:00:00.000Z,0.006607,0.006679,0.006483,0.006640,117400.05865058,0.006640
2017-08-08T00:00:00.000Z,0.006675,0.006894,0.006640,0.006894,72893.08390924,0.006894
2017-08-08T04:00:00.000Z,0.006781,0.007283,0.006781,0.007028,108601.64037245,0.007028
2017-08-08T08:00:00.000Z,0.007120,0.007120,0.006670,0.006670,29629.74752689,0.006670
2017-08-08T12:00:00.000Z,0.006682,0.006763,0.006378,0.006440,45282.92803147,0.006440
2017-08-08T16:00:00.000Z,0.006550,0.006621,0.006000,0.006220,108315.20647839,0.006220
2017-08-08T20:00:00.000Z,0.006111,0.006381,0.006000,0.006199,41038.39115891,0.006199
2017-08-09T00:00:00.000Z,0.006190,0.006243,0.005800,0.006055,47034.55984135,0.006055
2017-08-09T04:00:00.000Z,0.006055,0.006250,0.005200,0.006062,41033.08681956,0.006062
2017-08-09T08:00:00.000Z,0.006111,0.006500,0.006091,0.006332,27706.66239266,0.006332
2017-08-09T12:00:00.000Z,0.006221,0.006478,0.006093,0.006300,95275.86797454,0.006300
2017-08-09T16:00:00.000Z,0.006421,0.006450,0.006101,0.006450,30099.84302601,0.006450
2017-08-09T20:00:00.000Z,0.006265,0.006323,0.006060,0.006279,20087.84288917,0.006279
2017-08-10T00:00:00.000Z,0.006135,0.006339,0.006061,0.006150,16411.56876738,0.006150
2017-08-10T04:00:00.000Z,0.006318,0.006318,0.006060,0.006200,12291.07416941,0.006200
2017-08-10T08:00:00.000Z,0.006064,0.006228,0.005923,0.006127,9831.17879519,0.006127
2017-08-10T12:00:00.000Z,0.006137,0.006225,0.005820,0.006048,36721.79288109,0.006048
2017-08-10T16:00:00.000Z,0.006047,0.006198,0.005800,0.005968,46512.56688106,0.005968
2017-08-10T20:00:00.000Z,0.005990,0.006196,0.005948,0.006180,32265.53747898,0.006180
2017-08-11T00:00:00.000Z,0.006179,0.006196,0.006031,0.006046,31382.11319770,0.006046
2017-08-11T04:00:00.000Z,0.006046,0.006194,0.006031,0.006052,27586.42970393,0.006052
2017-08-11T08:00:00.000Z,0.006068,0.006177,0.006031,0.006135,45441.23771663,0.006135
2017-08-11T12:00:00.000Z,0.006161,0.006194,0.006063,0.006154,32854.94544186,0.006154
2017-08-11T16:00:00.000Z,0.006100,0.006100,0.005802,0.005970,87512.52992893,0.005970
2017-08-11T20:00:00.000Z,0.005989,0.006039,0.005600,0.005668,106428.83080671,0.005668
2017-08-12T00:00:00.000Z,0.005659,0.005840,0.005300,0.005768,79503.03468720,0.005768
2017-08-12T04:00:00.000Z,0.005769,0.005769,0.005499,0.005612,16929.58251466,0.005612
2017-08-12T08:00:00.000Z,0.005620,0.005674,0.005500,0.005533,31284.33807786,0.005533
2017-08-12T12:00:00.000Z,0.005610,0.005611,0.005318,0.005513,40793.98269505,0.005513
2017-08-12T16:00:00.000Z,0.005514,0.005566,0.005250,0.005358,80109.92127906,0.005358
2017-08-12T20:00:00.000Z,0.005357,0.005389,0.005111,0.005389,228177.76789137,0.005389
2017-08-13T00:00:00.000Z,0.005379,0.005460,0.005050,0.005442,55926.82720210,0.005442
2017-08-13T04:00:00.000Z,0.005420,0.005494,0.005393,0.005494,46471.17914422,0.005494
2017-08-13T08:00:00.000Z,0.005494,0.005500,0.005314,0.005499,31841.45289123,0.005499
2017-08-13T12:00:00.000Z,0.005499,0.005799,0.005499,0.005589,71630.41961659,0.005589
2017-08-13T16:00:00.000Z,0.005586,0.005657,0.005200,0.005446,165434.04637462,0.005446
2017-08-13T20:00:00.000Z,0.005438,0.005560,0.005300,0.005425,32540.48878071,0.005425
2017-08-14T00:00:00.000Z,0.005424,0.005554,0.005333,0.005459,26401.29645565,0.005459
2017-08-14T04:00:00.000Z,0.005478,0.005532,0.005333,0.005531,28833.17548196,0.005531
2017-08-14T08:00:00.000Z,0.005445,0.005527,0.005334,0.005399,29637.32894028,0.005399
2017-08-14T12:00:00.000Z,0.005336,0.005401,0.004501,0.004501,93781.97645020,0.004501
2017-08-14T16:00:00.000Z,0.005300,0.005441,0.005136,0.005345,99111.58628296,0.005345
2017-08-14T20:00:00.000Z,0.005345,0.005483,0.005300,0.005300,71769.18094077,0.005300
2017-08-15T00:00:00.000Z,0.005304,0.005521,0.005304,0.005503,30274.23449305,0.005503
2017-08-15T04:00:00.000Z,0.005477,0.005899,0.005414,0.005689,118693.15526658,0.005689
2017-08-15T08:00:00.000Z,0.005690,0.005972,0.005422,0.005850,71030.25288512,0.005850
2017-08-15T12:00:00.000Z,0.005853,0.005913,0.005693,0.005709,63583.53127953,0.005709
2017-08-15T16:00:00.000Z,0.005709,0.005827,0.005625,0.005793,46087.00663083,0.005793
2017-08-15T20:00:00.000Z,0.005700,0.005873,0.005630,0.005630,24412.67571861,0.005630
2017-08-16T00:00:00.000Z,0.005724,0.005763,0.005437,0.005512,38886.79885605,0.005512
2017-08-16T04:00:00.000Z,0.005521,0.005611,0.005451,0.005500,28493.74344823,0.005500
2017-08-16T08:00:00.000Z,0.005500,0.005547,0.005247,0.005326,36627.85460326,0.005326
2017-08-16T12:00:00.000Z,0.005326,0.005399,0.005202,0.005202,49896.89346540,0.005202
2017-08-16T16:00:00.000Z,0.005203,0.005491,0.005203,0.005389,76456.23148650,0.005389
2017-08-16T20:00:00.000Z,0.005389,0.005409,0.005252,0.005329,41086.58572835,0.005329
2017-08-17T00:00:00.000Z,0.005301,0.005334,0.005185,0.005185,43361.07305768,0.005185
2017-08-17T04:00:00.000Z,0.005191,0.005251,0.004802,0.004831,55464.21703309,0.004831
2017-08-17T08:00:00.000Z,0.004886,0.005153,0.004800,0.004800,74760.41482117,0.004800
2017-08-17T12:00:00.000Z,0.005010,0.005010,0.004611,0.004998,64436.40102833,0.004998
2017-08-17T16:00:00.000Z,0.004999,0.005200,0.004892,0.005105,28846.16898667,0.005105
2017-08-17T20:00:00.000Z,0.005106,0.005138,0.004999,0.005060,21738.93340816,0.005060
2017-08-18T00:00:00.000Z,0.005060,0.005060,0.004952,0.005000,28338.73389419,0.005000
2017-08-18T04:00:00.000Z,0.005028,0.005029,0.004651,0.004898,31329.67691618,0.004898
2017-08-18T08:00:00.000Z,0.004966,0.005000,0.004650,0.004650,47113.36194726,0.004650
2017-08-18T12:00:00.000Z,0.004866,0.005135,0.004667,0.005080,253647.82579696,0.005080
2017-08-18T16:00:00.000Z,0.005080,0.005289,0.004668,0.004800,118784.26344587,0.004800
2017-08-18T20:00:00.000Z,0.004900,0.004930,0.004710,0.004920,50264.82934450,0.004920
2017-08-19T00:00:00.000Z,0.004919,0.004948,0.004811,0.004947,8913.20469241,0.004947
2017-08-19T04:00:00.000Z,0.004947,0.004947,0.004710,0.004939,7197.65871285,0.004939
2017-08-19T08:00:00.000Z,0.004950,0.005000,0.003991,0.004950,108014.75070241,0.004950
2017-08-19T12:00:00.000Z,0.004950,0.004985,0.004750,0.004925,29347.61540349,0.004925
2017-08-19T16:00:00.000Z,0.004833,0.004925,0.004750,0.004884,26284.40583373,0.004884
2017-08-19T20:00:00.000Z,0.004894,0.004923,0.004750,0.004878,9468.27929722,0.004878
2017-08-20T00:00:00.000Z,0.004878,0.004900,0.004752,0.004890,25707.30895813,0.004890
2017-08-20T04:00:00.000Z,0.004806,0.004885,0.004750,0.004750,15168.88295517,0.004750
2017-08-20T08:00:00.000Z,0.004796,0.004877,0.004502,0.004713,60792.17569348,0.004713
2017-08-20T12:00:00.000Z,0.004713,0.004750,0.003919,0.004662,66263.45750044,0.004662
2017-08-20T16:00:00.000Z,0.004699,0.004748,0.004510,0.004623,29411.70711417,0.004623
2017-08-20T20:00:00.000Z,0.004615,0.004626,0.004007,0.004600,44562.38384127,0.004600
2017-08-21T00:00:00.000Z,0.004600,0.004600,0.004442,0.004443,13894.57834926,0.004443
2017-08-21T04:00:00.000Z,0.004564,0.004600,0.003820,0.003820,74352.40144580,0.003820
2017-08-21T08:00:00.000Z,0.004297,0.004297,0.004002,0.004040,50400.33479366,0.004040
2017-08-21T12:00:00.000Z,0.004143,0.004239,0.003825,0.004023,59912.21287847,0.004023
2017-08-21T16:00:00.000Z,0.004025,0.004082,0.003500,0.004006,66413.17532812,0.004006
2017-08-21T20:00:00.000Z,0.004006,0.004150,0.003999,0.004099,77565.02043709,0.004099
2017-08-22T00:00:00.000Z,0.004057,0.004120,0.003550,0.003941,77583.35131165,0.003941
2017-08-22T04:00:00.000Z,0.004020,0.004128,0.003575,0.003880,125251.76025468,0.003880
2017-08-22T08:00:00.000Z,0.003880,0.004032,0.003611,0.004000,126685.93208800,0.004000
2017-08-22T12:00:00.000Z,0.003931,0.004128,0.003725,0.004094,81049.92197201,0.004094
2017-08-22T16:00:00.000Z,0.004025,0.004107,0.003813,0.003900,126444.52733416,0.003900
2017-08-22T20:00:00.000Z,0.003928,0.004018,0.003831,0.003937,66874.75497977,0.003937
2017-08-23T00:00:00.000Z,0.003937,0.004161,0.003850,0.004161,148701.88024159,0.004161
2017-08-23T04:00:00.000Z,0.004168,0.004300,0.003983,0.004290,88107.22084332,0.004290
2017-08-23T08:00:00.000Z,0.004289,0.005033,0.004289,0.004324,165533.58454928,0.004324
2017-08-23T12:00:00.000Z,0.004395,0.005050,0.004395,0.004529,144377.95801548,0.004529
2017-08-23T16:00:00.000Z,0.004528,0.004580,0.004391,0.004468,53567.12873202,0.004468
2017-08-23T20:00:00.000Z,0.004468,0.004468,0.004367,0.004454,27274.46782582,0.004454
2017-08-24T00:00:00.000Z,0.004389,0.004449,0.004282,0.004287,29611.25785119,0.004287
2017-08-24T04:00:00.000Z,0.004334,0.004346,0.004110,0.004211,46509.17126303,0.004211
2017-08-24T08:00:00.000Z,0.004208,0.004415,0.004175,0.004230,19321.51717129,0.004230
2017-08-24T12:00:00.000Z,0.004296,0.004296,0.004192,0.004200,24205.85806524,0.004200
2017-08-24T16:00:00.000Z,0.004222,0.004900,0.004181,0.004274,74170.24870757,0.004274
2017-08-24T20:00:00.000Z,0.004350,0.004465,0.004274,0.004377,15700.65715944,0.004377
2017-08-25T00:00:00.000Z,0.004375,0.004879,0.004191,0.004191,60293.80686993,0.004191
2017-08-25T04:00:00.000Z,0.004293,0.004293,0.004000,0.004055,18422.33028064,0.004055
2017-08-25T08:00:00.000Z,0.004096,0.004181,0.003903,0.004179,24471.91798519,0.004179
2017-08-25T12:00:00.000Z,0.004136,0.004470,0.003918,0.004232,63022.44056460,0.004232
2017-08-25T16:00:00.000Z,0.004397,0.004460,0.004003,0.004213,55885.93408104,0.004213
2017-08-25T20:00:00.000Z,0.004213,0.004221,0.004042,0.004217,12002.81465963,0.004217
2017-08-26T00:00:00.000Z,0.004127,0.004220,0.004003,0.004128,47166.56365015,0.004128
2017-08-26T04:00:00.000Z,0.004008,0.004197,0.004008,0.004147,6298.67412973,0.004147
2017-08-26T08:00:00.000Z,0.004147,0.004180,0.004100,0.004177,17797.98976699,0.004177
2017-08-26T12:00:00.000Z,0.004107,0.004197,0.004100,0.004111,32437.83904116,0.004111
2017-08-26T16:00:00.000Z,0.004150,0.004200,0.004100,0.004200,22944.31064015,0.004200
2017-08-26T20:00:00.000Z,0.004194,0.004290,0.004158,0.004200,20155.81195230,0.004200
2017-08-27T00:00:00.000Z,0.004200,0.004250,0.003954,0.004138,36204.79416629,0.004138
2017-08-27T04:00:00.000Z,0.004068,0.004147,0.003941,0.004048,22399.20269774,0.004048
2017-08-27T08:00:00.000Z,0.004000,0.004110,0.003915,0.003942,84812.54046971,0.003942
2017-08-27T12:00:00.000Z,0.003997,0.004059,0.003942,0.003961,34915.91669368,0.003961
2017-08-27T16:00:00.000Z,0.003965,0.004000,0.003924,0.003997,18562.73587784,0.003997
2017-08-27T20:00:00.000Z,0.003997,0.004065,0.003924,0.004000,40215.84126305,0.004000
2017-08-28T00:00:00.000Z,0.003944,0.004000,0.003806,0.003850,93945.93578055,0.003850
2017-08-28T04:00:00.000Z,0.003890,0.003949,0.003826,0.003866,24124.16980915,0.003866
2017-08-28T08:00:00.000Z,0.003858,0.004000,0.003840,0.003900,43905.46750620,0.003900
2017-08-28T12:00:00.000Z,0.003902,0.004065,0.003875,0.004039,53305.59375324,0.004039
2017-08-28T16:00:00.000Z,0.004039,0.004320,0.003869,0.003911,92290.94504703,0.003911
2017-08-28T20:00:00.000Z,0.003911,0.003969,0.003840,0.003843,52543.96927570,0.003843
2017-08-29T00:00:00.000Z,0.003843,0.003941,0.003752,0.003752,30013.79499620,0.003752
2017-08-29T04:00:00.000Z,0.003752,0.003843,0.003725,0.003741,25111.92160658,0.003741
2017-08-29T08:00:00.000Z,0.003799,0.003852,0.003616,0.003685,66154.36494085,0.003685
2017-08-29T12:00:00.000Z,0.003687,0.003850,0.003687,0.003763,37985.78322581,0.003763
2017-08-29T16:00:00.000Z,0.003761,0.003800,0.003560,0.003581,49237.17390818,0.003581
2017-08-29T20:00:00.000Z,0.003560,0.003648,0.003501,0.003502,81153.26107358,0.003502
2017-08-30T00:00:00.000Z,0.003615,0.003616,0.003503,0.003545,4986.05694209,0.003545
2017-08-30T04:00:00.000Z,0.003545,0.003573,0.003501,0.003503,97713.23473514,0.003503
2017-08-30T08:00:00.000Z,0.003563,0.003586,0.003333,0.003420,44841.24680463,0.003420
2017-08-30T12:00:00.000Z,0.003350,0.003489,0.003309,0.003332,36610.07242915,0.003332
2017-08-30T16:00:00.000Z,0.003439,0.003617,0.003312,0.003351,52866.17382842,0.003351
2017-08-30T20:00:00.000Z,0.003350,0.003380,0.003242,0.003291,63373.50268592,0.003291
2017-08-31T00:00:00.000Z,0.003291,0.003380,0.003251,0.003380,36186.95917732,0.003380
2017-08-31T04:00:00.000Z,0.003335,0.003498,0.003320,0.003498,32770.74819042,0.003498
2017-08-31T08:00:00.000Z,0.003497,0.003543,0.003378,0.003451,46281.37278682,0.003451
2017-08-31T12:00:00.000Z,0.003419,0.003484,0.003312,0.003402,96357.41553578,0.003402
2017-08-31T16:00:00.000Z,0.003402,0.003494,0.003363,0.003491,86111.37216169,0.003491
2017-08-31T20:00:00.000Z,0.003489,0.003490,0.003213,0.003457,114681.79183228,0.003457
2017-09-01T00:00:00.000Z,0.003455,0.003470,0.003345,0.003379,29082.24892624,0.003379
2017-09-01T04:00:00.000Z,0.003379,0.003379,0.003255,0.003320,37657.48784658,0.003320
2017-09-01T08:00:00.000Z,0.003326,0.003326,0.003265,0.003313,44864.65032441,0.003313
2017-09-01T12:00:00.000Z,0.003293,0.003447,0.003277,0.003443,72452.21428729,0.003443
2017-09-01T16:00:00.000Z,0.003441,0.003441,0.003307,0.003379,91355.03399412,0.003379
2017-09-01T20:00:00.000Z,0.003379,0.003390,0.003300,0.003378,128380.24887927,0.003378
2017-09-02T00:00:00.000Z,0.003384,0.003710,0.003370,0.003643,75350.35862731,0.003643
2017-09-02T04:00:00.000Z,0.003573,0.003728,0.003502,0.003602,85765.17020973,0.003602
2017-09-02T08:00:00.000Z,0.003580,0.003844,0.003523,0.003671,38526.22614089,0.003671
2017-09-02T12:00:00.000Z,0.003636,0.003700,0.003509,0.003620,51649.79285553,0.003620
2017-09-02T16:00:00.000Z,0.003631,0.003750,0.003511,0.003581,112675.33085485,0.003581
2017-09-02T20:00:00.000Z,0.003625,0.003684,0.003575,0.003575,36426.22378477,0.003575
2017-09-03T00:00:00.000Z,0.003575,0.003626,0.003534,0.003534,50507.48782885,0.003534
2017-09-03T04:00:00.000Z,0.003534,0.003690,0.003525,0.003600,69348.08087448,0.003600
2017-09-03T08:00:00.000Z,0.003597,0.003699,0.003560,0.003697,57839.28830349,0.003697
2017-09-03T12:00:00.000Z,0.003699,0.003720,0.003650,0.003720,107715.88115081,0.003720
2017-09-03T16:00:00.000Z,0.003720,0.003747,0.003605,0.003640,92406.54077668,0.003640
2017-09-03T20:00:00.000Z,0.003641,0.003700,0.003600,0.003700,35480.39057161,0.003700
2017-09-04T00:00:00.000Z,0.003700,0.003850,0.003640,0.003650,62467.39993196,0.003650
2017-09-04T04:00:00.000Z,0.003700,0.003740,0.003521,0.003551,102992.40688307,0.003551
2017-09-04T08:00:00.000Z,0.003550,0.003691,0.003402,0.003565,85234.64463621,0.003565
2017-09-04T12:00:00.000Z,0.003566,0.003600,0.002719,0.003300,217836.98287225,0.003300
2017-09-04T16:00:00.000Z,0.003250,0.003699,0.003002,0.003549,217283.64333759,0.003549
2017-09-04T20:00:00.000Z,0.003549,0.003699,0.003005,0.003250,130785.22678939,0.003250
2017-09-05T00:00:00.000Z,0.003250,0.003400,0.002900,0.002900,90493.50456098,0.002900
2017-09-05T04:00:00.000Z,0.002950,0.003390,0.002901,0.003076,88004.28780551,0.003076
2017-09-05T08:00:00.000Z,0.003130,0.003299,0.002950,0.003003,104035.00451699,0.003003
2017-09-05T12:00:00.000Z,0.003185,0.003300,0.002810,0.002945,233667.73108060,0.002945
2017-09-05T16:00:00.000Z,0.002811,0.002950,0.002750,0.002750,270737.76141486,0.002750
2017-09-05T20:00:00.000Z,0.002800,0.002960,0.002703,0.002960,156350.91040890,0.002960
2017-09-06T00:00:00.000Z,0.002945,0.003240,0.002851,0.003037,136198.66742706,0.003037
2017-09-06T04:00:00.000Z,0.003030,0.003172,0.002772,0.002799,69348.47834355,0.002799
2017-09-06T08:00:00.000Z,0.002783,0.002956,0.002700,0.002700,128846.69062333,0.002700
2017-09-06T12:00:00.000Z,0.002735,0.003100,0.002642,0.003099,143227.40646969,0.003099
2017-09-06T16:00:00.000Z,0.003099,0.003099,0.002721,0.002970,87561.59671517,0.002970
2017-09-06T20:00:00.000Z,0.002970,0.003099,0.002812,0.002891,98327.46819153,0.002891
2017-09-07T00:00:00.000Z,0.002905,0.002950,0.002763,0.002786,92910.33552961,0.002786
2017-09-07T04:00:00.000Z,0.002786,0.002920,0.002744,0.002744,106219.63807416,0.002744
2017-09-07T08:00:00.000Z,0.002744,0.002877,0.002621,0.002768,228390.94817223,0.002768
2017-09-07T12:00:00.000Z,0.002691,0.003038,0.002642,0.003010,281289.18590060,0.003010
2017-09-07T16:00:00.000Z,0.003010,0.003035,0.002802,0.002904,123346.39037606,0.002904
2017-09-07T20:00:00.000Z,0.002900,0.002993,0.002826,0.002954,24458.85743351,0.002954
2017-09-08T00:00:00.000Z,0.002913,0.002959,0.002835,0.002890,94852.48515184,0.002890
2017-09-08T04:00:00.000Z,0.002865,0.002865,0.002701,0.002784,81013.37646356,0.002784
2017-09-08T08:00:00.000Z,0.002830,0.002924,0.002750,0.002752,76484.55252663,0.002752
2017-09-08T12:00:00.000Z,0.002752,0.002788,0.002602,0.002783,277526.89806459,0.002783
2017-09-08T16:00:00.000Z,0.002782,0.002785,0.002605,0.002760,96637.90953137,0.002760
2017-09-08T20:00:00.000Z,0.002760,0.002838,0.002750,0.002797,81581.35885121,0.002797
2017-09-09T00:00:00.000Z,0.002795,0.002795,0.002713,0.002746,63387.20168000,0.002746
2017-09-09T04:00:00.000Z,0.002746,0.002764,0.002670,0.002671,76851.03050068,0.002671
2017-09-09T08:00:00.000Z,0.002670,0.002737,0.002635,0.002705,65652.38051123,0.002705
2017-09-09T12:00:00.000Z,0.002704,0.002705,0.002550,0.002603,185725.03517940,0.002603
2017-09-09T16:00:00.000Z,0.002580,0.002675,0.002570,0.002588,162884.86650029,0.002588
2017-09-09T20:00:00.000Z,0.002571,0.002681,0.002571,0.002675,71343.08917555,0.002675
2017-09-10T00:00:00.000Z,0.002675,0.002700,0.002643,0.002655,54570.65224783,0.002655
2017-09-10T04:00:00.000Z,0.002655,0.002794,0.002569,0.002569,62621.12914636,0.002569
2017-09-10T08:00:00.000Z,0.002573,0.002950,0.002500,0.002510,254251.08571461,0.002510
2017-09-10T12:00:00.000Z,0.002510,0.002570,0.002439,0.002473,82545.06172577,0.002473
2017-09-10T16:00:00.000Z,0.002474,0.002550,0.002470,0.002550,57008.82231753,0.002550
2017-09-10T20:00:00.000Z,0.002531,0.002682,0.002456,0.002515,43150.19761299,0.002515
2017-09-11T00:00:00.000Z,0.002515,0.002588,0.002460,0.002537,23642.48350087,0.002537
2017-09-11T04:00:00.000Z,0.002535,0.002700,0.002474,0.002474,69414.14059644,0.002474
2017-09-11T08:00:00.000Z,0.002474,0.002650,0.002410,0.002492,110153.91842287,0.002492
2017-09-11T12:00:00.000Z,0.002436,0.002547,0.002411,0.002547,39943.46766335,0.002547
2017-09-11T16:00:00.000Z,0.002493,0.002520,0.002432,0.002475,26833.25276669,0.002475
2017-09-11T20:00:00.000Z,0.002475,0.002490,0.002400,0.002482,84263.37557904,0.002482
2017-09-12T00:00:00.000Z,0.002482,0.002487,0.002424,0.002440,27705.45801596,0.002440
2017-09-12T04:00:00.000Z,0.002440,0.002679,0.002421,0.002634,146535.04380752,0.002634
2017-09-12T08:00:00.000Z,0.002614,0.002650,0.002515,0.002559,185828.78729302,0.002559
2017-09-12T12:00:00.000Z,0.002559,0.002723,0.002546,0.002656,113485.13938097,0.002656
2017-09-12T16:00:00.000Z,0.002651,0.002720,0.002572,0.002660,123606.46438969,0.002660
2017-09-12T20:00:00.000Z,0.002700,0.003000,0.002659,0.002942,136420.55362637,0.002942
2017-09-13T00:00:00.000Z,0.002942,0.002963,0.002620,0.002630,63488.23965028,0.002630
2017-09-13T04:00:00.000Z,0.002630,0.002799,0.002511,0.002523,171838.29681120,0.002523
2017-09-13T08:00:00.000Z,0.002540,0.002621,0.002527,0.002589,62345.33586984,0.002589
2017-09-13T12:00:00.000Z,0.002554,0.002659,0.002550,0.002609,38927.23288740,0.002609
2017-09-13T16:00:00.000Z,0.002609,0.002890,0.002607,0.002657,89333.01567704,0.002657
2017-09-13T20:00:00.000Z,0.002657,0.002720,0.002635,0.002690,8206.27140346,0.002690
2017-09-14T00:00:00.000Z,0.002690,0.002791,0.002649,0.002660,51633.86907396,0.002660
2017-09-14T04:00:00.000Z,0.002660,0.002813,0.002561,0.002609,85502.87746536,0.002609
2017-09-14T08:00:00.000Z,0.002572,0.002845,0.002555,0.002564,237516.28689347,0.002564
2017-09-14T12:00:00.000Z,0.002564,0.002799,0.002564,0.002676,93095.42316837,0.002676
2017-09-14T16:00:00.000Z,0.002697,0.002925,0.002535,0.002548,215598.41633526,0.002548
2017-09-14T20:00:00.000Z,0.002548,0.002699,0.002548,0.002656,81900.80510199,0.002656
2017-09-15T00:00:00.000Z,0.002598,0.002730,0.002563,0.002703,39600.29917302,0.002703
2017-09-15T04:00:00.000Z,0.002703,0.002703,0.002600,0.002605,86468.47876726,0.002605
2017-09-15T08:00:00.000Z,0.002605,0.002650,0.002525,0.002565,97887.46276659,0.002565
2017-09-15T12:00:00.000Z,0.002565,0.002650,0.002504,0.002571,75419.26946696,0.002571
2017-09-15T16:00:00.000Z,0.002603,0.002690,0.002507,0.002560,66162.21401820,0.002560
2017-09-15T20:00:00.000Z,0.002590,0.002624,0.002501,0.002570,51654.78161051,0.002570
2017-09-16T00:00:00.000Z,0.002557,0.002599,0.002502,0.002535,43941.95959536,0.002535
2017-09-16T04:00:00.000Z,0.002547,0.002568,0.002500,0.002500,56973.37349792,0.002500
2017-09-16T08:00:00.000Z,0.002500,0.002584,0.002460,0.002460,39859.31173950,0.002460
2017-09-16T12:00:00.000Z,0.002468,0.002549,0.002415,0.002481,52799.43920053,0.002481
2017-09-16T16:00:00.000Z,0.002481,0.002492,0.002430,0.002439,21848.59127347,0.002439
2017-09-16T20:00:00.000Z,0.002476,0.002535,0.002442,0.002474,30542.26705290,0.002474
2017-09-17T00:00:00.000Z,0.002474,0.002545,0.002302,0.002383,85963.01043221,0.002383
2017-09-17T04:00:00.000Z,0.002383,0.002390,0.002363,0.002382,18970.66306864,0.002382
2017-09-17T08:00:00.000Z,0.002385,0.002440,0.002345,0.002425,38527.30615111,0.002425
2017-09-17T12:00:00.000Z,0.002429,0.002479,0.002406,0.002479,29070.19145572,0.002479
2017-09-17T16:00:00.000Z,0.002455,0.002497,0.002417,0.002436,30176.28781977,0.002436
2017-09-17T20:00:00.000Z,0.002433,0.002456,0.002418,0.002425,12054.41799516,0.002425
2017-09-18T00:00:00.000Z,0.002439,0.002465,0.002276,0.002330,130839.37042830,0.002330
2017-09-18T04:00:00.000Z,0.002330,0.002388,0.002301,0.002372,28942.89619027,0.002372
2017-09-18T08:00:00.000Z,0.002372,0.002419,0.002270,0.002313,28119.66867530,0.002313
2017-09-18T12:00:00.000Z,0.002313,0.002426,0.002272,0.002274,80443.26265231,0.002274
2017-09-18T16:00:00.000Z,0.002283,0.002383,0.002283,0.002340,28670.59102760,0.002340
2017-09-18T20:00:00.000Z,0.002339,0.002400,0.002309,0.002391,22406.44349547,0.002391
2017-09-19T00:00:00.000Z,0.002391,0.002391,0.002314,0.002349,85306.90667300,0.002349
2017-09-19T04:00:00.000Z,0.002350,0.002404,0.002350,0.002403,21489.54261417,0.002403
2017-09-19T08:00:00.000Z,0.002403,0.002405,0.002361,0.002364,19050.75103560,0.002364
2017-09-19T12:00:00.000Z,0.002364,0.002392,0.002313,0.002376,15435.63227213,0.002376
2017-09-19T16:00:00.000Z,0.002368,0.002425,0.002321,0.002337,69876.37956223,0.002337
2017-09-19T20:00:00.000Z,0.002369,0.002369,0.002287,0.002336,50044.46734198,0.002336
2017-09-20T00:00:00.000Z,0.002293,0.002300,0.002201,0.002252,76667.91113431,0.002252
2017-09-20T04:00:00.000Z,0.002249,0.002272,0.002203,0.002222,39488.49602857,0.002222
2017-09-20T08:00:00.000Z,0.002222,0.002249,0.002169,0.002249,34690.60011181,0.002249
2017-09-20T12:00:00.000Z,0.002249,0.002250,0.002183,0.002200,93983.39633523,0.002200
2017-09-20T16:00:00.000Z,0.002190,0.002211,0.002160,0.002166,27005.24265919,0.002166
2017-09-20T20:00:00.000Z,0.002166,0.002229,0.002131,0.002136,86597.80496230,0.002136
2017-09-21T00:00:00.000Z,0.002136,0.002136,0.002078,0.002118,74228.53300482,0.002118
2017-09-21T04:00:00.000Z,0.002118,0.002140,0.002093,0.002093,42209.67834521,0.002093
2017-09-21T08:00:00.000Z,0.002093,0.002126,0.002062,0.002098,38982.49479572,0.002098
2017-09-21T12:00:00.000Z,0.002090,0.002150,0.002062,0.002100,78792.90179740,0.002100
2017-09-21T16:00:00.000Z,0.002100,0.002149,0.002072,0.002149,73540.71519333,0.002149
2017-09-21T20:00:00.000Z,0.002131,0.002152,0.002090,0.002120,85589.92476475,0.002120
2017-09-22T00:00:00.000Z,0.002120,0.002120,0.002087,0.002087,10409.84473949,0.002087
2017-09-22T04:00:00.000Z,0.002107,0.002144,0.002099,0.002138,120858.01318281,0.002138
2017-09-22T08:00:00.000Z,0.002102,0.002149,0.002087,0.002119,22651.30614998,0.002119
2017-09-22T12:00:00.000Z,0.002124,0.002125,0.002066,0.002073,31801.99641366,0.002073
2017-09-22T16:00:00.000Z,0.002073,0.002121,0.002073,0.002084,10875.83968568,0.002084
2017-09-22T20:00:00.000Z,0.002124,0.002217,0.002063,0.002179,75087.55642930,0.002179
2017-09-23T00:00:00.000Z,0.002179,0.002180,0.002122,0.002180,7211.13087000,0.002180
2017-09-23T04:00:00.000Z,0.002180,0.002180,0.002159,0.002159,4679.53463400,0.002159
2017-09-23T08:00:00.000Z,0.002159,0.002179,0.002078,0.002079,20500.86827833,0.002079
2017-09-23T12:00:00.000Z,0.002079,0.002101,0.002035,0.002035,58931.72284944,0.002035
2017-09-23T16:00:00.000Z,0.002035,0.002067,0.002020,0.002035,20399.43515126,0.002035
2017-09-23T20:00:00.000Z,0.002027,0.002050,0.002000,0.002020,127772.37474677,0.002020
2017-09-24T00:00:00.000Z,0.002020,0.002020,0.001970,0.001999,24887.81922835,0.001999
2017-09-24T04:00:00.000Z,0.001996,0.002002,0.001961,0.002002,6225.83359607,0.002002
2017-09-24T08:00:00.000Z,0.001976,0.002014,0.001945,0.001963,27311.50027506,0.001963
2017-09-24T12:00:00.000Z,0.001996,0.002000,0.001900,0.001910,41324.84563095,0.001910
2017-09-24T16:00:00.000Z,0.001907,0.001947,0.001885,0.001919,102703.75262162,0.001919
2017-09-24T20:00:00.000Z,0.001930,0.001945,0.001895,0.001942,38866.64674211,0.001942
2017-09-25T00:00:00.000Z,0.001932,0.001937,0.001921,0.001937,8920.89408455,0.001937
2017-09-25T04:00:00.000Z,0.001938,0.001943,0.001901,0.001910,8133.37025420,0.001910
2017-09-25T08:00:00.000Z,0.001910,0.001928,0.001880,0.001880,24102.93113525,0.001880
2017-09-25T12:00:00.000Z,0.001880,0.001932,0.001880,0.001900,53289.97557026,0.001900
2017-09-25T16:00:00.000Z,0.001918,0.001970,0.001860,0.001920,88231.39169764,0.001920
2017-09-25T20:00:00.000Z,0.001920,0.001939,0.001862,0.001939,9884.75838104,0.001939
2017-09-26T00:00:00.000Z,0.001939,0.001969,0.001928,0.001966,16002.52994656,0.001966
2017-09-26T04:00:00.000Z,0.001966,0.001990,0.001933,0.001952,28003.83381794,0.001952
2017-09-26T08:00:00.000Z,0.001950,0.001996,0.001932,0.001992,41772.65520057,0.001992
2017-09-26T12:00:00.000Z,0.001992,0.002000,0.001944,0.001997,18616.29509575,0.001997
2017-09-26T16:00:00.000Z,0.002000,0.002000,0.001866,0.001906,66286.52374728,0.001906
2017-09-26T20:00:00.000Z,0.001945,0.002000,0.001917,0.001923,33120.33395181,0.001923
2017-09-27T00:00:00.000Z,0.001921,0.001962,0.001917,0.001954,6949.01493766,0.001954
2017-09-27T04:00:00.000Z,0.001954,0.002006,0.001927,0.002006,47659.74437040,0.002006
2017-09-27T08:00:00.000Z,0.002006,0.002170,0.001960,0.002073,119828.72940787,0.002073
2017-09-27T12:00:00.000Z,0.002053,0.002200,0.002021,0.002200,113068.53527696,0.002200
2017-09-27T16:00:00.000Z,0.002108,0.002163,0.002042,0.002089,75715.05209994,0.002089
2017-09-27T20:00:00.000Z,0.002054,0.002099,0.002026,0.002060,40380.03793441,0.002060
2017-09-28T00:00:00.000Z,0.002060,0.002143,0.002056,0.002107,7167.44111598,0.002107
2017-09-28T04:00:00.000Z,0.002121,0.002449,0.002121,0.002449,76753.75485359,0.002449
2017-09-28T08:00:00.000Z,0.002449,0.002700,0.002314,0.002424,120735.92536612,0.002424
2017-09-28T12:00:00.000Z,0.002424,0.002630,0.002328,0.002394,124427.56200460,0.002394
2017-09-28T16:00:00.000Z,0.002394,0.002453,0.002338,0.002400,87589.97179609,0.002400
2017-09-28T20:00:00.000Z,0.002410,0.002700,0.002410,0.002621,70974.16394108,0.002621
2017-09-29T00:00:00.000Z,0.002651,0.002770,0.002468,0.002571,215079.52492362,0.002571
2017-09-29T04:00:00.000Z,0.002570,0.002597,0.002490,0.002519,74352.37168362,0.002519
2017-09-29T08:00:00.000Z,0.002524,0.002590,0.002430,0.002567,29582.25206128,0.002567
2017-09-29T12:00:00.000Z,0.002567,0.002569,0.002449,0.002474,101578.95605488,0.002474
2017-09-29T16:00:00.000Z,0.002461,0.002478,0.002433,0.002475,33867.89009998,0.002475
2017-09-29T20:00:00.000Z,0.002455,0.002476,0.002420,0.002440,27529.43805561,0.002440
2017-09-30T00:00:00.000Z,0.002451,0.002530,0.002439,0.002439,71020.86516088,0.002439
2017-09-30T04:00:00.000Z,0.002439,0.002503,0.002420,0.002465,16948.61132383,0.002465
2017-09-30T08:00:00.000Z,0.002465,0.002496,0.002435,0.002450,33188.81047407,0.002450
2017-09-30T12:00:00.000Z,0.002450,0.002463,0.002333,0.002401,151454.28330668,0.002401
2017-09-30T16:00:00.000Z,0.002405,0.002432,0.002328,0.002353,15990.21485977,0.002353
2017-09-30T20:00:00.000Z,0.002376,0.002401,0.002338,0.002381,20466.79935771,0.002381
2017-10-01T00:00:00.000Z,0.002381,0.002400,0.002379,0.002399,3994.75070890,0.002399
2017-10-01T04:00:00.000Z,0.002398,0.002399,0.002370,0.002387,11739.34201313,0.002387
2017-10-01T08:00:00.000Z,0.002387,0.002387,0.002333,0.002387,27808.29674530,0.002387
2017-10-01T12:00:00.000Z,0.002338,0.002380,0.002268,0.002285,57459.93995579,0.002285
2017-10-01T16:00:00.000Z,0.002286,0.002298,0.002232,0.002261,46578.88021314,0.002261
2017-10-01T20:00:00.000Z,0.002255,0.002361,0.002252,0.002316,9468.46083330,0.002316
2017-10-02T00:00:00.000Z,0.002316,0.002360,0.002256,0.002301,13833.54317868,0.002301
2017-10-02T04:00:00.000Z,0.002313,0.002320,0.002253,0.002253,14856.87822294,0.002253
2017-10-02T08:00:00.000Z,0.002253,0.002311,0.002161,0.002161,78788.62524767,0.002161
2017-10-02T12:00:00.000Z,0.002212,0.002268,0.002121,0.002253,57732.65814029,0.002253
2017-10-02T16:00:00.000Z,0.002253,0.002258,0.002150,0.002193,31633.55094874,0.002193
2017-10-02T20:00:00.000Z,0.002194,0.002219,0.002184,0.002203,6406.88072903,0.002203
2017-10-03T00:00:00.000Z,0.002203,0.002208,0.002180,0.002191,2497.95764824,0.002191
2017-10-03T04:00:00.000Z,0.002191,0.002281,0.002191,0.002219,25214.15316500,0.002219
2017-10-03T08:00:00.000Z,0.002229,0.002275,0.002122,0.002144,112347.99926537,0.002144
2017-10-03T12:00:00.000Z,0.002144,0.002174,0.002125,0.002134,15745.20633027,0.002134
2017-10-03T16:00:00.000Z,0.002134,0.002168,0.002120,0.002135,16621.23879130,0.002135
2017-10-03T20:00:00.000Z,0.002111,0.002181,0.002109,0.002181,14877.34706665,0.002181
2017-10-04T00:00:00.000Z,0.002181,0.002181,0.002111,0.002116,15416.63993426,0.002116
2017-10-04T04:00:00.000Z,0.002116,0.002156,0.002100,0.002121,28453.43839754,0.002121
2017-10-04T08:00:00.000Z,0.002121,0.002121,0.002005,0.002006,125843.20992778,0.002006
2017-10-04T12:00:00.000Z,0.002004,0.002074,0.002000,0.002041,43356.22989798,0.002041
2017-10-04T16:00:00.000Z,0.002041,0.002041,0.002021,0.002030,7612.95051562,0.002030
2017-10-04T20:00:00.000Z,0.002030,0.002065,0.002030,0.002060,49972.05286239,0.002060
2017-10-05T00:00:00.000Z,0.002048,0.002062,0.002030,0.002030,10671.43381708,0.002030
2017-10-05T04:00:00.000Z,0.002030,0.002047,0.002020,0.002020,6192.69953135,0.002020
2017-10-05T08:00:00.000Z,0.002020,0.002083,0.001979,0.002051,54305.63512221,0.002051
2017-10-05T12:00:00.000Z,0.002038,0.002102,0.002020,0.002102,51533.18884970,0.002102
2017-10-05T16:00:00.000Z,0.002104,0.002117,0.002050,0.002070,8828.13984992,0.002070
2017-10-05T20:00:00.000Z,0.002071,0.002113,0.002030,0.002056,46897.90316368,0.002056
2017-10-06T00:00:00.000Z,0.002058,0.002077,0.002006,0.002006,16399.53703937,0.002006
2017-10-06T04:00:00.000Z,0.002006,0.002088,0.001981,0.002005,69996.38497765,0.002005
2017-10-06T08:00:00.000Z,0.002006,0.002020,0.001950,0.002019,41286.73262098,0.002019
2017-10-06T12:00:00.000Z,0.002017,0.002019,0.001976,0.002001,14705.96404471,0.002001
2017-10-06T16:00:00.000Z,0.002001,0.002001,0.001973,0.001997,6254.93506783,0.001997
2017-10-06T20:00:00.000Z,0.001993,0.001994,0.001938,0.001943,36525.83870514,0.001943
2017-10-07T00:00:00.000Z,0.001943,0.001952,0.001915,0.001940,13300.98727951,0.001940
2017-10-07T04:00:00.000Z,0.001940,0.001940,0.001880,0.001894,81709.35964666,0.001894
2017-10-07T08:00:00.000Z,0.001880,0.001910,0.001880,0.001893,16010.11828328,0.001893
2017-10-07T12:00:00.000Z,0.001907,0.001911,0.001881,0.001895,13841.43038667,0.001895
2017-10-07T16:00:00.000Z,0.001894,0.001920,0.001882,0.001884,8081.88271350,0.001884
2017-10-07T20:00:00.000Z,0.001884,0.001903,0.001848,0.001860,31498.45010224,0.001860
2017-10-08T00:00:00.000Z,0.001877,0.001915,0.001864,0.001895,20660.49642854,0.001895
2017-10-08T04:00:00.000Z,0.001895,0.001895,0.001841,0.001841,86559.18089542,0.001841
2017-10-08T08:00:00.000Z,0.001861,0.001873,0.001844,0.001860,15295.27198610,0.001860
2017-10-08T12:00:00.000Z,0.001860,0.001877,0.001851,0.001877,21707.87101959,0.001877
2017-10-08T16:00:00.000Z,0.001877,0.001900,0.001851,0.001891,54872.83656543,0.001891
2017-10-08T20:00:00.000Z,0.001891,0.001955,0.001890,0.001945,31988.21470465,0.001945
2017-10-09T00:00:00.000Z,0.001946,0.001963,0.001938,0.001939,12675.98547735,0.001939
2017-10-09T04:00:00.000Z,0.001943,0.001970,0.001891,0.001901,61437.64333029,0.001901
2017-10-09T08:00:00.000Z,0.001909,0.001937,0.001900,0.001937,68198.66053288,0.001937
2017-10-09T12:00:00.000Z,0.001922,0.001944,0.001915,0.001933,45186.34678403,0.001933
2017-10-09T16:00:00.000Z,0.001940,0.001969,0.001920,0.001967,51679.76098901,0.001967
2017-10-09T20:00:00.000Z,0.001967,0.001967,0.001864,0.001864,207108.83230207,0.001864
2017-10-10T00:00:00.000Z,0.001864,0.001895,0.001842,0.001854,48744.81526423,0.001854
2017-10-10T04:00:00.000Z,0.001882,0.001934,0.001882,0.001923,19023.19145600,0.001923
2017-10-10T08:00:00.000Z,0.001923,0.001947,0.001880,0.001894,81997.57935529,0.001894
2017-10-10T12:00:00.000Z,0.001894,0.001934,0.001821,0.001824,33888.73971202,0.001824
2017-10-10T16:00:00.000Z,0.001825,0.001919,0.001825,0.001919,40434.12408273,0.001919
2017-10-10T20:00:00.000Z,0.001919,0.001922,0.001847,0.001848,30239.53380148,0.001848
2017-10-11T00:00:00.000Z,0.001848,0.001895,0.001822,0.001842,50637.46013298,0.001842
2017-10-11T04:00:00.000Z,0.001842,0.001856,0.001819,0.001829,16874.82365179,0.001829
2017-10-11T08:00:00.000Z,0.001829,0.001901,0.001829,0.001875,20746.71762827,0.001875
2017-10-11T12:00:00.000Z,0.001875,0.002310,0.001858,0.001954,278129.29217418,0.001954
2017-10-11T16:00:00.000Z,0.001954,0.001998,0.001923,0.001970,23415.20582597,0.001970
2017-10-11T20:00:00.000Z,0.001971,0.002104,0.001970,0.002031,42517.31484340,0.002031
2017-10-12T00:00:00.000Z,0.002027,0.002051,0.001934,0.001937,49492.06055626,0.001937
2017-10-12T04:00:00.000Z,0.001937,0.001979,0.001912,0.001944,29067.31340504,0.001944
2017-10-12T08:00:00.000Z,0.001945,0.002007,0.001892,0.002007,48079.89166275,0.002007
2017-10-12T12:00:00.000Z,0.002006,0.002096,0.001993,0.002020,23244.55766089,0.002020
2017-10-12T16:00:00.000Z,0.002025,0.002078,0.001978,0.002016,42354.76694154,0.002016
2017-10-12T20:00:00.000Z,0.002016,0.002043,0.001940,0.001940,16908.35313668,0.001940
2017-10-13T00:00:00.000Z,0.001940,0.001988,0.001861,0.001988,53733.28667095,0.001988
2017-10-13T04:00:00.000Z,0.001977,0.001978,0.001831,0.001895,228952.17237548,0.001895
2017-10-13T08:00:00.000Z,0.001835,0.001896,0.001789,0.001789,28693.09949912,0.001789
2017-10-13T12:00:00.000Z,0.001789,0.001889,0.001751,0.001758,34960.71675474,0.001758
2017-10-13T16:00:00.000Z,0.001758,0.001809,0.001675,0.001739,65893.51959494,0.001739
2017-10-13T20:00:00.000Z,0.001739,0.001778,0.001668,0.001702,57847.84432186,0.001702
2017-10-14T00:00:00.000Z,0.001702,0.001758,0.001702,0.001735,5181.49055229,0.001735
2017-10-14T04:00:00.000Z,0.001751,0.001752,0.001699,0.001723,12735.13793744,0.001723
2017-10-14T08:00:00.000Z,0.001712,0.001800,0.001710,0.001741,14811.83897226,0.001741
2017-10-14T12:00:00.000Z,0.001746,0.001775,0.001603,0.001754,17817.73283534,0.001754
2017-10-14T16:00:00.000Z,0.001738,0.001768,0.001683,0.001743,20127.12716976,0.001743
2017-10-14T20:00:00.000Z,0.001742,0.001752,0.001667,0.001692,62092.40680609,0.001692
2017-10-15T00:00:00.000Z,0.001692,0.001719,0.001682,0.001686,4560.26033716,0.001686
2017-10-15T04:00:00.000Z,0.001710,0.001722,0.001662,0.001702,10617.52197534,0.001702
2017-10-15T08:00:00.000Z,0.001700,0.001766,0.001676,0.001726,24836.89016236,0.001726
2017-10-15T12:00:00.000Z,0.001765,0.001800,0.001714,0.001731,26422.60054409,0.001731
2017-10-15T16:00:00.000Z,0.001731,0.001765,0.001724,0.001759,7663.15546456,0.001759
2017-10-15T20:00:00.000Z,0.001759,0.001759,0.001668,0.001695,65207.05098998,0.001695
2017-10-16T00:00:00.000Z,0.001695,0.001702,0.001653,0.001658,19875.09832352,0.001658
2017-10-16T04:00:00.000Z,0.001659,0.001669,0.001623,0.001633,56344.18309255,0.001633
2017-10-16T08:00:00.000Z,0.001633,0.001680,0.001601,0.001601,13025.57751326,0.001601
2017-10-16T12:00:00.000Z,0.001601,0.001683,0.001500,0.001678,59474.92299535,0.001678
2017-10-16T16:00:00.000Z,0.001644,0.001706,0.001634,0.001694,11952.37610394,0.001694
2017-10-16T20:00:00.000Z,0.001694,0.001706,0.001653,0.001672,53754.52034502,0.001672
2017-10-17T00:00:00.000Z,0.001668,0.001712,0.001668,0.001691,6682.14594426,0.001691
2017-10-17T04:00:00.000Z,0.001692,0.001718,0.001674,0.001679,22551.19469822,0.001679
2017-10-17T08:00:00.000Z,0.001705,0.001720,0.001681,0.001710,18236.12712973,0.001710
2017-10-17T12:00:00.000Z,0.001710,0.001747,0.001669,0.001730,23106.15767023,0.001730
2017-10-17T16:00:00.000Z,0.001731,0.001750,0.001710,0.001740,40305.88251559,0.001740
2017-10-17T20:00:00.000Z,0.001740,0.001778,0.001670,0.001772,20219.79141095,0.001772
2017-10-18T00:00:00.000Z,0.001769,0.001781,0.001746,0.001747,15854.75308163,0.001747
2017-10-18T04:00:00.000Z,0.001747,0.001800,0.001724,0.001772,33646.74076796,0.001772
2017-10-18T08:00:00.000Z,0.001768,0.001799,0.001731,0.001759,21997.67511194,0.001759
2017-10-18T12:00:00.000Z,0.001771,0.001797,0.001743,0.001764,25454.34627143,0.001764
2017-10-18T16:00:00.000Z,0.001764,0.001818,0.001704,0.001795,56088.38111350,0.001795
2017-10-18T20:00:00.000Z,0.001769,0.001811,0.001680,0.001740,14186.07614997,0.001740
2017-10-19T00:00:00.000Z,0.001741,0.001790,0.001736,0.001790,28841.75872160,0.001790
2017-10-19T04:00:00.000Z,0.001792,0.001819,0.001762,0.001818,38353.36870024,0.001818
2017-10-19T08:00:00.000Z,0.001806,0.001867,0.001804,0.001852,65315.65583349,0.001852
2017-10-19T12:00:00.000Z,0.001862,0.001879,0.001830,0.001850,78960.86959223,0.001850
2017-10-19T16:00:00.000Z,0.001850,0.001910,0.001793,0.001909,55908.35219718,0.001909
2017-10-19T20:00:00.000Z,0.001903,0.001925,0.001793,0.001793,26752.67685837,0.001793
2017-10-20T00:00:00.000Z,0.001826,0.001858,0.001823,0.001839,4902.15839401,0.001839
2017-10-20T04:00:00.000Z,0.001839,0.001889,0.001839,0.001889,12252.32219848,0.001889
2017-10-20T08:00:00.000Z,0.001889,0.001901,0.001846,0.001851,12592.37413016,0.001851
2017-10-20T12:00:00.000Z,0.001851,0.001865,0.001796,0.001796,28714.41416536,0.001796
2017-10-20T16:00:00.000Z,0.001796,0.001799,0.001752,0.001799,47395.18198604,0.001799
2017-10-20T20:00:00.000Z,0.001800,0.001812,0.001778,0.001798,9412.08661838,0.001798
2017-10-21T00:00:00.000Z,0.001781,0.001799,0.001729,0.001799,16913.75821917,0.001799
2017-10-21T04:00:00.000Z,0.001799,0.001799,0.001770,0.001770,44768.99095829,0.001770
2017-10-21T08:00:00.000Z,0.001770,0.001785,0.001729,0.001785,16668.40329306,0.001785
2017-10-21T12:00:00.000Z,0.001785,0.001790,0.001710,0.001750,41809.02110407,0.001750
2017-10-21T16:00:00.000Z,0.001750,0.001788,0.001735,0.001746,8594.32466256,0.001746
2017-10-21T20:00:00.000Z,0.001747,0.001781,0.001711,0.001730,40711.88016110,0.001730
2017-10-22T00:00:00.000Z,0.001730,0.001758,0.001730,0.001757,10496.77674735,0.001757
2017-10-22T04:00:00.000Z,0.001758,0.001794,0.001754,0.001774,12411.61483419,0.001774
2017-10-22T08:00:00.000Z,0.001774,0.001774,0.001738,0.001742,54810.78883787,0.001742
2017-10-22T12:00:00.000Z,0.001763,0.001769,0.001700,0.001732,60332.95345278,0.001732
2017-10-22T16:00:00.000Z,0.001732,0.001750,0.001721,0.001724,30932.80940745,0.001724
2017-10-22T20:00:00.000Z,0.001724,0.001750,0.001724,0.001750,8620.23604571,0.001750
2017-10-23T00:00:00.000Z,0.001750,0.001769,0.001728,0.001745,12472.03299000,0.001745
2017-10-23T04:00:00.000Z,0.001745,0.001745,0.001700,0.001730,16300.81318944,0.001730
2017-10-23T08:00:00.000Z,0.001717,0.001764,0.001717,0.001750,24672.22735079,0.001750
2017-10-23T12:00:00.000Z,0.001750,0.001768,0.001715,0.001736,52211.90315788,0.001736
2017-10-23T16:00:00.000Z,0.001736,0.001769,0.001717,0.001717,43913.40263639,0.001717
2017-10-23T20:00:00.000Z,0.001720,0.001746,0.001709,0.001733,15689.55001019,0.001733
2017-10-24T00:00:00.000Z,0.001716,0.001770,0.001681,0.001749,19375.84927020,0.001749
2017-10-24T04:00:00.000Z,0.001755,0.001766,0.001712,0.001713,13094.37857807,0.001713
2017-10-24T08:00:00.000Z,0.001742,0.001742,0.001672,0.001700,31903.86428526,0.001700
2017-10-24T12:00:00.000Z,0.001699,0.001750,0.001664,0.001700,42258.24263819,0.001700
2017-10-24T16:00:00.000Z,0.001699,0.001751,0.001683,0.001719,58683.17928294,0.001719
2017-10-24T20:00:00.000Z,0.001719,0.001750,0.001695,0.001735,20379.37916664,0.001735
2017-10-25T00:00:00.000Z,0.001735,0.001735,0.001710,0.001710,13242.25756283,0.001710
2017-10-25T04:00:00.000Z,0.001710,0.001728,0.001702,0.001702,9194.08424821,0.001702
2017-10-25T08:00:00.000Z,0.001702,0.001777,0.001682,0.001713,72398.10995555,0.001713
2017-10-25T12:00:00.000Z,0.001724,0.001725,0.001679,0.001720,6965.80495469,0.001720
2017-10-25T16:00:00.000Z,0.001705,0.001742,0.001689,0.001696,34494.82338047,0.001696
2017-10-25T20:00:00.000Z,0.001696,0.001728,0.001695,0.001695,17628.53820927,0.001695
2017-10-26T00:00:00.000Z,0.001695,0.001724,0.001692,0.001724,16573.45625029,0.001724
2017-10-26T04:00:00.000Z,0.001727,0.001763,0.001727,0.001748,5739.67045107,0.001748
2017-10-26T08:00:00.000Z,0.001748,0.001779,0.001727,0.001746,49441.35344781,0.001746
2017-10-26T12:00:00.000Z,0.001750,0.001769,0.001747,0.001759,8788.93307110,0.001759
2017-10-26T16:00:00.000Z,0.001759,0.001777,0.001747,0.001760,27427.38116609,0.001760
2017-10-26T20:00:00.000Z,0.001760,0.001767,0.001752,0.001754,6348.14369318,0.001754
2017-10-27T00:00:00.000Z,0.001754,0.001765,0.001730,0.001765,3600.53710296,0.001765
2017-10-27T04:00:00.000Z,0.001765,0.001776,0.001711,0.001744,64045.40693192,0.001744
2017-10-27T08:00:00.000Z,0.001744,0.001744,0.001671,0.001711,44866.38699562,0.001711
2017-10-27T12:00:00.000Z,0.001701,0.001730,0.001700,0.001723,10025.00738301,0.001723
2017-10-27T16:00:00.000Z,0.001732,0.001760,0.001724,0.001760,3245.50493772,0.001760
2017-10-27T20:00:00.000Z,0.001760,0.001784,0.001755,0.001755,25515.82874300,0.001755
2017-10-28T00:00:00.000Z,0.001755,0.001789,0.001755,0.001789,45043.81239449,0.001789
2017-10-28T04:00:00.000Z,0.001789,0.001811,0.001785,0.001791,23117.13240429,0.001791
2017-10-28T08:00:00.000Z,0.001791,0.001825,0.001760,0.001789,12611.34223361,0.001789
2017-10-28T12:00:00.000Z,0.001812,0.001824,0.001786,0.001820,4583.07072254,0.001820
2017-10-28T16:00:00.000Z,0.001820,0.001820,0.001781,0.001805,15374.14719148,0.001805
2017-10-28T20:00:00.000Z,0.001806,0.001845,0.001806,0.001823,59441.76677786,0.001823
2017-10-29T00:00:00.000Z,0.001823,0.001950,0.001808,0.001942,73094.22050962,0.001942
2017-10-29T04:00:00.000Z,0.001950,0.002081,0.001831,0.002009,165234.27953011,0.002009
2017-10-29T08:00:00.000Z,0.002009,0.002264,0.001924,0.002010,148516.70525152,0.002010
2017-10-29T12:00:00.000Z,0.002009,0.002075,0.001930,0.002075,27936.57359404,0.002075
2017-10-29T16:00:00.000Z,0.002074,0.002600,0.001980,0.002212,202091.47370014,0.002212
2017-10-29T20:00:00.000Z,0.002213,0.002323,0.002140,0.002190,78949.39348054,0.002190
2017-10-30T00:00:00.000Z,0.002194,0.002650,0.002159,0.002162,170166.69503192,0.002162
2017-10-30T04:00:00.000Z,0.002358,0.002449,0.002147,0.002177,101650.75982303,0.002177
2017-10-30T08:00:00.000Z,0.002176,0.002302,0.002144,0.002226,152509.20167069,0.002226
2017-10-30T12:00:00.000Z,0.002232,0.002245,0.002100,0.002100,66222.63254522,0.002100
2017-10-30T16:00:00.000Z,0.002100,0.002237,0.002093,0.002219,29952.79159564,0.002219
2017-10-30T20:00:00.000Z,0.002210,0.002400,0.002206,0.002331,103874.97104207,0.002331
2017-10-31T00:00:00.000Z,0.002331,0.002331,0.002209,0.002268,19484.31642971,0.002268
2017-10-31T04:00:00.000Z,0.002286,0.002286,0.002160,0.002172,107818.16812147,0.002172
2017-10-31T08:00:00.000Z,0.002193,0.002350,0.002179,0.002279,23660.59513322,0.002279
2017-10-31T12:00:00.000Z,0.002312,0.002400,0.002262,0.002311,30996.60825763,0.002311
2017-10-31T16:00:00.000Z,0.002311,0.002361,0.002258,0.002320,33462.91525570,0.002320
2017-10-31T20:00:00.000Z,0.002320,0.002650,0.002318,0.002650,102729.01084159,0.002650
2017-11-01T00:00:00.000Z,0.002570,0.002769,0.002506,0.002696,77107.88454382,0.002696
2017-11-01T04:00:00.000Z,0.002696,0.002696,0.002501,0.002677,75346.15619216,0.002677
2017-11-01T08:00:00.000Z,0.002608,0.002695,0.002583,0.002660,68943.62605419,0.002660
2017-11-01T12:00:00.000Z,0.002658,0.002900,0.002624,0.002795,156766.54810346,0.002795
2017-11-01T16:00:00.000Z,0.002787,0.003749,0.002787,0.003677,367676.91732248,0.003677
2017-11-01T20:00:00.000Z,0.003677,0.004220,0.003501,0.003607,519760.08639492,0.003607
2017-11-02T00:00:00.000Z,0.003607,0.003992,0.003471,0.003728,218832.41500106,0.003728
2017-11-02T04:00:00.000Z,0.003728,0.003793,0.003147,0.003605,143295.59415546,0.003605
2017-11-02T08:00:00.000Z,0.003605,0.003649,0.003141,0.003520,147594.03913195,0.003520
2017-11-02T12:00:00.000Z,0.003393,0.003949,0.003378,0.003843,63996.76331275,0.003843
2017-11-02T16:00:00.000Z,0.003843,0.004600,0.003843,0.004086,368680.76003313,0.004086
2017-11-02T20:00:00.000Z,0.004086,0.004188,0.003940,0.003940,323362.73440889,0.003940
2017-11-03T00:00:00.000Z,0.003941,0.004133,0.003652,0.003865,112466.96552039,0.003865
2017-11-03T04:00:00.000Z,0.003872,0.004243,0.003800,0.004243,76140.38521992,0.004243
2017-11-03T08:00:00.000Z,0.004243,0.004858,0.004000,0.004575,512979.72158531,0.004575
2017-11-03T12:00:00.000Z,0.004575,0.004576,0.004150,0.004497,109184.15806889,0.004497
2017-11-03T16:00:00.000Z,0.004496,0.004520,0.004228,0.004398,118484.89706400,0.004398
2017-11-03T20:00:00.000Z,0.004398,0.004500,0.004050,0.004050,341023.61709039,0.004050
2017-11-04T00:00:00.000Z,0.004050,0.004197,0.004000,0.004079,258536.16252525,0.004079
2017-11-04T04:00:00.000Z,0.004001,0.004646,0.004000,0.004246,278886.17283626,0.004246
2017-11-04T08:00:00.000Z,0.004279,0.004387,0.003930,0.004060,96627.50633793,0.004060
2017-11-04T12:00:00.000Z,0.004005,0.004189,0.004005,0.004069,58575.75103607,0.004069
2017-11-04T16:00:00.000Z,0.004079,0.004079,0.003521,0.003550,227265.65502776,0.003550
2017-11-04T20:00:00.000Z,0.003550,0.003891,0.003517,0.003705,192846.86422258,0.003705
2017-11-05T00:00:00.000Z,0.003748,0.003748,0.003552,0.003686,36163.74166628,0.003686
2017-11-05T04:00:00.000Z,0.003686,0.003700,0.003519,0.003589,27420.87012511,0.003589
2017-11-05T08:00:00.000Z,0.003537,0.003537,0.003002,0.003435,395636.36718510,0.003435
2017-11-05T12:00:00.000Z,0.003445,0.003701,0.003081,0.003620,160662.09849530,0.003620
2017-11-05T16:00:00.000Z,0.003650,0.003719,0.003576,0.003622,69613.41941159,0.003622
2017-11-05T20:00:00.000Z,0.003597,0.003919,0.003550,0.003748,97511.19562970,0.003748
2017-11-06T00:00:00.000Z,0.003654,0.003654,0.003228,0.003228,109534.28908882,0.003228
2017-11-06T04:00:00.000Z,0.003250,0.003425,0.003145,0.003388,64540.60451398,0.003388
2017-11-06T08:00:00.000Z,0.003388,0.003580,0.003278,0.003481,101292.40698437,0.003481
2017-11-06T12:00:00.000Z,0.003481,0.003542,0.003304,0.003456,29511.56390472,0.003456
2017-11-06T16:00:00.000Z,0.003456,0.003509,0.003215,0.003424,39402.12186280,0.003424
2017-11-06T20:00:00.000Z,0.003428,0.003479,0.003080,0.003080,104528.32347075,0.003080
2017-11-07T00:00:00.000Z,0.003083,0.003278,0.003082,0.003245,40257.46421020,0.003245
2017-11-07T04:00:00.000Z,0.003277,0.003286,0.003199,0.003269,14679.97869097,0.003269
2017-11-07T08:00:00.000Z,0.003237,0.003308,0.003157,0.003246,42982.10545722,0.003246
2017-11-07T12:00:00.000Z,0.003238,0.003298,0.003214,0.003293,61383.94730124,0.003293
2017-11-07T16:00:00.000Z,0.003293,0.003293,0.003200,0.003290,21114.59764968,0.003290
2017-11-07T20:00:00.000Z,0.003290,0.003300,0.003188,0.003245,61991.73185775,0.003245
2017-11-08T00:00:00.000Z,0.003244,0.003500,0.003234,0.003500,49020.78030455,0.003500
2017-11-08T04:00:00.000Z,0.003500,0.003800,0.003359,0.003783,97850.22021775,0.003783
2017-11-08T08:00:00.000Z,0.003686,0.004090,0.003529,0.003643,59735.47072713,0.003643
2017-11-08T12:00:00.000Z,0.003667,0.003859,0.003515,0.003735,9811.06209326,0.003735
2017-11-08T16:00:00.000Z,0.003749,0.003816,0.003401,0.003503,63815.13187031,0.003503
2017-11-08T20:00:00.000Z,0.003494,0.003793,0.003401,0.003674,56422.16131576,0.003674
2017-11-09T00:00:00.000Z,0.003673,0.003900,0.003661,0.003775,56634.48943307,0.003775
2017-11-09T04:00:00.000Z,0.003835,0.003893,0.003751,0.003813,20568.59424996,0.003813
2017-11-09T08:00:00.000Z,0.003809,0.003897,0.003602,0.003604,77612.14862437,0.003604
2017-11-09T12:00:00.000Z,0.003647,0.003798,0.003600,0.003709,79158.76110061,0.003709
2017-11-09T16:00:00.000Z,0.003664,0.003669,0.003427,0.003501,59796.99343303,0.003501
2017-11-09T20:00:00.000Z,0.003501,0.003709,0.003444,0.003699,50872.09002378,0.003699
2017-11-10T00:00:00.000Z,0.003699,0.003744,0.003559,0.003605,39186.08022687,0.003605
2017-11-10T04:00:00.000Z,0.003605,0.003717,0.003568,0.003648,12107.90427374,0.003648
2017-11-10T08:00:00.000Z,0.003628,0.003635,0.003459,0.003591,71048.54418892,0.003591
2017-11-10T12:00:00.000Z,0.003591,0.003596,0.003400,0.003469,52158.30095776,0.003469
2017-11-10T16:00:00.000Z,0.003469,0.003512,0.003328,0.003430,206937.77555641,0.003430
2017-11-10T20:00:00.000Z,0.003430,0.003522,0.003010,0.003445,67350.93885934,0.003445
2017-11-11T00:00:00.000Z,0.003485,0.003510,0.003324,0.003401,50203.00482803,0.003401
2017-11-11T04:00:00.000Z,0.003422,0.003619,0.003405,0.003601,43071.97162058,0.003601
2017-11-11T08:00:00.000Z,0.003624,0.003673,0.003500,0.003663,31505.16458573,0.003663
2017-11-11T12:00:00.000Z,0.003658,0.003658,0.003000,0.003439,45112.75212554,0.003439
2017-11-11T16:00:00.000Z,0.003442,0.003799,0.003442,0.003698,125814.45284981,0.003698
2017-11-11T20:00:00.000Z,0.003694,0.003998,0.003290,0.003791,161922.90778378,0.003791
2017-11-12T00:00:00.000Z,0.003791,0.003979,0.003597,0.003630,11129.04592391,0.003630
2017-11-12T04:00:00.000Z,0.003696,0.003821,0.003400,0.003588,32726.93143370,0.003588
2017-11-12T08:00:00.000Z,0.003660,0.003750,0.003424,0.003750,43719.57268112,0.003750
2017-11-12T12:00:00.000Z,0.003750,0.003810,0.003545,0.003653,25101.35301370,0.003653
2017-11-12T16:00:00.000Z,0.003766,0.003766,0.003300,0.003745,119201.09236166,0.003745
2017-11-12T20:00:00.000Z,0.003745,0.003747,0.003451,0.003529,25755.10493122,0.003529
