"Index","KrakenLtcUsd.Open","KrakenLtcUsd.High","KrakenLtcUsd.Low","KrakenLtcUsd.Close","KrakenLtcUsd.Volume","KrakenLtcUsd.Adjusted"
2017-07-16T00:00:00.000Z,38.20,40.00,37.71,39.78,7136.10566213,39.78
2017-07-16T04:00:00.000Z,39.78,40.00,37.97,38.66,8488.36878076,38.66
2017-07-16T08:00:00.000Z,38.85,39.00,36.00,36.00,13436.26869994,36.00
2017-07-16T12:00:00.000Z,36.18,38.68,35.00,37.36,52168.44662474,37.36
2017-07-16T16:00:00.000Z,37.36,39.98,37.14,37.83,11354.07323587,37.83
2017-07-16T20:00:00.000Z,37.83,40.61,37.83,40.53,18584.49580887,40.53
2017-07-17T00:00:00.000Z,40.53,41.89,39.85,39.85,12297.22661239,39.85
2017-07-17T04:00:00.000Z,39.84,42.49,39.84,42.37,23983.82403719,42.37
2017-07-17T08:00:00.000Z,42.14,42.36,40.00,40.32,18862.12960683,40.32
2017-07-17T12:00:00.000Z,40.49,42.00,39.19,40.93,18403.74332742,40.93
2017-07-17T16:00:00.000Z,41.36,43.29,40.93,41.96,14472.31434491,41.96
2017-07-17T20:00:00.000Z,41.96,42.69,41.71,42.24,11503.51597754,42.24
2017-07-18T00:00:00.000Z,42.00,42.50,41.25,41.37,7500.25453947,41.37
2017-07-18T04:00:00.000Z,41.33,43.19,40.69,43.14,17940.44745436,43.14
2017-07-18T08:00:00.000Z,42.91,43.00,41.60,43.00,10577.07552209,43.00
2017-07-18T12:00:00.000Z,43.00,45.00,42.33,44.50,32221.45707446,44.50
2017-07-18T16:00:00.000Z,44.50,44.74,42.86,44.22,25199.50123014,44.22
2017-07-18T20:00:00.000Z,44.22,44.90,42.86,43.47,11865.41816945,43.47
2017-07-19T00:00:00.000Z,43.47,43.76,41.60,43.11,15619.85708838,43.11
2017-07-19T04:00:00.000Z,43.26,44.12,41.86,43.92,21597.49121623,43.92
2017-07-19T08:00:00.000Z,43.50,43.92,41.76,42.97,13798.78004976,42.97
2017-07-19T12:00:00.000Z,42.50,42.97,41.00,41.94,19579.82774854,41.94
2017-07-19T16:00:00.000Z,41.78,41.94,40.00,40.00,8569.84928060,40.00
2017-07-19T20:00:00.000Z,40.00,40.89,38.02,39.90,8302.10758598,39.90
2017-07-20T00:00:00.000Z,40.40,42.00,40.17,41.62,4215.03458778,41.62
2017-07-20T04:00:00.000Z,41.62,42.30,41.02,41.55,2400.34963941,41.55
2017-07-20T08:00:00.000Z,41.40,43.10,40.74,42.60,8842.73242941,42.60
2017-07-20T12:00:00.000Z,42.60,44.83,41.70,44.83,60421.68558689,44.83
2017-07-20T16:00:00.000Z,44.83,46.00,43.46,44.24,16776.40275860,44.24
2017-07-20T20:00:00.000Z,44.37,45.23,44.24,44.75,5343.96476489,44.75
2017-07-21T00:00:00.000Z,44.92,48.00,44.39,46.53,14586.64214037,46.53
2017-07-21T04:00:00.000Z,46.53,47.45,46.20,47.00,20946.77875263,47.00
2017-07-21T08:00:00.000Z,47.02,47.40,45.39,45.90,8995.10342128,45.90
2017-07-21T12:00:00.000Z,45.96,46.00,45.00,45.29,17190.73573068,45.29
2017-07-21T16:00:00.000Z,45.29,45.96,44.30,44.72,4066.38127999,44.72
2017-07-21T20:00:00.000Z,44.72,45.90,43.78,45.25,8148.84741247,45.25
2017-07-22T00:00:00.000Z,45.25,45.99,45.03,45.21,5127.56017478,45.21
2017-07-22T04:00:00.000Z,45.21,45.94,45.06,45.41,1206.83999018,45.41
2017-07-22T08:00:00.000Z,45.42,46.37,45.40,45.50,2761.78848551,45.50
2017-07-22T12:00:00.000Z,45.35,46.09,44.95,45.46,16260.71171362,45.46
2017-07-22T16:00:00.000Z,45.21,46.00,45.21,46.00,9192.51368197,46.00
2017-07-22T20:00:00.000Z,45.99,47.37,45.90,46.69,6675.91299380,46.69
2017-07-23T00:00:00.000Z,46.69,47.09,46.25,46.58,1942.59202587,46.58
2017-07-23T04:00:00.000Z,46.35,46.40,44.66,44.66,15050.91873454,44.66
2017-07-23T08:00:00.000Z,44.65,44.94,43.95,44.25,6101.32012714,44.25
2017-07-23T12:00:00.000Z,44.00,45.89,43.73,45.53,3669.35870893,45.53
2017-07-23T16:00:00.000Z,45.27,45.79,44.97,45.25,2172.65667160,45.25
2017-07-23T20:00:00.000Z,45.17,45.79,44.81,45.28,1428.63037039,45.28
2017-07-24T00:00:00.000Z,45.28,45.55,44.60,45.19,3465.68668037,45.19
2017-07-24T04:00:00.000Z,45.01,45.19,44.33,44.64,4885.31060811,44.64
2017-07-24T08:00:00.000Z,44.76,45.10,44.37,44.66,3307.69047918,44.66
2017-07-24T12:00:00.000Z,44.66,45.89,44.50,44.99,28626.32210662,44.99
2017-07-24T16:00:00.000Z,44.66,45.20,44.66,45.20,4133.43945214,45.20
2017-07-24T20:00:00.000Z,45.19,45.47,44.64,44.77,2485.71664427,44.77
2017-07-25T00:00:00.000Z,44.88,45.19,44.66,44.81,1429.98714597,44.81
2017-07-25T04:00:00.000Z,44.81,45.00,42.60,42.61,9238.64789160,42.61
2017-07-25T08:00:00.000Z,42.60,43.44,39.60,41.00,14448.73265423,41.00
2017-07-25T12:00:00.000Z,41.00,42.49,39.58,42.00,15227.43772763,42.00
2017-07-25T16:00:00.000Z,42.44,42.44,40.51,40.70,5904.47861352,40.70
2017-07-25T20:00:00.000Z,40.75,42.09,40.30,42.09,7617.28033739,42.09
2017-07-26T00:00:00.000Z,42.09,42.87,41.00,41.53,12790.58223347,41.53
2017-07-26T04:00:00.000Z,41.54,41.89,40.18,41.16,14035.25451525,41.16
2017-07-26T08:00:00.000Z,41.39,42.26,41.12,42.26,6994.56516968,42.26
2017-07-26T12:00:00.000Z,42.26,42.48,40.58,40.70,19442.48855347,40.70
2017-07-26T16:00:00.000Z,40.70,41.71,40.50,41.50,6701.53265785,41.50
2017-07-26T20:00:00.000Z,41.51,42.34,41.12,41.84,3981.15584039,41.84
2017-07-27T00:00:00.000Z,41.84,42.31,41.41,41.41,6250.20421135,41.41
2017-07-27T04:00:00.000Z,41.62,42.38,41.25,41.44,10782.34216368,41.44
2017-07-27T08:00:00.000Z,41.49,42.30,41.32,41.98,4390.35084064,41.98
2017-07-27T12:00:00.000Z,41.98,41.98,40.85,40.90,8753.40926047,40.90
2017-07-27T16:00:00.000Z,41.14,41.90,40.90,41.22,3646.79138640,41.22
2017-07-27T20:00:00.000Z,41.22,42.00,41.00,41.62,6641.97609597,41.62
2017-07-28T00:00:00.000Z,41.86,42.32,41.62,42.28,7347.13250184,42.28
2017-07-28T04:00:00.000Z,42.07,42.32,41.59,41.99,5560.90064817,41.99
2017-07-28T08:00:00.000Z,41.99,41.99,40.14,40.84,9689.91075266,40.84
2017-07-28T12:00:00.000Z,40.84,41.50,40.51,41.17,2198.58459115,41.17
2017-07-28T16:00:00.000Z,41.18,45.00,40.50,40.82,14793.79273018,40.82
2017-07-28T20:00:00.000Z,40.82,41.20,40.51,40.55,1149.19121167,40.55
2017-07-29T00:00:00.000Z,40.55,40.75,39.39,39.39,7319.34457854,39.39
2017-07-29T04:00:00.000Z,39.37,39.91,38.72,39.51,2358.35518221,39.51
2017-07-29T08:00:00.000Z,39.34,39.91,38.50,38.75,3130.04130497,38.75
2017-07-29T12:00:00.000Z,38.87,39.51,38.86,39.51,3355.47729328,39.51
2017-07-29T16:00:00.000Z,39.51,40.88,39.10,40.75,3195.36800798,40.75
2017-07-29T20:00:00.000Z,40.88,41.49,40.63,41.19,4344.95144919,41.19
2017-07-30T00:00:00.000Z,41.03,42.00,40.90,41.20,3518.84283971,41.20
2017-07-30T04:00:00.000Z,41.26,41.49,40.41,40.41,4609.67568672,40.41
2017-07-30T08:00:00.000Z,40.42,40.90,40.41,40.84,2086.85310014,40.84
2017-07-30T12:00:00.000Z,40.85,40.90,40.02,40.15,2073.21655929,40.15
2017-07-30T16:00:00.000Z,40.51,41.00,40.16,41.00,1930.72872427,41.00
2017-07-30T20:00:00.000Z,41.00,41.00,40.64,40.65,2942.53085786,40.65
2017-07-31T00:00:00.000Z,40.74,40.92,39.70,40.24,2919.22731243,40.24
2017-07-31T04:00:00.000Z,40.24,40.49,39.90,39.90,1804.67942123,39.90
2017-07-31T08:00:00.000Z,39.90,40.00,39.40,39.47,10939.92697236,39.47
2017-07-31T12:00:00.000Z,39.50,43.44,38.25,42.60,26732.01666387,42.60
2017-07-31T16:00:00.000Z,42.73,43.05,41.66,42.28,9331.03070887,42.28
2017-07-31T20:00:00.000Z,42.32,43.53,42.02,42.34,9944.70316600,42.34
2017-08-01T00:00:00.000Z,42.45,43.15,42.08,42.64,3822.92636445,42.64
2017-08-01T04:00:00.000Z,42.69,44.51,42.69,43.42,7267.46735798,43.42
2017-08-01T08:00:00.000Z,43.40,43.92,41.50,41.80,16824.73937560,41.80
2017-08-01T12:00:00.000Z,41.74,44.76,41.30,42.16,9975.56306143,42.16
2017-08-01T16:00:00.000Z,42.16,44.00,41.42,43.10,3733.20976986,43.10
2017-08-01T20:00:00.000Z,43.22,44.90,42.95,43.00,5217.76086921,43.00
2017-08-02T00:00:00.000Z,43.00,43.09,42.50,42.83,4591.25376265,42.83
2017-08-02T04:00:00.000Z,42.86,43.31,42.05,42.55,8737.59799657,42.55
2017-08-02T08:00:00.000Z,42.46,43.11,42.25,43.00,4576.53303682,43.00
2017-08-02T12:00:00.000Z,43.00,43.21,41.50,42.00,12261.75072857,42.00
2017-08-02T16:00:00.000Z,42.00,42.47,41.70,42.09,5399.58032545,42.09
2017-08-02T20:00:00.000Z,42.09,42.24,41.12,41.85,5422.98013636,41.85
2017-08-03T00:00:00.000Z,41.66,42.21,41.66,41.95,1891.80103467,41.95
2017-08-03T04:00:00.000Z,41.95,42.31,41.72,41.90,1871.17660267,41.90
2017-08-03T08:00:00.000Z,41.90,43.11,41.90,42.89,6890.14506889,42.89
2017-08-03T12:00:00.000Z,42.46,42.89,42.22,42.54,1128.71059027,42.54
2017-08-03T16:00:00.000Z,42.59,42.76,42.30,42.40,1756.78460040,42.40
2017-08-03T20:00:00.000Z,42.58,42.76,42.30,42.76,1075.60121565,42.76
2017-08-04T00:00:00.000Z,42.63,43.00,42.46,42.61,4047.16676732,42.61
2017-08-04T04:00:00.000Z,42.62,43.00,42.30,42.69,4051.73353622,42.69
2017-08-04T08:00:00.000Z,42.69,43.11,42.40,43.03,2167.31092389,43.03
2017-08-04T12:00:00.000Z,43.03,43.86,43.03,43.10,5700.99780942,43.10
2017-08-04T16:00:00.000Z,43.10,43.47,42.78,43.29,1626.79182312,43.29
2017-08-04T20:00:00.000Z,43.29,43.61,42.95,43.48,1596.77879336,43.48
2017-08-05T00:00:00.000Z,43.48,46.71,43.48,45.89,14430.29338453,45.89
2017-08-05T04:00:00.000Z,46.00,46.70,45.06,45.81,9846.89794514,45.81
2017-08-05T08:00:00.000Z,45.66,46.80,45.50,46.05,5409.65789932,46.05
2017-08-05T12:00:00.000Z,45.87,46.46,45.50,46.30,3351.32735399,46.30
2017-08-05T16:00:00.000Z,46.08,46.99,46.00,46.00,6782.07932377,46.00
2017-08-05T20:00:00.000Z,46.11,46.47,45.12,46.22,3873.56926751,46.22
2017-08-06T00:00:00.000Z,46.22,46.86,45.50,45.78,8389.79277257,45.78
2017-08-06T04:00:00.000Z,45.80,46.61,45.57,45.63,1944.87317628,45.63
2017-08-06T08:00:00.000Z,45.89,46.10,45.30,45.90,474.13784022,45.90
2017-08-06T12:00:00.000Z,45.90,46.46,45.61,46.00,1963.75559895,46.00
2017-08-06T16:00:00.000Z,46.03,46.23,45.11,45.13,5554.47648303,45.13
2017-08-06T20:00:00.000Z,45.29,45.71,45.10,45.30,3643.38452794,45.30
2017-08-07T00:00:00.000Z,45.30,46.00,45.29,45.58,3827.35773858,45.58
2017-08-07T04:00:00.000Z,45.58,45.79,45.17,45.27,1875.99137742,45.27
2017-08-07T08:00:00.000Z,45.53,45.91,45.04,45.82,5272.43839089,45.82
2017-08-07T12:00:00.000Z,45.91,46.79,45.62,45.99,6928.00917855,45.99
2017-08-07T16:00:00.000Z,45.94,46.61,45.17,45.70,5303.15398299,45.70
2017-08-07T20:00:00.000Z,45.70,46.11,45.60,45.83,1238.43720305,45.83
2017-08-08T00:00:00.000Z,45.84,46.58,45.65,46.10,6064.27187380,46.10
2017-08-08T04:00:00.000Z,46.10,46.60,45.80,46.45,5363.97159822,46.45
2017-08-08T08:00:00.000Z,46.17,46.50,46.00,46.00,3181.97430348,46.00
2017-08-08T12:00:00.000Z,46.09,46.25,45.75,46.00,4226.62832569,46.00
2017-08-08T16:00:00.000Z,46.00,46.45,46.00,46.37,2920.12409947,46.37
2017-08-08T20:00:00.000Z,46.45,49.89,45.99,49.10,15136.26576943,49.10
2017-08-09T00:00:00.000Z,49.10,49.49,48.13,48.63,7188.82945496,48.63
2017-08-09T04:00:00.000Z,48.62,49.86,47.75,48.85,5667.76064001,48.85
2017-08-09T08:00:00.000Z,48.85,52.00,46.75,48.16,10442.37728655,48.16
2017-08-09T12:00:00.000Z,48.16,48.97,46.62,47.62,4154.22396798,47.62
2017-08-09T16:00:00.000Z,47.59,48.39,46.92,47.88,2377.49584554,47.88
2017-08-09T20:00:00.000Z,47.88,48.49,47.51,48.20,2672.79044013,48.20
2017-08-10T00:00:00.000Z,48.20,48.52,47.51,47.74,3242.78923755,47.74
2017-08-10T04:00:00.000Z,47.99,48.47,47.52,48.28,3020.81032640,48.28
2017-08-10T08:00:00.000Z,48.28,48.79,48.11,48.19,1530.88833801,48.19
2017-08-10T12:00:00.000Z,48.37,48.90,48.03,48.80,2790.51906776,48.80
2017-08-10T16:00:00.000Z,48.80,48.81,48.00,48.33,1594.60892095,48.33
2017-08-10T20:00:00.000Z,48.10,48.41,47.45,47.46,3907.20200528,47.46
2017-08-11T00:00:00.000Z,47.46,48.09,47.00,47.90,5266.11296127,47.90
2017-08-11T04:00:00.000Z,47.81,48.09,47.21,47.29,2081.10490935,47.29
2017-08-11T08:00:00.000Z,47.79,47.79,47.01,47.15,4385.75891526,47.15
2017-08-11T12:00:00.000Z,47.18,47.67,46.75,47.28,4830.78069479,47.28
2017-08-11T16:00:00.000Z,47.28,47.28,46.75,47.19,1905.17063746,47.19
2017-08-11T20:00:00.000Z,47.11,47.49,46.81,47.15,1068.47732165,47.15
2017-08-12T00:00:00.000Z,47.29,47.78,47.00,47.78,2990.60365152,47.78
2017-08-12T04:00:00.000Z,47.72,47.76,47.10,47.25,2421.86493368,47.25
2017-08-12T08:00:00.000Z,47.25,47.31,46.92,47.31,1874.81700624,47.31
2017-08-12T12:00:00.000Z,47.31,48.44,47.15,47.25,3367.64944135,47.25
2017-08-12T16:00:00.000Z,47.31,47.49,46.60,46.91,6996.50710511,46.91
2017-08-12T20:00:00.000Z,46.90,47.13,46.00,46.11,5805.27187631,46.11
2017-08-13T00:00:00.000Z,46.11,47.27,44.44,47.20,14920.89525806,47.20
2017-08-13T04:00:00.000Z,47.20,47.20,46.51,46.56,2239.73682011,46.56
2017-08-13T08:00:00.000Z,46.56,46.99,46.02,46.19,1882.93562463,46.19
2017-08-13T12:00:00.000Z,46.19,46.92,45.23,45.68,4880.19813559,45.68
2017-08-13T16:00:00.000Z,45.68,46.04,45.10,45.10,4858.89148932,45.10
2017-08-13T20:00:00.000Z,45.10,45.99,45.10,45.30,1357.60209236,45.30
2017-08-14T00:00:00.000Z,45.30,46.46,45.23,45.93,813.83567030,45.93
2017-08-14T04:00:00.000Z,45.90,46.25,45.62,45.99,2062.77667534,45.99
2017-08-14T08:00:00.000Z,45.99,45.99,45.21,45.49,2070.37054987,45.49
2017-08-14T12:00:00.000Z,45.49,46.18,45.21,45.43,2928.34189296,45.43
2017-08-14T16:00:00.000Z,45.40,46.80,45.21,46.09,2690.25467926,46.09
2017-08-14T20:00:00.000Z,45.51,46.00,45.15,45.99,3021.53131880,45.99
2017-08-15T00:00:00.000Z,45.99,45.99,44.52,44.75,3813.54899439,44.75
2017-08-15T04:00:00.000Z,44.89,44.90,43.30,43.51,7733.36386057,43.51
2017-08-15T08:00:00.000Z,43.59,43.61,41.62,42.71,3516.15426929,42.71
2017-08-15T12:00:00.000Z,42.69,43.61,42.09,43.18,5265.99695091,43.18
2017-08-15T16:00:00.000Z,43.18,43.52,42.50,43.00,3338.31072998,43.00
2017-08-15T20:00:00.000Z,42.99,43.62,42.83,42.99,2686.45587531,42.99
2017-08-16T00:00:00.000Z,42.96,43.52,42.80,42.80,1834.41356354,42.80
2017-08-16T04:00:00.000Z,42.80,43.39,42.00,42.41,5176.07683937,42.41
2017-08-16T08:00:00.000Z,42.83,43.51,42.40,43.08,3927.34559325,43.08
2017-08-16T12:00:00.000Z,42.66,45.44,42.40,45.22,5066.93401235,45.22
2017-08-16T16:00:00.000Z,45.22,46.23,44.30,44.56,5204.77225974,44.56
2017-08-16T20:00:00.000Z,44.56,45.12,43.92,44.05,1428.95247917,44.05
2017-08-17T00:00:00.000Z,44.05,45.10,43.60,44.00,2908.78349489,44.00
2017-08-17T04:00:00.000Z,44.01,44.71,43.90,44.40,916.93270173,44.40
2017-08-17T08:00:00.000Z,44.56,44.99,44.16,44.52,3632.03209124,44.52
2017-08-17T12:00:00.000Z,44.52,44.86,44.00,44.29,3085.83576567,44.29
2017-08-17T16:00:00.000Z,44.10,44.81,43.20,43.64,5208.80196383,43.64
2017-08-17T20:00:00.000Z,43.52,44.68,43.39,43.94,1170.97713748,43.94
2017-08-18T00:00:00.000Z,43.94,44.98,42.80,44.12,5777.21436818,44.12
2017-08-18T04:00:00.000Z,44.12,47.27,44.06,46.88,13493.07761358,46.88
2017-08-18T08:00:00.000Z,46.88,47.27,46.40,46.74,5522.88546024,46.74
2017-08-18T12:00:00.000Z,46.63,47.35,44.72,45.50,5552.91298572,45.50
2017-08-18T16:00:00.000Z,45.49,46.52,43.91,44.78,5399.11965876,44.78
2017-08-18T20:00:00.000Z,44.43,46.46,43.50,46.46,3135.68966558,46.46
2017-08-19T00:00:00.000Z,46.47,46.99,45.25,45.75,1698.01049158,45.75
2017-08-19T04:00:00.000Z,45.40,46.19,44.57,45.40,594.91261481,45.40
2017-08-19T08:00:00.000Z,44.60,45.81,43.70,44.54,1406.37378479,44.54
2017-08-19T12:00:00.000Z,43.70,46.05,43.70,44.02,3364.69267512,44.02
2017-08-19T16:00:00.000Z,44.12,48.00,44.12,45.61,5031.60693583,45.61
2017-08-19T20:00:00.000Z,45.61,48.00,44.50,45.34,3339.51971656,45.34
2017-08-20T00:00:00.000Z,45.88,45.88,44.20,44.47,1062.82649180,44.47
2017-08-20T04:00:00.000Z,44.50,45.00,44.40,44.84,1123.29482572,44.84
2017-08-20T08:00:00.000Z,44.52,45.18,44.44,44.68,984.14626124,44.68
2017-08-20T12:00:00.000Z,44.68,46.83,44.40,46.49,3301.27132298,46.49
2017-08-20T16:00:00.000Z,46.08,47.70,46.08,46.56,5889.79163626,46.56
2017-08-20T20:00:00.000Z,46.56,47.13,45.99,46.15,2406.65285533,46.15
2017-08-21T00:00:00.000Z,46.67,46.97,45.99,46.26,898.99823856,46.26
2017-08-21T04:00:00.000Z,46.26,46.33,45.30,46.01,3895.09191839,46.01
2017-08-21T08:00:00.000Z,46.01,47.13,45.46,47.13,6707.50623716,47.13
2017-08-21T12:00:00.000Z,47.13,47.50,44.00,46.71,10476.50847746,46.71
2017-08-21T16:00:00.000Z,46.96,47.67,46.49,47.39,5285.53131364,47.39
2017-08-21T20:00:00.000Z,47.05,48.87,46.58,48.50,7535.98213123,48.50
2017-08-22T00:00:00.000Z,48.50,48.96,46.78,46.81,5388.51310625,46.81
2017-08-22T04:00:00.000Z,46.91,47.00,45.60,45.91,6900.75404484,45.91
2017-08-22T08:00:00.000Z,45.91,47.50,45.90,46.90,3411.47215169,46.90
2017-08-22T12:00:00.000Z,46.90,47.50,45.88,47.04,6023.90850130,47.04
2017-08-22T16:00:00.000Z,46.52,47.38,46.30,46.64,3818.47174360,46.64
2017-08-22T20:00:00.000Z,46.61,47.52,46.34,46.51,2998.51290225,46.51
2017-08-23T00:00:00.000Z,46.51,47.43,46.31,46.52,2090.42794802,46.52
2017-08-23T04:00:00.000Z,46.52,47.49,46.50,47.39,2519.78204294,47.39
2017-08-23T08:00:00.000Z,47.39,48.69,47.10,47.71,5679.16231305,47.71
2017-08-23T12:00:00.000Z,47.88,48.08,47.33,48.08,5077.21891219,48.08
2017-08-23T16:00:00.000Z,48.08,49.54,47.40,49.54,6336.44724616,49.54
2017-08-23T20:00:00.000Z,49.50,59.00,49.09,53.99,51163.64318680,53.99
2017-08-24T00:00:00.000Z,53.99,53.99,51.50,53.40,13636.85380898,53.40
2017-08-24T04:00:00.000Z,53.40,53.40,51.10,51.88,7466.13955498,51.88
2017-08-24T08:00:00.000Z,51.88,54.99,51.10,53.31,18486.86745655,53.31
2017-08-24T12:00:00.000Z,53.31,53.33,51.00,51.20,14978.62288704,51.20
2017-08-24T16:00:00.000Z,51.18,54.06,51.00,52.53,12387.87265604,52.53
2017-08-24T20:00:00.000Z,52.00,52.70,50.55,50.55,6784.38913340,50.55
2017-08-25T00:00:00.000Z,50.55,51.50,50.00,50.64,7838.42666260,50.64
2017-08-25T04:00:00.000Z,50.64,50.93,49.00,50.64,4001.90780846,50.64
2017-08-25T08:00:00.000Z,50.64,52.00,50.64,51.30,4652.15840082,51.30
2017-08-25T12:00:00.000Z,51.30,52.00,50.90,51.94,5307.04100188,51.94
2017-08-25T16:00:00.000Z,51.94,53.00,50.00,51.76,5709.71873446,51.76
2017-08-25T20:00:00.000Z,51.76,51.76,51.00,51.70,2435.67230560,51.70
2017-08-26T00:00:00.000Z,51.41,51.70,50.65,50.83,1066.15120541,50.83
2017-08-26T04:00:00.000Z,50.84,52.40,50.29,50.99,4710.19813767,50.99
2017-08-26T08:00:00.000Z,51.00,51.40,50.30,51.11,2817.30731962,51.11
2017-08-26T12:00:00.000Z,51.00,53.00,50.20,51.90,3777.13676548,51.90
2017-08-26T16:00:00.000Z,51.82,52.00,51.11,51.64,3158.28216789,51.64
2017-08-26T20:00:00.000Z,51.64,52.30,51.11,51.68,3764.73429369,51.68
2017-08-27T00:00:00.000Z,51.68,56.00,51.49,54.80,8493.19611839,54.80
2017-08-27T04:00:00.000Z,54.73,57.80,54.00,55.67,14637.16879147,55.67
2017-08-27T08:00:00.000Z,55.75,58.00,54.40,57.70,9472.25475846,57.70
2017-08-27T12:00:00.000Z,57.69,59.89,55.70,59.08,21618.37778821,59.08
2017-08-27T16:00:00.000Z,59.08,64.23,59.00,62.78,26548.90860496,62.78
2017-08-27T20:00:00.000Z,62.74,64.60,60.00,61.00,22167.37812310,61.00
2017-08-28T00:00:00.000Z,60.64,63.37,58.50,61.98,10819.19349386,61.98
2017-08-28T04:00:00.000Z,61.73,61.94,59.10,60.98,4109.99487991,60.98
2017-08-28T08:00:00.000Z,60.99,62.52,60.00,62.20,20888.08979762,62.20
2017-08-28T12:00:00.000Z,62.20,64.97,61.54,62.98,14099.83244680,62.98
2017-08-28T16:00:00.000Z,62.97,63.97,61.35,63.47,6680.84945496,63.47
2017-08-28T20:00:00.000Z,63.31,63.97,61.40,62.15,10133.96994767,62.15
2017-08-29T00:00:00.000Z,62.15,62.94,61.50,61.99,10667.46677801,61.99
2017-08-29T04:00:00.000Z,62.00,62.49,61.44,61.52,7900.73072549,61.52
2017-08-29T08:00:00.000Z,61.52,62.11,61.40,61.70,12377.44836620,61.70
2017-08-29T12:00:00.000Z,61.64,61.92,61.10,61.30,17015.12292791,61.30
2017-08-29T16:00:00.000Z,61.30,63.88,61.15,63.83,10639.18554073,63.83
2017-08-29T20:00:00.000Z,63.74,63.88,62.00,62.78,3685.17617519,62.78
2017-08-30T00:00:00.000Z,63.39,63.67,60.90,63.45,6828.28528732,63.45
2017-08-30T04:00:00.000Z,63.40,63.44,60.95,62.63,4661.36403894,62.63
2017-08-30T08:00:00.000Z,62.63,62.64,60.90,62.32,3790.84309467,62.32
2017-08-30T12:00:00.000Z,62.32,63.15,62.00,62.50,2847.90086835,62.50
2017-08-30T16:00:00.000Z,62.50,62.91,62.00,62.91,2502.06565988,62.91
2017-08-30T20:00:00.000Z,62.90,66.20,62.30,65.80,11059.98824106,65.80
2017-08-31T00:00:00.000Z,65.80,67.40,65.28,65.63,16944.24907771,65.63
2017-08-31T04:00:00.000Z,65.63,66.99,65.00,65.99,7801.09915341,65.99
2017-08-31T08:00:00.000Z,65.93,66.75,65.21,66.30,3424.40541208,66.30
2017-08-31T12:00:00.000Z,66.30,69.50,66.09,69.18,12768.40497385,69.18
2017-08-31T16:00:00.000Z,69.18,73.00,69.18,71.52,33446.37509504,71.52
2017-08-31T20:00:00.000Z,71.52,74.80,71.24,73.37,21009.27307581,73.37
2017-09-01T00:00:00.000Z,73.37,74.39,71.11,74.07,9935.48449512,74.07
2017-09-01T04:00:00.000Z,74.00,79.75,73.52,77.58,19691.18394031,77.58
2017-09-01T08:00:00.000Z,77.90,78.47,75.22,76.99,9574.66347810,76.99
2017-09-01T12:00:00.000Z,76.56,82.00,76.00,81.50,24427.13636354,81.50
2017-09-01T16:00:00.000Z,81.97,94.99,79.60,88.00,48617.81257181,88.00
2017-09-01T20:00:00.000Z,87.90,92.87,83.60,87.45,26791.92136985,87.45
2017-09-02T00:00:00.000Z,87.44,94.03,83.00,87.10,22982.57238023,87.10
2017-09-02T04:00:00.000Z,87.10,88.99,77.00,81.99,25770.04565525,81.99
2017-09-02T08:00:00.000Z,81.99,84.74,78.00,83.00,13196.53388170,83.00
2017-09-02T12:00:00.000Z,83.00,83.00,75.25,78.90,17117.82677636,78.90
2017-09-02T16:00:00.000Z,78.57,84.57,75.50,78.80,19754.12683894,78.80
2017-09-02T20:00:00.000Z,78.98,79.70,75.25,79.47,13404.43876786,79.47
2017-09-03T00:00:00.000Z,79.50,82.80,79.07,79.90,14462.62530965,79.90
2017-09-03T04:00:00.000Z,79.99,84.78,79.98,81.53,19198.78230468,81.53
2017-09-03T08:00:00.000Z,81.54,82.64,78.60,78.60,10705.83916221,78.60
2017-09-03T12:00:00.000Z,78.60,79.86,75.25,78.37,12527.16798799,78.37
2017-09-03T16:00:00.000Z,78.39,79.78,77.50,79.32,6287.66984442,79.32
2017-09-03T20:00:00.000Z,79.32,81.80,78.52,80.03,4013.15909153,80.03
2017-09-04T00:00:00.000Z,80.00,80.03,77.81,78.51,2825.39558669,78.51
2017-09-04T04:00:00.000Z,78.51,78.53,75.00,75.00,8000.81265879,75.00
2017-09-04T08:00:00.000Z,75.00,75.50,67.00,67.10,11723.21736316,67.10
2017-09-04T12:00:00.000Z,67.10,69.74,64.25,66.98,44687.86323467,66.98
2017-09-04T16:00:00.000Z,66.97,74.95,62.55,72.52,29392.21911557,72.52
2017-09-04T20:00:00.000Z,72.99,76.00,70.00,70.10,22380.68328947,70.10
2017-09-05T00:00:00.000Z,70.10,74.70,65.10,66.09,18813.26191502,66.09
2017-09-05T04:00:00.000Z,66.09,69.90,65.20,68.79,9445.30991954,68.79
2017-09-05T08:00:00.000Z,68.79,73.88,66.00,73.74,11548.01065250,73.74
2017-09-05T12:00:00.000Z,73.74,74.48,70.50,71.00,13421.13944540,71.00
2017-09-05T16:00:00.000Z,70.99,75.89,69.62,75.25,13004.11068658,75.25
2017-09-05T20:00:00.000Z,75.32,75.50,72.60,74.60,8254.50381602,74.60
2017-09-06T00:00:00.000Z,74.60,79.00,74.60,78.20,14314.90632218,78.20
2017-09-06T04:00:00.000Z,78.20,80.00,76.00,79.03,11223.87636909,79.03
2017-09-06T08:00:00.000Z,79.40,81.20,78.00,79.50,9031.89624620,79.50
2017-09-06T12:00:00.000Z,79.50,80.50,78.00,80.00,6833.98787393,80.00
2017-09-06T16:00:00.000Z,80.00,83.33,80.00,81.30,12075.17293351,81.30
2017-09-06T20:00:00.000Z,81.27,82.70,80.21,82.41,11104.75088727,82.41
2017-09-07T00:00:00.000Z,82.41,82.49,78.10,79.40,10169.73192929,79.40
2017-09-07T04:00:00.000Z,79.39,80.82,78.11,79.30,7377.68048399,79.30
2017-09-07T08:00:00.000Z,79.30,80.89,78.60,80.37,5003.91131726,80.37
2017-09-07T12:00:00.000Z,80.37,83.30,80.21,82.00,14593.77095617,82.00
2017-09-07T16:00:00.000Z,82.00,82.97,81.30,81.50,8333.01849104,81.50
2017-09-07T20:00:00.000Z,81.69,81.95,80.16,81.07,5240.62795454,81.07
2017-09-08T00:00:00.000Z,81.07,81.07,80.00,80.98,4894.46170196,80.98
2017-09-08T04:00:00.000Z,80.98,82.50,80.14,81.66,5439.66200373,81.66
2017-09-08T08:00:00.000Z,81.70,82.50,80.65,81.24,3602.84706492,81.24
2017-09-08T12:00:00.000Z,81.56,82.10,72.03,75.00,26630.42969005,75.00
2017-09-08T16:00:00.000Z,75.31,78.80,72.02,72.02,14580.63914492,72.02
2017-09-08T20:00:00.000Z,72.02,77.00,68.00,74.10,18411.48953453,74.10
2017-09-09T00:00:00.000Z,74.25,74.25,70.40,71.83,4690.17346723,71.83
2017-09-09T04:00:00.000Z,71.83,75.00,71.01,73.00,5257.78059948,73.00
2017-09-09T08:00:00.000Z,73.08,74.00,71.06,72.11,1483.82459940,72.11
2017-09-09T12:00:00.000Z,72.44,72.45,71.00,71.38,5027.93058270,71.38
2017-09-09T16:00:00.000Z,71.38,72.87,70.11,72.34,3648.77248520,72.34
2017-09-09T20:00:00.000Z,72.00,74.00,70.76,71.99,4287.89271704,71.99
2017-09-10T00:00:00.000Z,71.95,72.00,68.60,68.89,6029.94138630,68.89
2017-09-10T04:00:00.000Z,68.89,69.15,65.20,66.87,14214.43101683,66.87
2017-09-10T08:00:00.000Z,66.88,68.91,65.00,66.27,10598.53408645,66.27
2017-09-10T12:00:00.000Z,66.32,68.31,65.53,67.72,6109.88910351,67.72
2017-09-10T16:00:00.000Z,67.85,71.96,66.44,70.00,7246.94790205,70.00
2017-09-10T20:00:00.000Z,70.10,70.86,67.20,67.84,4976.46114099,67.84
2017-09-11T00:00:00.000Z,67.84,71.99,67.21,71.55,9458.72676382,71.55
2017-09-11T04:00:00.000Z,71.52,71.60,66.25,67.52,12006.77678135,67.52
2017-09-11T08:00:00.000Z,67.60,67.98,65.20,67.28,6487.41922260,67.28
2017-09-11T12:00:00.000Z,67.28,69.90,67.04,69.13,3224.52498190,69.13
2017-09-11T16:00:00.000Z,69.14,70.00,67.74,68.26,4422.89154752,68.26
2017-09-11T20:00:00.000Z,68.26,68.75,67.01,68.46,3959.80822978,68.46
2017-09-12T00:00:00.000Z,68.46,70.66,68.46,70.25,4311.49399902,70.25
2017-09-12T04:00:00.000Z,70.25,72.50,69.54,72.50,8372.75447212,72.50
2017-09-12T08:00:00.000Z,72.46,72.60,69.35,71.37,4908.22028814,71.37
2017-09-12T12:00:00.000Z,71.17,72.50,68.35,69.10,7279.37446598,69.10
2017-09-12T16:00:00.000Z,69.06,69.38,65.10,67.96,15322.17636016,67.96
2017-09-12T20:00:00.000Z,67.96,67.98,66.00,66.43,4636.16326064,66.43
2017-09-13T00:00:00.000Z,66.28,66.44,60.62,60.81,18373.76243097,60.81
2017-09-13T04:00:00.000Z,60.83,64.22,59.58,61.98,27234.05714766,61.98
2017-09-13T08:00:00.000Z,61.99,63.04,56.80,58.79,28250.80346382,58.79
2017-09-13T12:00:00.000Z,58.97,61.97,57.51,60.00,17162.43155009,60.00
2017-09-13T16:00:00.000Z,60.09,62.91,59.76,60.89,14303.32544002,60.89
2017-09-13T20:00:00.000Z,60.89,62.90,60.89,61.88,7351.32552280,61.88
2017-09-14T00:00:00.000Z,61.87,62.88,60.54,60.76,3830.03804214,60.76
2017-09-14T04:00:00.000Z,60.69,62.32,59.51,61.21,4819.70235265,61.21
2017-09-14T08:00:00.000Z,61.21,61.31,53.40,53.40,26108.83035746,53.40
2017-09-14T12:00:00.000Z,53.42,57.00,49.00,52.00,46234.83479917,52.00
2017-09-14T16:00:00.000Z,52.00,55.30,45.31,50.05,42399.17259491,50.05
2017-09-14T20:00:00.000Z,49.74,50.77,45.30,45.49,27627.10416521,45.49
2017-09-15T00:00:00.000Z,45.50,51.07,45.12,47.83,26387.57999620,47.83
2017-09-15T04:00:00.000Z,47.60,48.09,43.02,43.62,19762.16662191,43.62
2017-09-15T08:00:00.000Z,43.62,45.00,35.11,37.20,39577.92138055,37.20
2017-09-15T12:00:00.000Z,37.20,56.00,36.55,54.00,57125.02038212,54.00
2017-09-15T16:00:00.000Z,54.60,55.98,48.45,53.10,37375.84106539,53.10
2017-09-15T20:00:00.000Z,53.29,56.00,51.11,52.20,20733.00169923,52.20
2017-09-16T00:00:00.000Z,52.20,54.74,51.98,54.36,9034.11883482,54.36
2017-09-16T04:00:00.000Z,54.36,58.67,53.73,56.50,21837.36302567,56.50
2017-09-16T08:00:00.000Z,56.50,58.30,51.33,53.38,19119.95822059,53.38
2017-09-16T12:00:00.000Z,53.37,53.67,50.07,51.03,36321.16101605,51.03
2017-09-16T16:00:00.000Z,51.03,53.35,50.05,52.41,15951.63122030,52.41
2017-09-16T20:00:00.000Z,52.53,53.13,51.70,52.22,2192.53304803,52.22
2017-09-17T00:00:00.000Z,52.20,52.26,50.03,50.78,9449.52701760,50.78
2017-09-17T04:00:00.000Z,50.78,51.24,48.81,48.85,8853.94076924,48.85
2017-09-17T08:00:00.000Z,48.76,50.99,48.04,50.04,10620.57377575,50.04
2017-09-17T12:00:00.000Z,49.79,52.00,49.57,51.43,25310.51510149,51.43
2017-09-17T16:00:00.000Z,51.47,53.19,51.01,52.28,14901.34266474,52.28
2017-09-17T20:00:00.000Z,52.28,52.80,50.60,51.21,8445.80220002,51.21
2017-09-18T00:00:00.000Z,51.21,53.35,51.15,52.77,16931.73769503,52.77
2017-09-18T04:00:00.000Z,52.77,57.00,51.93,56.20,32919.19126287,56.20
2017-09-18T08:00:00.000Z,56.20,56.80,54.06,55.00,11240.86384195,55.00
2017-09-18T12:00:00.000Z,55.02,58.48,55.00,56.00,23309.20628936,56.00
2017-09-18T16:00:00.000Z,56.06,56.23,54.35,55.58,10839.77961202,55.58
2017-09-18T20:00:00.000Z,55.57,56.40,54.80,56.13,6595.74775337,56.13
2017-09-19T00:00:00.000Z,56.13,56.80,54.00,54.09,19146.55036544,54.09
2017-09-19T04:00:00.000Z,54.07,54.10,51.28,52.63,8847.80021067,52.63
2017-09-19T08:00:00.000Z,52.63,55.56,52.52,55.50,27724.32952475,55.50
2017-09-19T12:00:00.000Z,55.56,56.15,54.00,54.83,15297.89831717,54.83
2017-09-19T16:00:00.000Z,54.97,55.25,52.61,52.96,10458.68390037,52.96
2017-09-19T20:00:00.000Z,52.97,53.90,52.00,53.09,7908.59620879,53.09
2017-09-20T00:00:00.000Z,53.00,53.41,51.88,51.90,2825.74773897,51.90
2017-09-20T04:00:00.000Z,51.86,53.38,51.13,52.93,6810.10149682,52.93
2017-09-20T08:00:00.000Z,52.93,52.94,52.02,52.39,1476.32304198,52.39
2017-09-20T12:00:00.000Z,52.59,54.22,52.39,53.40,9694.17667256,53.40
2017-09-20T16:00:00.000Z,53.40,53.95,52.54,52.55,2757.38905591,52.55
2017-09-20T20:00:00.000Z,52.69,53.07,50.86,51.25,4951.25899924,51.25
2017-09-21T00:00:00.000Z,51.28,52.25,50.01,50.56,12839.07988627,50.56
2017-09-21T04:00:00.000Z,50.56,51.65,49.99,51.48,12066.91056172,51.48
2017-09-21T08:00:00.000Z,51.26,52.45,50.65,52.02,3687.92075061,52.02
2017-09-21T12:00:00.000Z,52.10,52.10,46.28,49.35,16283.47722494,49.35
2017-09-21T16:00:00.000Z,49.38,49.78,45.65,46.07,17197.58909575,46.07
2017-09-21T20:00:00.000Z,46.03,48.50,45.50,46.71,13357.99039317,46.71
2017-09-22T00:00:00.000Z,46.69,48.21,46.16,48.21,3852.19939048,48.21
2017-09-22T04:00:00.000Z,48.06,48.99,47.68,48.06,3921.79866706,48.06
2017-09-22T08:00:00.000Z,48.00,48.00,45.49,45.49,8950.22790857,45.49
2017-09-22T12:00:00.000Z,45.49,46.50,45.02,45.54,6581.89846540,45.54
2017-09-22T16:00:00.000Z,45.54,46.16,45.37,46.09,5998.19251260,46.09
2017-09-22T20:00:00.000Z,46.10,48.92,45.96,47.80,10865.96392442,47.80
2017-09-23T00:00:00.000Z,47.80,47.96,46.50,47.50,2257.72841078,47.50
2017-09-23T04:00:00.000Z,47.50,48.63,47.13,47.71,3189.28244184,47.71
2017-09-23T08:00:00.000Z,47.71,51.01,47.50,50.27,4999.14422722,50.27
2017-09-23T12:00:00.000Z,50.26,50.50,48.53,48.61,13636.69567407,48.61
2017-09-23T16:00:00.000Z,48.61,49.40,48.54,49.29,3761.56839752,49.29
2017-09-23T20:00:00.000Z,49.30,49.50,48.53,49.50,2488.66284808,49.50
2017-09-24T00:00:00.000Z,49.41,49.65,48.92,49.50,3373.00193168,49.50
2017-09-24T04:00:00.000Z,49.50,49.50,47.23,47.51,6675.46581036,47.51
2017-09-24T08:00:00.000Z,47.58,48.86,47.30,47.60,1396.34172516,47.60
2017-09-24T12:00:00.000Z,47.69,48.77,47.55,47.71,1990.33468606,47.71
2017-09-24T16:00:00.000Z,47.90,48.38,47.25,47.98,1831.24261266,47.98
2017-09-24T20:00:00.000Z,47.67,47.80,47.65,47.69,778.66346255,47.69
2017-09-25T00:00:00.000Z,47.69,48.95,47.31,47.96,6536.59558973,47.96
2017-09-25T04:00:00.000Z,48.37,49.00,48.35,48.60,1568.21453948,48.60
2017-09-25T08:00:00.000Z,48.59,49.17,48.10,48.60,3064.75708899,48.60
2017-09-25T12:00:00.000Z,48.60,52.47,48.59,52.30,11663.88702291,52.30
2017-09-25T16:00:00.000Z,52.30,53.42,51.50,52.69,16476.48263969,52.69
2017-09-25T20:00:00.000Z,52.67,52.98,52.07,52.37,7903.42058127,52.37
2017-09-26T00:00:00.000Z,52.26,52.66,52.10,52.10,3775.38598811,52.10
2017-09-26T04:00:00.000Z,52.10,52.47,51.30,52.13,3257.46207800,52.13
2017-09-26T08:00:00.000Z,52.18,53.50,51.87,53.50,3030.42861682,53.50
2017-09-26T12:00:00.000Z,53.46,54.30,52.76,53.16,8952.39061856,53.16
2017-09-26T16:00:00.000Z,53.17,54.25,52.51,53.07,11222.65562178,53.07
2017-09-26T20:00:00.000Z,53.03,53.26,52.00,52.00,8094.18142951,52.00
2017-09-27T00:00:00.000Z,52.10,52.99,52.01,52.68,3589.72021496,52.68
2017-09-27T04:00:00.000Z,52.68,53.59,52.35,53.10,8636.78226062,53.10
2017-09-27T08:00:00.000Z,53.12,55.25,52.80,54.20,6501.16178624,54.20
2017-09-27T12:00:00.000Z,54.17,55.12,54.05,54.56,5845.96384053,54.56
2017-09-27T16:00:00.000Z,54.50,56.85,54.30,56.84,14156.42544330,56.84
2017-09-27T20:00:00.000Z,56.84,57.48,56.18,57.00,12813.99731270,57.00
2017-09-28T00:00:00.000Z,57.00,57.00,56.00,56.44,12897.89344269,56.44
2017-09-28T04:00:00.000Z,56.45,57.97,56.43,56.68,6566.21119059,56.68
2017-09-28T08:00:00.000Z,56.69,57.89,54.80,55.34,10075.62150457,55.34
2017-09-28T12:00:00.000Z,55.36,56.21,54.13,54.74,15217.75526383,54.74
2017-09-28T16:00:00.000Z,54.67,55.91,53.75,54.31,10677.47014073,54.31
2017-09-28T20:00:00.000Z,54.31,55.12,53.95,55.12,7147.29759117,55.12
2017-09-29T00:00:00.000Z,54.94,55.15,50.16,50.90,14738.28484364,50.90
2017-09-29T04:00:00.000Z,51.07,52.79,50.67,52.19,8361.30720729,52.19
2017-09-29T08:00:00.000Z,52.30,53.96,51.41,53.66,5119.82577095,53.66
2017-09-29T12:00:00.000Z,53.54,54.68,52.91,53.50,6584.15000701,53.50
2017-09-29T16:00:00.000Z,53.68,54.49,53.12,53.15,4972.44292755,53.15
2017-09-29T20:00:00.000Z,53.29,54.47,52.65,52.92,8408.59899380,52.92
2017-09-30T00:00:00.000Z,52.92,54.50,52.81,54.21,3031.99937685,54.21
2017-09-30T04:00:00.000Z,54.05,55.80,54.00,55.10,2439.65107381,55.10
2017-09-30T08:00:00.000Z,55.10,55.50,54.70,55.10,2884.99773308,55.10
2017-09-30T12:00:00.000Z,55.10,55.96,54.71,55.72,3593.97244441,55.72
2017-09-30T16:00:00.000Z,55.51,56.12,55.40,55.58,3666.91799344,55.58
2017-09-30T20:00:00.000Z,55.62,56.00,55.11,55.65,3166.48484871,55.65
2017-10-01T00:00:00.000Z,55.56,55.69,54.32,54.80,3323.31826464,54.80
2017-10-01T04:00:00.000Z,54.63,54.97,54.49,54.84,3343.28240984,54.84
2017-10-01T08:00:00.000Z,54.83,54.84,54.29,54.38,1658.47479771,54.38
2017-10-01T12:00:00.000Z,54.38,54.39,53.35,54.17,5245.88230969,54.17
2017-10-01T16:00:00.000Z,54.17,54.55,53.82,54.11,3085.43731713,54.11
2017-10-01T20:00:00.000Z,54.10,55.30,53.93,54.68,3439.16134504,54.68
2017-10-02T00:00:00.000Z,54.77,55.22,54.50,54.56,4791.50917864,54.56
2017-10-02T04:00:00.000Z,54.58,54.80,54.26,54.46,2575.09808413,54.46
2017-10-02T08:00:00.000Z,54.46,55.09,54.09,54.11,1983.58539217,54.11
2017-10-02T12:00:00.000Z,54.15,54.33,53.50,53.70,3638.35327539,53.70
2017-10-02T16:00:00.000Z,53.70,54.48,53.01,53.54,3690.47879231,53.54
2017-10-02T20:00:00.000Z,53.54,53.55,53.05,53.18,820.94561660,53.18
2017-10-03T00:00:00.000Z,53.23,53.63,53.10,53.30,1403.85909849,53.30
2017-10-03T04:00:00.000Z,53.35,53.48,51.40,51.74,10239.09889005,51.74
2017-10-03T08:00:00.000Z,51.71,52.47,51.37,52.11,6988.21475477,52.11
2017-10-03T12:00:00.000Z,52.01,52.11,51.21,51.91,4170.15000274,51.91
2017-10-03T16:00:00.000Z,51.92,52.36,51.63,51.82,3725.95454081,51.82
2017-10-03T20:00:00.000Z,51.82,52.20,51.58,52.14,1493.28608427,52.14
2017-10-04T00:00:00.000Z,52.14,52.18,51.84,52.12,335.65114509,52.12
2017-10-04T04:00:00.000Z,52.01,53.41,51.90,52.76,2378.41219486,52.76
2017-10-04T08:00:00.000Z,52.72,52.94,51.76,52.03,1737.64353622,52.03
2017-10-04T12:00:00.000Z,51.98,52.40,51.30,51.52,3969.53999043,51.52
2017-10-04T16:00:00.000Z,51.61,51.72,50.82,51.00,7468.08595114,51.00
2017-10-04T20:00:00.000Z,51.00,52.09,50.50,51.01,3797.94141264,51.01
2017-10-05T00:00:00.000Z,51.01,51.35,50.57,50.66,6396.40521740,50.66
2017-10-05T04:00:00.000Z,50.71,50.88,50.00,50.42,3005.75711165,50.42
2017-10-05T08:00:00.000Z,50.42,51.35,50.07,50.75,1772.04395205,50.75
2017-10-05T12:00:00.000Z,50.79,51.75,50.79,51.42,2413.65472392,51.42
2017-10-05T16:00:00.000Z,51.47,51.95,51.24,51.80,2348.46377388,51.80
2017-10-05T20:00:00.000Z,51.80,52.00,51.36,51.66,2350.31583259,51.66
2017-10-06T00:00:00.000Z,51.66,51.74,51.05,51.65,1128.00260577,51.65
2017-10-06T04:00:00.000Z,51.65,52.97,51.47,52.57,4073.98065440,52.57
2017-10-06T08:00:00.000Z,52.57,52.85,52.00,52.78,1071.59532487,52.78
2017-10-06T12:00:00.000Z,52.78,52.79,51.90,52.56,1477.14533145,52.56
2017-10-06T16:00:00.000Z,52.56,52.79,51.93,52.08,1452.48020231,52.08
2017-10-06T20:00:00.000Z,52.08,52.25,51.62,52.08,2358.41875859,52.08
2017-10-07T00:00:00.000Z,52.12,52.12,51.51,51.77,2346.96121300,51.77
2017-10-07T04:00:00.000Z,51.82,52.00,51.58,51.65,925.68823422,51.65
2017-10-07T08:00:00.000Z,51.75,51.92,51.38,51.56,982.73524593,51.56
2017-10-07T12:00:00.000Z,51.56,51.93,51.49,51.71,356.23189900,51.71
2017-10-07T16:00:00.000Z,51.71,52.00,51.59,51.77,1638.79993724,51.77
2017-10-07T20:00:00.000Z,51.77,52.86,51.53,52.52,2810.31223885,52.52
2017-10-08T00:00:00.000Z,52.37,52.64,52.00,52.00,2473.86764381,52.00
2017-10-08T04:00:00.000Z,52.22,52.67,52.07,52.30,571.10003438,52.30
2017-10-08T08:00:00.000Z,52.30,52.55,52.11,52.44,904.55314010,52.44
2017-10-08T12:00:00.000Z,52.44,53.16,52.06,53.16,3146.82445908,53.16
2017-10-08T16:00:00.000Z,53.15,54.48,53.15,53.94,10146.29425827,53.94
2017-10-08T20:00:00.000Z,53.94,54.20,53.13,53.14,3461.01378411,53.14
2017-10-09T00:00:00.000Z,53.33,53.33,52.38,52.55,3560.56693427,52.55
2017-10-09T04:00:00.000Z,52.55,52.77,51.95,52.00,815.29445356,52.00
2017-10-09T08:00:00.000Z,52.02,52.13,51.53,51.88,1024.15459397,51.88
2017-10-09T12:00:00.000Z,51.88,52.14,51.21,51.21,3699.82668397,51.21
2017-10-09T16:00:00.000Z,51.20,51.46,48.11,49.34,10711.61706574,49.34
2017-10-09T20:00:00.000Z,49.37,50.63,48.90,50.08,5037.16221196,50.08
2017-10-10T00:00:00.000Z,50.06,50.81,48.20,50.32,8233.16459478,50.32
2017-10-10T04:00:00.000Z,50.40,50.65,49.76,49.88,2256.30762163,49.88
2017-10-10T08:00:00.000Z,49.81,50.22,49.57,49.88,2240.02574464,49.88
2017-10-10T12:00:00.000Z,49.73,51.64,49.07,50.71,6211.27766949,50.71
2017-10-10T16:00:00.000Z,50.75,51.15,50.30,50.60,3053.83254506,50.60
2017-10-10T20:00:00.000Z,50.60,51.18,50.20,50.62,2732.26525894,50.62
2017-10-11T00:00:00.000Z,50.57,51.19,49.50,50.23,6141.55421981,50.23
2017-10-11T04:00:00.000Z,50.13,50.57,49.67,50.39,3666.44418225,50.39
2017-10-11T08:00:00.000Z,50.39,50.48,50.23,50.39,973.50698667,50.39
2017-10-11T12:00:00.000Z,50.39,50.98,50.17,50.98,2396.52110995,50.98
2017-10-11T16:00:00.000Z,50.98,51.23,50.00,50.93,2337.07721372,50.93
2017-10-11T20:00:00.000Z,50.91,50.93,50.60,50.75,1270.12875228,50.75
2017-10-12T00:00:00.000Z,50.75,51.11,50.54,50.92,3397.94577302,50.92
2017-10-12T04:00:00.000Z,50.93,51.10,50.70,50.92,1506.03560545,50.92
2017-10-12T08:00:00.000Z,50.94,52.62,50.64,52.62,8776.79575136,52.62
2017-10-12T12:00:00.000Z,52.62,54.65,52.45,54.65,8590.80496923,54.65
2017-10-12T16:00:00.000Z,54.65,61.23,53.57,56.66,45153.68886149,56.66
2017-10-12T20:00:00.000Z,56.73,59.53,55.76,59.39,14120.74510879,59.39
2017-10-13T00:00:00.000Z,59.39,60.83,56.74,57.65,26095.96415530,57.65
2017-10-13T04:00:00.000Z,57.53,58.34,55.20,56.96,10860.89788533,56.96
2017-10-13T08:00:00.000Z,56.79,59.00,55.73,58.31,8247.36724019,58.31
2017-10-13T12:00:00.000Z,58.35,59.87,57.35,58.95,9178.00821951,58.95
2017-10-13T16:00:00.000Z,58.85,59.49,57.00,57.55,6407.68901649,57.55
2017-10-13T20:00:00.000Z,57.62,58.84,57.50,58.80,5863.99688263,58.80
2017-10-14T00:00:00.000Z,58.84,59.70,58.20,59.39,4166.81755515,59.39
2017-10-14T04:00:00.000Z,59.12,59.49,58.04,58.51,4581.52287482,58.51
2017-10-14T08:00:00.000Z,58.51,60.50,58.47,60.50,10618.82645190,60.50
2017-10-14T12:00:00.000Z,60.57,66.40,60.00,65.80,20271.45033151,65.80
2017-10-14T16:00:00.000Z,65.80,66.02,63.60,63.60,15096.60196962,63.60
2017-10-14T20:00:00.000Z,63.45,65.15,63.33,63.80,3901.06811022,63.80
2017-10-15T00:00:00.000Z,63.76,68.08,63.76,67.50,7626.14849397,67.50
2017-10-15T04:00:00.000Z,67.50,69.62,66.92,68.91,11163.68144003,68.91
2017-10-15T08:00:00.000Z,68.92,68.92,62.31,63.01,13460.26736429,63.01
2017-10-15T12:00:00.000Z,63.03,65.78,62.70,64.00,6092.89408271,64.00
2017-10-15T16:00:00.000Z,64.01,64.31,62.11,63.83,7299.75073262,63.83
2017-10-15T20:00:00.000Z,63.96,66.00,63.00,65.31,7908.67359656,65.31
2017-10-16T00:00:00.000Z,65.43,66.00,63.60,63.69,5884.76516070,63.69
2017-10-16T04:00:00.000Z,63.68,64.58,62.50,62.69,4587.56118537,62.69
2017-10-16T08:00:00.000Z,62.69,65.38,62.56,65.10,2963.78776763,65.10
2017-10-16T12:00:00.000Z,65.10,65.24,63.00,64.09,3383.53752168,64.09
2017-10-16T16:00:00.000Z,64.03,65.00,63.56,64.40,6188.75824798,64.40
2017-10-16T20:00:00.000Z,64.40,65.00,64.00,64.60,1813.05674328,64.60
2017-10-17T00:00:00.000Z,64.58,64.87,61.57,62.48,3525.87554271,62.48
2017-10-17T04:00:00.000Z,62.41,62.91,61.28,62.05,3279.02837055,62.05
2017-10-17T08:00:00.000Z,62.19,63.07,59.36,59.36,4486.64737591,59.36
2017-10-17T12:00:00.000Z,59.87,62.29,59.42,60.93,4835.89357760,60.93
2017-10-17T16:00:00.000Z,60.89,60.90,58.59,60.74,2772.86639972,60.74
2017-10-17T20:00:00.000Z,60.74,60.79,58.00,59.37,7136.34384339,59.37
2017-10-18T00:00:00.000Z,59.37,59.45,56.51,56.99,8957.34798137,56.99
2017-10-18T04:00:00.000Z,56.97,58.80,55.00,55.71,4913.79696409,55.71
2017-10-18T08:00:00.000Z,55.30,58.49,54.76,55.77,3082.20907590,55.77
2017-10-18T12:00:00.000Z,55.77,56.75,53.00,56.74,6076.43116419,56.74
2017-10-18T16:00:00.000Z,56.74,60.49,56.33,57.93,9733.30716193,57.93
2017-10-18T20:00:00.000Z,57.94,62.49,57.39,60.89,8948.53934817,60.89
2017-10-19T00:00:00.000Z,60.89,61.50,58.37,60.37,4988.44448105,60.37
2017-10-19T04:00:00.000Z,60.38,60.76,58.50,58.99,2568.29392586,58.99
2017-10-19T08:00:00.000Z,58.86,61.48,58.86,60.51,2094.56959668,60.51
2017-10-19T12:00:00.000Z,60.59,61.11,59.00,59.02,3620.79654113,59.02
2017-10-19T16:00:00.000Z,59.00,60.35,58.65,59.00,3045.98388184,59.00
2017-10-19T20:00:00.000Z,59.00,60.00,58.80,59.80,870.74681920,59.80
2017-10-20T00:00:00.000Z,59.78,60.48,59.75,59.75,1868.49748326,59.75
2017-10-20T04:00:00.000Z,59.75,60.04,58.85,58.99,1142.73080474,58.99
2017-10-20T08:00:00.000Z,58.95,59.22,58.50,58.77,1317.38873788,58.77
2017-10-20T12:00:00.000Z,58.90,62.43,58.55,61.70,7568.92949087,61.70
2017-10-20T16:00:00.000Z,62.42,62.80,60.31,61.35,7342.63930025,61.35
2017-10-20T20:00:00.000Z,61.30,62.00,60.04,60.04,4413.33334471,60.04
2017-10-21T00:00:00.000Z,60.04,60.22,59.31,60.01,2354.14574013,60.01
2017-10-21T04:00:00.000Z,60.06,60.08,57.71,58.55,4140.55586782,58.55
2017-10-21T08:00:00.000Z,58.72,59.33,57.77,59.13,1982.06629174,59.13
2017-10-21T12:00:00.000Z,59.03,59.60,57.47,57.47,4289.13314806,57.47
2017-10-21T16:00:00.000Z,57.47,57.94,56.50,57.91,4526.87270931,57.91
2017-10-21T20:00:00.000Z,57.94,58.78,57.57,58.11,1916.08338519,58.11
2017-10-22T00:00:00.000Z,58.12,58.78,57.56,58.64,934.30017806,58.64
2017-10-22T04:00:00.000Z,58.64,58.64,57.00,57.45,3547.24421361,57.45
2017-10-22T08:00:00.000Z,57.45,57.45,56.21,56.62,942.98086241,56.62
2017-10-22T12:00:00.000Z,56.62,57.42,56.20,57.40,1695.26085682,57.40
2017-10-22T16:00:00.000Z,57.40,57.97,56.64,56.64,404.92265519,56.64
2017-10-22T20:00:00.000Z,56.64,57.37,56.03,56.69,448.30471855,56.69
2017-10-23T00:00:00.000Z,56.69,57.04,55.61,55.61,3647.20139806,55.61
2017-10-23T04:00:00.000Z,55.61,55.90,54.70,54.70,3436.58995235,54.70
2017-10-23T08:00:00.000Z,54.65,55.87,53.65,55.22,5577.90673979,55.22
2017-10-23T12:00:00.000Z,55.27,55.27,53.00,53.70,7180.40130531,53.70
2017-10-23T16:00:00.000Z,53.53,55.20,53.11,54.90,3448.97412075,54.90
2017-10-23T20:00:00.000Z,54.90,55.86,54.06,54.66,2612.03777493,54.66
2017-10-24T00:00:00.000Z,54.72,59.90,53.30,56.19,8501.21617719,56.19
2017-10-24T04:00:00.000Z,56.20,58.48,56.19,57.54,8233.43029863,57.54
2017-10-24T08:00:00.000Z,57.67,58.99,56.90,58.68,3152.48724611,58.68
2017-10-24T12:00:00.000Z,58.68,59.40,57.63,57.96,4702.76114781,57.96
2017-10-24T16:00:00.000Z,57.96,58.40,56.87,58.21,3577.07759212,58.21
2017-10-24T20:00:00.000Z,58.21,58.21,55.78,55.99,3843.05651969,55.99
2017-10-25T00:00:00.000Z,55.90,56.28,54.10,55.81,3799.00844139,55.81
2017-10-25T04:00:00.000Z,55.64,56.08,54.85,55.92,2810.71676741,55.92
2017-10-25T08:00:00.000Z,55.92,56.30,54.60,54.93,1959.30537651,54.93
2017-10-25T12:00:00.000Z,54.91,55.77,54.50,54.90,3509.26901867,54.90
2017-10-25T16:00:00.000Z,54.90,56.25,54.50,56.03,3173.70974204,56.03
2017-10-25T20:00:00.000Z,56.06,57.23,55.24,56.39,1854.90407362,56.39
2017-10-26T00:00:00.000Z,56.39,56.43,55.80,56.26,1005.98589242,56.26
2017-10-26T04:00:00.000Z,56.25,56.34,55.42,55.42,1978.09882895,55.42
2017-10-26T08:00:00.000Z,55.75,56.87,55.48,56.80,2013.42157745,56.80
2017-10-26T12:00:00.000Z,56.80,57.50,56.04,56.39,3301.74859579,56.39
2017-10-26T16:00:00.000Z,56.37,56.52,55.01,55.34,1319.54187419,55.34
2017-10-26T20:00:00.000Z,55.34,56.28,55.13,55.56,1198.98855601,55.56
2017-10-27T00:00:00.000Z,55.56,56.17,55.22,55.28,1138.45609332,55.28
2017-10-27T04:00:00.000Z,55.47,55.61,55.06,55.42,1444.75337823,55.42
2017-10-27T08:00:00.000Z,55.59,55.60,55.03,55.35,836.55984072,55.35
2017-10-27T12:00:00.000Z,55.43,56.15,55.00,55.14,2303.55836084,55.14
2017-10-27T16:00:00.000Z,55.39,55.45,55.00,55.07,1982.17935893,55.07
2017-10-27T20:00:00.000Z,55.07,55.44,55.00,55.17,1190.13895029,55.17
2017-10-28T00:00:00.000Z,55.17,55.87,54.71,55.04,1876.35168957,55.04
2017-10-28T04:00:00.000Z,55.18,55.51,54.83,55.47,753.66599514,55.47
2017-10-28T08:00:00.000Z,55.24,55.41,54.65,54.65,496.13195778,54.65
2017-10-28T12:00:00.000Z,54.66,54.90,54.00,54.61,1672.41263930,54.61
2017-10-28T16:00:00.000Z,54.34,54.69,54.05,54.66,819.83829227,54.66
2017-10-28T20:00:00.000Z,54.66,54.66,54.06,54.24,970.14631250,54.24
2017-10-29T00:00:00.000Z,54.18,54.55,54.05,54.35,441.33838059,54.35
2017-10-29T04:00:00.000Z,54.35,54.83,53.93,54.82,9892.07006123,54.82
2017-10-29T08:00:00.000Z,54.80,54.83,53.02,54.51,6122.04133689,54.51
2017-10-29T12:00:00.000Z,54.51,56.53,54.50,56.45,13543.31981613,56.45
2017-10-29T16:00:00.000Z,56.53,57.00,56.25,56.89,3239.30723004,56.89
2017-10-29T20:00:00.000Z,56.89,57.50,56.00,56.75,4566.44677337,56.75
2017-10-30T00:00:00.000Z,56.53,57.04,55.70,56.64,3325.56001274,56.64
2017-10-30T04:00:00.000Z,56.64,58.00,55.88,57.67,5025.06233122,57.67
2017-10-30T08:00:00.000Z,57.67,58.01,56.50,56.91,2601.73770510,56.91
2017-10-30T12:00:00.000Z,56.94,57.20,56.01,56.53,2011.07398733,56.53
2017-10-30T16:00:00.000Z,56.53,56.84,56.10,56.34,1506.28703580,56.34
2017-10-30T20:00:00.000Z,56.38,56.51,55.90,56.29,1251.97916622,56.29
2017-10-31T00:00:00.000Z,56.30,56.60,56.13,56.35,1140.11916801,56.35
2017-10-31T04:00:00.000Z,56.46,56.54,55.51,55.89,2309.19807512,55.89
2017-10-31T08:00:00.000Z,55.89,56.48,55.54,56.37,1982.45486183,56.37
2017-10-31T12:00:00.000Z,56.37,56.48,55.00,56.00,3020.13472484,56.00
2017-10-31T16:00:00.000Z,56.03,56.30,55.02,55.75,2439.39305494,55.75
2017-10-31T20:00:00.000Z,55.80,56.25,55.31,55.47,1818.96421895,55.47
2017-11-01T00:00:00.000Z,55.44,55.70,55.03,55.45,2247.31916400,55.45
2017-11-01T04:00:00.000Z,55.45,55.45,55.00,55.41,3032.56815563,55.41
2017-11-01T08:00:00.000Z,55.36,55.48,54.65,54.69,5237.69646819,54.69
2017-11-01T12:00:00.000Z,54.78,55.70,54.55,55.05,3611.77066043,55.05
2017-11-01T16:00:00.000Z,55.05,55.07,54.51,54.79,4254.57369292,54.79
2017-11-01T20:00:00.000Z,54.67,54.96,53.01,53.46,4460.11132994,53.46
2017-11-02T00:00:00.000Z,53.11,53.50,50.98,51.38,8829.86505326,51.38
2017-11-02T04:00:00.000Z,51.38,53.44,51.00,51.50,8888.38638712,51.50
2017-11-02T08:00:00.000Z,51.50,53.09,50.50,52.65,9316.96094942,52.65
2017-11-02T12:00:00.000Z,52.50,53.11,51.48,53.02,4363.32404645,53.02
2017-11-02T16:00:00.000Z,52.77,54.88,52.50,54.88,4979.34065893,54.88
2017-11-02T20:00:00.000Z,54.87,54.88,53.15,54.19,2696.36362820,54.19
2017-11-03T00:00:00.000Z,53.69,55.67,53.63,54.64,5205.45841145,54.64
2017-11-03T04:00:00.000Z,54.54,54.70,53.81,54.25,3241.68339346,54.25
2017-11-03T08:00:00.000Z,54.09,54.50,53.52,54.47,6483.07698404,54.47
2017-11-03T12:00:00.000Z,54.45,55.30,54.18,55.30,5628.11228366,55.30
2017-11-03T16:00:00.000Z,55.30,55.30,54.55,54.98,2322.04498555,54.98
2017-11-03T20:00:00.000Z,54.98,57.29,53.51,55.98,5221.29862057,55.98
2017-11-04T00:00:00.000Z,55.70,56.21,54.01,55.00,5603.75370391,55.00
2017-11-04T04:00:00.000Z,55.00,55.33,54.81,55.12,1069.24167544,55.12
2017-11-04T08:00:00.000Z,55.12,55.12,54.00,54.63,3462.84104833,54.63
2017-11-04T12:00:00.000Z,54.96,55.80,54.96,55.39,2043.80696444,55.39
2017-11-04T16:00:00.000Z,55.39,55.70,54.88,54.88,915.93700915,54.88
2017-11-04T20:00:00.000Z,55.34,55.38,54.62,54.89,1165.66485739,54.89
2017-11-05T00:00:00.000Z,54.69,54.95,54.33,54.83,627.67766073,54.83
2017-11-05T04:00:00.000Z,54.83,55.20,54.55,54.83,1018.22493551,54.83
2017-11-05T08:00:00.000Z,54.83,55.11,54.58,54.75,655.00691373,54.75
2017-11-05T12:00:00.000Z,54.92,54.95,53.06,54.61,3752.54317511,54.61
2017-11-05T16:00:00.000Z,54.61,54.93,53.61,54.80,1127.45277930,54.80
2017-11-05T20:00:00.000Z,54.80,55.15,54.25,54.42,1050.62259496,54.42
2017-11-06T00:00:00.000Z,54.46,54.56,53.76,53.86,847.03936837,53.86
2017-11-06T04:00:00.000Z,53.89,54.23,53.06,54.09,3446.47836289,54.09
2017-11-06T08:00:00.000Z,54.09,55.30,53.99,55.30,12196.58707646,55.30
2017-11-06T12:00:00.000Z,55.30,55.53,54.88,55.53,11427.10099299,55.53
2017-11-06T16:00:00.000Z,55.51,55.53,54.92,55.40,3061.52220215,55.40
2017-11-06T20:00:00.000Z,55.38,55.50,54.59,54.61,1211.55722706,54.61
2017-11-07T00:00:00.000Z,54.61,55.46,54.30,55.46,10614.10396468,55.46
2017-11-07T04:00:00.000Z,55.46,55.53,54.88,55.20,7483.79619584,55.20
2017-11-07T08:00:00.000Z,55.20,55.53,54.60,55.53,14705.86546377,55.53
2017-11-07T12:00:00.000Z,55.53,58.00,55.03,57.15,29849.28693124,57.15
2017-11-07T16:00:00.000Z,57.24,62.10,57.02,60.28,16523.43430046,60.28
2017-11-07T20:00:00.000Z,60.73,63.50,60.00,60.60,13939.56021807,60.60
2017-11-08T00:00:00.000Z,60.60,62.50,59.73,61.00,24934.10754136,61.00
2017-11-08T04:00:00.000Z,61.00,62.50,60.11,62.50,8674.28131591,62.50
2017-11-08T08:00:00.000Z,62.13,63.22,61.25,62.49,14580.20257986,62.49
2017-11-08T12:00:00.000Z,62.30,62.69,61.48,61.73,3089.68816884,61.73
2017-11-08T16:00:00.000Z,61.88,63.93,60.00,63.00,10921.01834009,63.00
2017-11-08T20:00:00.000Z,62.92,63.23,61.57,62.16,5725.31072214,62.16
2017-11-09T00:00:00.000Z,62.29,63.87,62.04,63.39,10137.28797700,63.39
2017-11-09T04:00:00.000Z,63.47,63.88,63.01,63.58,4447.65642359,63.58
2017-11-09T08:00:00.000Z,63.57,63.90,62.00,62.30,5157.78725494,62.30
2017-11-09T12:00:00.000Z,62.29,63.86,61.81,62.90,5033.13314265,62.90
2017-11-09T16:00:00.000Z,62.90,66.45,62.90,66.45,13849.44767973,66.45
2017-11-09T20:00:00.000Z,66.45,66.95,64.01,64.24,8314.12039281,64.24
2017-11-10T00:00:00.000Z,64.24,65.90,64.24,64.50,4766.78249187,64.50
2017-11-10T04:00:00.000Z,64.68,65.10,64.07,64.44,4450.77171510,64.44
2017-11-10T08:00:00.000Z,64.44,65.10,62.82,63.30,10187.77957375,63.30
2017-11-10T12:00:00.000Z,63.63,63.64,57.00,61.00,10101.79075055,61.00
2017-11-10T16:00:00.000Z,61.00,62.98,55.78,58.30,14282.46034299,58.30
2017-11-10T20:00:00.000Z,58.03,61.48,57.01,58.80,9898.08424808,58.80
2017-11-11T00:00:00.000Z,58.80,60.70,58.00,59.70,4970.25925497,59.70
2017-11-11T04:00:00.000Z,59.71,63.99,59.50,61.30,6123.93460764,61.30
2017-11-11T08:00:00.000Z,61.30,62.38,59.02,59.40,2548.56525219,59.40
2017-11-11T12:00:00.000Z,59.38,61.46,56.00,60.10,15234.49986658,60.10
2017-11-11T16:00:00.000Z,60.00,63.79,57.23,62.56,12803.03342181,62.56
2017-11-11T20:00:00.000Z,62.83,63.00,61.33,61.88,5926.41217763,61.88
2017-11-12T00:00:00.000Z,61.89,62.23,58.50,60.00,5326.70234116,60.00
2017-11-12T04:00:00.000Z,60.00,61.82,57.00,57.37,13688.50474424,57.37
2017-11-12T08:00:00.000Z,58.00,59.95,57.37,58.77,5330.50420073,58.77
2017-11-12T12:00:00.000Z,58.78,60.00,57.70,59.00,8367.84669817,59.00
2017-11-12T16:00:00.000Z,59.11,60.09,58.02,59.00,5545.28098854,59.00
2017-11-12T20:00:00.000Z,59.25,59.50,57.77,57.78,1815.78436251,57.78
