"Index","KrakenXmrUsd.Open","KrakenXmrUsd.High","KrakenXmrUsd.Low","KrakenXmrUsd.Close","KrakenXmrUsd.Volume","KrakenXmrUsd.Adjusted"
2017-07-16T00:00:00.000Z,32.01,32.40,30.50,31.41,1080.12627392,31.41
2017-07-16T04:00:00.000Z,31.96,31.99,30.36,31.13,1693.96089290,31.13
2017-07-16T08:00:00.000Z,31.44,31.47,29.44,29.70,1265.00576925,29.70
2017-07-16T12:00:00.000Z,29.44,30.16,27.51,29.88,2118.69999435,29.88
2017-07-16T16:00:00.000Z,29.93,30.56,28.77,28.77,544.19235336,28.77
2017-07-16T20:00:00.000Z,28.77,29.39,28.40,28.82,645.91621902,28.82
2017-07-17T00:00:00.000Z,29.43,31.49,28.99,30.60,2301.12857253,30.60
2017-07-17T04:00:00.000Z,30.48,33.38,30.48,32.79,940.96924026,32.79
2017-07-17T08:00:00.000Z,32.44,32.93,31.50,31.50,1782.04766408,31.50
2017-07-17T12:00:00.000Z,31.80,33.08,31.39,32.68,1201.78248019,32.68
2017-07-17T16:00:00.000Z,32.50,34.35,32.28,33.65,2150.25206498,33.65
2017-07-17T20:00:00.000Z,33.84,35.23,33.84,34.61,1939.25884011,34.61
2017-07-18T00:00:00.000Z,34.61,35.05,33.49,33.57,1267.69016475,33.57
2017-07-18T04:00:00.000Z,33.57,34.82,33.21,34.82,4559.36382294,34.82
2017-07-18T08:00:00.000Z,34.65,34.93,33.93,34.89,352.58370795,34.89
2017-07-18T12:00:00.000Z,34.95,37.05,34.83,36.50,2186.71228807,36.50
2017-07-18T16:00:00.000Z,37.04,38.05,35.76,38.05,3156.09043911,38.05
2017-07-18T20:00:00.000Z,37.30,38.22,35.00,36.47,2851.98771866,36.47
2017-07-19T00:00:00.000Z,36.70,36.76,35.63,36.68,827.81739769,36.68
2017-07-19T04:00:00.000Z,36.30,37.58,35.90,37.57,847.15502460,37.57
2017-07-19T08:00:00.000Z,37.57,37.70,36.65,37.49,1354.68850982,37.49
2017-07-19T12:00:00.000Z,37.00,37.49,36.18,36.48,563.19574045,36.48
2017-07-19T16:00:00.000Z,36.74,36.74,33.66,33.66,1203.44788284,33.66
2017-07-19T20:00:00.000Z,33.66,35.87,33.66,34.86,781.73510690,34.86
2017-07-20T00:00:00.000Z,34.86,37.49,34.85,36.18,410.11855823,36.18
2017-07-20T04:00:00.000Z,36.42,37.34,36.00,36.42,120.28801862,36.42
2017-07-20T08:00:00.000Z,36.91,38.23,36.10,38.22,762.07815316,38.22
2017-07-20T12:00:00.000Z,38.22,41.49,37.70,40.20,3050.36720500,40.20
2017-07-20T16:00:00.000Z,40.20,40.99,39.43,40.06,553.92016530,40.06
2017-07-20T20:00:00.000Z,40.35,43.05,40.35,41.42,1328.60962426,41.42
2017-07-21T00:00:00.000Z,40.36,41.96,40.04,40.04,714.42423799,40.04
2017-07-21T04:00:00.000Z,40.99,41.38,40.20,41.38,390.56660609,41.38
2017-07-21T08:00:00.000Z,41.38,41.38,40.58,41.38,430.94563989,41.38
2017-07-21T12:00:00.000Z,41.38,42.06,40.87,41.49,781.13965954,41.49
2017-07-21T16:00:00.000Z,41.49,42.58,39.64,39.64,1147.20960336,39.64
2017-07-21T20:00:00.000Z,39.91,40.78,39.50,40.29,313.01970188,40.29
2017-07-22T00:00:00.000Z,40.02,41.67,40.00,41.46,477.83336688,41.46
2017-07-22T04:00:00.000Z,40.88,41.12,40.81,41.12,3.99691136,41.12
2017-07-22T08:00:00.000Z,41.79,42.09,40.90,41.31,170.15967118,41.31
2017-07-22T12:00:00.000Z,41.28,41.61,40.30,41.45,511.90608808,41.45
2017-07-22T16:00:00.000Z,41.61,43.99,40.92,43.33,2238.91771137,43.33
2017-07-22T20:00:00.000Z,42.84,44.99,42.84,44.96,524.58205008,44.96
2017-07-23T00:00:00.000Z,44.96,44.96,43.90,44.77,594.55930582,44.77
2017-07-23T04:00:00.000Z,43.90,44.75,42.83,42.83,541.95490306,42.83
2017-07-23T08:00:00.000Z,42.83,43.04,41.68,41.68,492.52104567,41.68
2017-07-23T12:00:00.000Z,41.89,44.24,41.66,43.43,672.06029775,43.43
2017-07-23T16:00:00.000Z,43.43,43.69,42.93,43.09,372.68023364,43.09
2017-07-23T20:00:00.000Z,43.37,43.61,42.39,42.70,331.10878779,42.70
2017-07-24T00:00:00.000Z,42.53,43.33,42.21,42.72,754.10052570,42.72
2017-07-24T04:00:00.000Z,42.88,42.94,41.76,42.28,519.16166661,42.28
2017-07-24T08:00:00.000Z,42.66,43.55,41.99,43.37,354.72997706,43.37
2017-07-24T12:00:00.000Z,43.55,44.98,42.70,44.98,1048.18853129,44.98
2017-07-24T16:00:00.000Z,45.00,45.00,43.38,44.59,649.59840892,44.59
2017-07-24T20:00:00.000Z,44.59,46.03,44.36,46.03,1921.63763163,46.03
2017-07-25T00:00:00.000Z,45.82,45.97,44.37,44.84,50.19184108,44.84
2017-07-25T04:00:00.000Z,45.38,45.60,42.29,42.30,2221.91829877,42.30
2017-07-25T08:00:00.000Z,42.30,44.90,37.10,40.34,924.56974578,40.34
2017-07-25T12:00:00.000Z,39.38,41.65,37.20,39.90,1056.64098637,39.90
2017-07-25T16:00:00.000Z,39.77,40.34,38.50,38.50,964.52709568,38.50
2017-07-25T20:00:00.000Z,38.75,41.00,38.03,41.00,630.84227257,41.00
2017-07-26T00:00:00.000Z,39.80,41.78,39.27,39.63,795.60952100,39.63
2017-07-26T04:00:00.000Z,39.63,40.34,38.36,39.27,1376.14532312,39.27
2017-07-26T08:00:00.000Z,39.57,40.59,39.16,40.53,1554.47272199,40.53
2017-07-26T12:00:00.000Z,40.59,41.79,39.06,41.65,2163.16665315,41.65
2017-07-26T16:00:00.000Z,41.65,46.99,41.00,45.39,8309.96095242,45.39
2017-07-26T20:00:00.000Z,44.78,46.82,42.68,45.70,5036.91687868,45.70
2017-07-27T00:00:00.000Z,45.55,46.47,45.07,46.07,5830.57396957,46.07
2017-07-27T04:00:00.000Z,46.06,46.74,44.43,44.47,4057.74790843,44.47
2017-07-27T08:00:00.000Z,44.47,46.26,44.43,45.73,3161.73042454,45.73
2017-07-27T12:00:00.000Z,45.73,46.11,43.66,44.56,2883.07485330,44.56
2017-07-27T16:00:00.000Z,44.56,44.97,43.80,43.85,1519.09508383,43.85
2017-07-27T20:00:00.000Z,43.85,45.98,43.38,45.40,3730.67735815,45.40
2017-07-28T00:00:00.000Z,45.70,45.99,44.47,44.47,1438.14805554,44.47
2017-07-28T04:00:00.000Z,44.55,45.45,43.98,44.93,1516.75304521,44.93
2017-07-28T08:00:00.000Z,44.93,45.19,43.98,44.18,2161.06766775,44.18
2017-07-28T12:00:00.000Z,44.55,44.80,43.23,44.58,812.22063692,44.58
2017-07-28T16:00:00.000Z,44.21,44.74,43.74,44.31,1538.08156713,44.31
2017-07-28T20:00:00.000Z,44.73,44.83,42.85,43.91,3379.25708001,43.91
2017-07-29T00:00:00.000Z,44.21,44.49,43.52,43.72,639.74830153,43.72
2017-07-29T04:00:00.000Z,43.68,43.93,43.01,43.12,632.10364216,43.12
2017-07-29T08:00:00.000Z,43.36,43.73,42.50,42.60,186.98966464,42.60
2017-07-29T12:00:00.000Z,43.07,43.72,42.79,43.72,298.43440028,43.72
2017-07-29T16:00:00.000Z,43.72,44.35,43.10,44.35,420.40668892,44.35
2017-07-29T20:00:00.000Z,44.42,44.42,43.73,44.09,216.90720576,44.09
2017-07-30T00:00:00.000Z,43.74,44.09,43.05,43.06,313.20675554,43.06
2017-07-30T04:00:00.000Z,43.06,43.92,41.98,41.98,255.79951409,41.98
2017-07-30T08:00:00.000Z,42.34,43.04,41.14,41.41,693.62624232,41.41
2017-07-30T12:00:00.000Z,41.68,42.40,41.19,41.81,581.33156507,41.81
2017-07-30T16:00:00.000Z,42.01,42.01,40.30,41.49,2208.50299839,41.49
2017-07-30T20:00:00.000Z,41.69,41.97,39.78,40.26,1047.76612664,40.26
2017-07-31T00:00:00.000Z,40.60,41.37,39.99,41.33,674.24965441,41.33
2017-07-31T04:00:00.000Z,41.40,41.47,40.50,40.98,82.10651409,40.98
2017-07-31T08:00:00.000Z,41.36,41.36,40.10,40.39,1222.60687370,40.39
2017-07-31T12:00:00.000Z,40.30,40.80,39.06,39.73,1065.68526100,39.73
2017-07-31T16:00:00.000Z,39.78,40.75,39.42,40.75,577.54642126,40.75
2017-07-31T20:00:00.000Z,40.40,41.16,40.00,40.00,2202.56952356,40.00
2017-08-01T00:00:00.000Z,40.00,42.32,40.00,42.32,1480.49582983,42.32
2017-08-01T04:00:00.000Z,41.91,43.55,41.69,43.55,1126.82558663,43.55
2017-08-01T08:00:00.000Z,43.55,43.98,41.25,41.79,1073.30455158,41.79
2017-08-01T12:00:00.000Z,41.28,43.49,41.05,41.99,1778.94044686,41.99
2017-08-01T16:00:00.000Z,41.99,45.47,41.07,44.50,2540.46007713,44.50
2017-08-01T20:00:00.000Z,44.49,44.99,43.65,44.40,446.59261250,44.40
2017-08-02T00:00:00.000Z,44.39,44.39,43.45,43.60,258.44203837,43.60
2017-08-02T04:00:00.000Z,43.68,44.49,43.68,43.80,716.08336751,43.80
2017-08-02T08:00:00.000Z,44.02,44.45,43.50,43.87,1072.37267792,43.87
2017-08-02T12:00:00.000Z,43.87,44.02,42.00,43.49,2459.06904827,43.49
2017-08-02T16:00:00.000Z,43.18,44.20,41.73,43.95,1014.78503141,43.95
2017-08-02T20:00:00.000Z,43.95,44.06,43.25,43.27,698.47881010,43.27
2017-08-03T00:00:00.000Z,43.27,43.99,43.02,43.32,90.19304895,43.32
2017-08-03T04:00:00.000Z,43.05,43.98,43.05,43.21,369.79329371,43.21
2017-08-03T08:00:00.000Z,43.44,44.37,43.21,44.03,273.19812369,44.03
2017-08-03T12:00:00.000Z,43.51,43.99,43.30,43.87,304.35047985,43.87
2017-08-03T16:00:00.000Z,43.87,45.00,43.34,44.00,1916.78610145,44.00
2017-08-03T20:00:00.000Z,44.24,44.40,43.40,43.40,597.77935114,43.40
2017-08-04T00:00:00.000Z,43.40,44.39,43.33,43.60,176.11881345,43.60
2017-08-04T04:00:00.000Z,43.60,44.40,43.50,44.09,770.80266382,44.09
2017-08-04T08:00:00.000Z,44.40,44.70,43.76,43.76,249.82173633,43.76
2017-08-04T12:00:00.000Z,43.93,44.64,43.61,44.62,424.69240215,44.62
2017-08-04T16:00:00.000Z,44.18,45.09,44.18,44.89,1254.46459152,44.89
2017-08-04T20:00:00.000Z,44.90,46.00,44.39,45.97,606.95526908,45.97
2017-08-05T00:00:00.000Z,45.95,47.73,45.51,47.45,2334.90974484,47.45
2017-08-05T04:00:00.000Z,47.00,48.10,46.25,48.00,1887.93457464,48.00
2017-08-05T08:00:00.000Z,48.10,49.87,47.91,47.91,1141.75257265,47.91
2017-08-05T12:00:00.000Z,48.26,49.87,47.88,48.50,1930.44610780,48.50
2017-08-05T16:00:00.000Z,48.50,50.47,48.50,49.00,1701.13009740,49.00
2017-08-05T20:00:00.000Z,49.48,49.48,48.00,48.87,801.88424576,48.87
2017-08-06T00:00:00.000Z,48.87,49.50,47.99,48.14,660.70290544,48.14
2017-08-06T04:00:00.000Z,48.77,50.00,48.50,49.00,1219.09323603,49.00
2017-08-06T08:00:00.000Z,48.50,48.89,47.54,48.19,668.93708148,48.19
2017-08-06T12:00:00.000Z,47.57,48.34,47.56,47.78,108.94383174,47.78
2017-08-06T16:00:00.000Z,47.78,48.21,47.56,47.64,529.88422315,47.64
2017-08-06T20:00:00.000Z,47.99,48.69,47.90,47.90,446.22087821,47.90
2017-08-07T00:00:00.000Z,47.90,48.25,47.60,48.16,1145.81124024,48.16
2017-08-07T04:00:00.000Z,47.72,48.56,47.55,47.55,453.07772900,47.55
2017-08-07T08:00:00.000Z,47.55,48.21,44.00,48.20,1892.70125429,48.20
2017-08-07T12:00:00.000Z,48.20,48.80,47.24,48.80,700.26167174,48.80
2017-08-07T16:00:00.000Z,48.79,49.08,48.56,48.70,942.07760261,48.70
2017-08-07T20:00:00.000Z,48.70,50.29,48.10,50.29,1121.76019830,50.29
2017-08-08T00:00:00.000Z,50.44,51.99,50.11,51.48,840.64983928,51.48
2017-08-08T04:00:00.000Z,51.46,51.71,50.58,50.58,315.69216543,50.58
2017-08-08T08:00:00.000Z,51.02,52.50,49.66,52.50,1451.73255298,52.50
2017-08-08T12:00:00.000Z,52.50,52.99,51.25,52.00,2086.39174457,52.00
2017-08-08T16:00:00.000Z,52.04,52.27,51.05,51.11,300.28411113,51.11
2017-08-08T20:00:00.000Z,51.13,52.45,50.20,52.45,1539.78016203,52.45
2017-08-09T00:00:00.000Z,51.70,52.99,50.00,52.50,1130.82837311,52.50
2017-08-09T04:00:00.000Z,52.50,52.99,51.59,52.11,263.96269202,52.11
2017-08-09T08:00:00.000Z,52.16,53.43,50.10,50.10,912.96552364,50.10
2017-08-09T12:00:00.000Z,51.87,51.96,45.55,50.02,1190.66135352,50.02
2017-08-09T16:00:00.000Z,51.04,51.77,49.85,51.70,301.23849613,51.70
2017-08-09T20:00:00.000Z,51.60,51.99,50.25,51.89,226.88847116,51.89
2017-08-10T00:00:00.000Z,51.66,51.66,50.33,51.05,122.73651990,51.05
2017-08-10T04:00:00.000Z,50.65,51.64,49.43,50.22,1168.03745443,50.22
2017-08-10T08:00:00.000Z,50.82,51.80,50.00,50.01,2415.33934181,50.01
2017-08-10T12:00:00.000Z,50.01,51.16,50.01,50.71,323.47019334,50.71
2017-08-10T16:00:00.000Z,51.10,51.37,50.55,50.55,385.43395227,50.55
2017-08-10T20:00:00.000Z,51.12,51.13,50.00,50.00,951.28912222,50.00
2017-08-11T00:00:00.000Z,50.00,50.12,49.80,49.87,894.55188892,49.87
2017-08-11T04:00:00.000Z,49.80,50.38,49.50,50.38,552.75573217,50.38
2017-08-11T08:00:00.000Z,50.38,50.93,50.00,50.34,98.52996592,50.34
2017-08-11T12:00:00.000Z,50.34,50.86,50.00,50.68,358.72522120,50.68
2017-08-11T16:00:00.000Z,50.00,50.88,49.56,50.80,509.82423633,50.80
2017-08-11T20:00:00.000Z,50.80,51.80,50.01,50.01,252.42809907,50.01
2017-08-12T00:00:00.000Z,51.69,51.86,50.57,51.81,272.01697856,51.81
2017-08-12T04:00:00.000Z,51.80,51.80,48.50,49.78,1562.28518852,49.78
2017-08-12T08:00:00.000Z,49.40,49.98,47.00,47.59,1261.35311409,47.59
2017-08-12T12:00:00.000Z,47.59,51.49,47.17,49.21,1465.26985678,49.21
2017-08-12T16:00:00.000Z,49.17,49.41,47.30,49.41,1507.81716934,49.41
2017-08-12T20:00:00.000Z,49.41,49.79,47.40,49.78,1132.79394962,49.78
2017-08-13T00:00:00.000Z,49.78,50.45,46.11,48.94,1550.98716365,48.94
2017-08-13T04:00:00.000Z,47.67,50.00,47.25,47.99,1096.39357050,47.99
2017-08-13T08:00:00.000Z,47.99,49.98,47.72,49.79,320.78016695,49.79
2017-08-13T12:00:00.000Z,49.70,49.70,47.72,47.72,1145.09482246,47.72
2017-08-13T16:00:00.000Z,47.72,48.41,47.20,47.20,843.23702985,47.20
2017-08-13T20:00:00.000Z,47.20,48.76,47.00,48.74,624.19933502,48.74
2017-08-14T00:00:00.000Z,48.74,49.08,47.01,48.67,303.65830316,48.67
2017-08-14T04:00:00.000Z,49.07,49.66,47.56,49.10,338.49318761,49.10
2017-08-14T08:00:00.000Z,49.10,49.57,47.99,48.49,206.60739140,48.49
2017-08-14T12:00:00.000Z,48.49,48.95,47.00,47.00,809.91679615,47.00
2017-08-14T16:00:00.000Z,48.70,49.49,47.12,47.74,1110.91063112,47.74
2017-08-14T20:00:00.000Z,48.73,49.83,47.90,49.83,941.12849635,49.83
2017-08-15T00:00:00.000Z,49.82,50.54,49.46,49.46,933.73938146,49.46
2017-08-15T04:00:00.000Z,49.16,49.93,47.72,48.66,377.04097090,48.66
2017-08-15T08:00:00.000Z,48.65,49.09,47.13,47.50,701.05596432,47.50
2017-08-15T12:00:00.000Z,47.91,47.92,45.50,47.47,1481.09543875,47.47
2017-08-15T16:00:00.000Z,47.74,48.90,47.74,48.02,372.56897803,48.02
2017-08-15T20:00:00.000Z,48.00,49.26,47.25,48.21,648.49474278,48.21
2017-08-16T00:00:00.000Z,49.04,49.48,47.49,48.01,163.21374613,48.01
2017-08-16T04:00:00.000Z,48.50,49.05,47.50,48.50,206.82654512,48.50
2017-08-16T08:00:00.000Z,47.80,48.49,47.25,47.25,162.40653698,47.25
2017-08-16T12:00:00.000Z,47.42,48.50,47.24,48.43,843.06315709,48.43
2017-08-16T16:00:00.000Z,48.49,49.05,47.73,48.80,799.38188514,48.80
2017-08-16T20:00:00.000Z,49.05,49.18,48.18,48.53,247.22440807,48.53
2017-08-17T00:00:00.000Z,48.53,49.35,48.50,48.71,262.20710517,48.71
2017-08-17T04:00:00.000Z,48.50,48.80,48.50,48.50,40.06321103,48.50
2017-08-17T08:00:00.000Z,48.78,49.50,48.49,48.95,1494.17587653,48.95
2017-08-17T12:00:00.000Z,48.95,49.45,48.60,48.67,238.15208244,48.67
2017-08-17T16:00:00.000Z,48.67,48.67,47.53,47.80,1143.04700010,47.80
2017-08-17T20:00:00.000Z,47.79,48.48,47.54,48.00,523.71591490,48.00
2017-08-18T00:00:00.000Z,47.80,47.99,46.80,47.84,469.40350760,47.84
2017-08-18T04:00:00.000Z,47.33,48.17,46.83,47.99,282.43488010,47.99
2017-08-18T08:00:00.000Z,47.99,48.48,47.63,48.47,267.40645599,48.47
2017-08-18T12:00:00.000Z,48.47,48.48,47.63,47.63,974.09176644,47.63
2017-08-18T16:00:00.000Z,47.63,47.98,47.21,47.98,872.70016140,47.98
2017-08-18T20:00:00.000Z,47.98,48.00,46.84,46.84,812.29291907,46.84
2017-08-19T00:00:00.000Z,46.84,49.50,46.84,49.49,1189.56117988,49.49
2017-08-19T04:00:00.000Z,49.49,52.19,48.83,51.84,2207.84504574,51.84
2017-08-19T08:00:00.000Z,51.89,52.32,49.50,50.82,247.35737951,50.82
2017-08-19T12:00:00.000Z,50.08,52.32,49.65,50.00,294.48182869,50.00
2017-08-19T16:00:00.000Z,52.32,58.85,51.00,56.09,4016.28382032,56.09
2017-08-19T20:00:00.000Z,53.10,56.97,50.00,55.54,1204.38668029,55.54
2017-08-20T00:00:00.000Z,56.22,56.86,54.50,54.50,380.50415130,54.50
2017-08-20T04:00:00.000Z,54.50,54.50,52.52,53.99,214.97748448,53.99
2017-08-20T08:00:00.000Z,53.11,53.11,51.39,51.46,1635.06109795,51.46
2017-08-20T12:00:00.000Z,52.32,54.49,51.50,54.49,1052.38999591,54.49
2017-08-20T16:00:00.000Z,54.90,55.54,54.00,54.05,470.91977004,54.05
2017-08-20T20:00:00.000Z,55.19,55.47,54.07,55.29,460.02452913,55.29
2017-08-21T00:00:00.000Z,55.41,55.47,53.90,53.90,748.16690412,53.90
2017-08-21T04:00:00.000Z,53.60,59.00,51.11,59.00,1778.49264375,59.00
2017-08-21T08:00:00.000Z,59.00,94.94,59.00,78.34,15056.85600449,78.34
2017-08-21T12:00:00.000Z,78.35,88.00,77.50,82.00,8434.16674914,82.00
2017-08-21T16:00:00.000Z,81.99,82.99,69.20,69.90,6548.13904269,69.90
2017-08-21T20:00:00.000Z,69.90,78.78,68.20,77.40,7665.70320473,77.40
2017-08-22T00:00:00.000Z,77.29,83.23,71.20,78.99,4685.96355832,78.99
2017-08-22T04:00:00.000Z,78.99,82.00,73.20,80.36,2336.05245561,80.36
2017-08-22T08:00:00.000Z,80.36,94.00,80.10,90.14,11481.99200633,90.14
2017-08-22T12:00:00.000Z,90.15,92.77,85.12,92.55,3429.48422328,92.55
2017-08-22T16:00:00.000Z,92.23,92.60,85.12,88.10,2861.15346861,88.10
2017-08-22T20:00:00.000Z,88.10,92.20,82.30,92.10,4981.73507163,92.10
2017-08-23T00:00:00.000Z,92.10,92.10,85.50,88.00,3069.97120018,88.00
2017-08-23T04:00:00.000Z,86.70,99.80,86.70,98.49,4769.77960349,98.49
2017-08-23T08:00:00.000Z,97.43,100.00,95.31,96.66,3412.86973163,96.66
2017-08-23T12:00:00.000Z,96.66,96.66,90.00,92.00,2410.74465384,92.00
2017-08-23T16:00:00.000Z,92.99,94.60,89.29,90.45,1542.35703800,90.45
2017-08-23T20:00:00.000Z,90.45,92.00,84.30,92.00,3085.31362902,92.00
2017-08-24T00:00:00.000Z,91.99,96.00,88.50,92.50,1413.29033690,92.50
2017-08-24T04:00:00.000Z,92.50,93.39,87.40,88.37,1021.00172916,88.37
2017-08-24T08:00:00.000Z,88.37,90.99,85.51,86.89,2183.99812357,86.89
2017-08-24T12:00:00.000Z,86.88,86.97,81.00,83.51,4487.32226318,83.51
2017-08-24T16:00:00.000Z,83.51,87.99,82.50,86.55,3992.41648475,86.55
2017-08-24T20:00:00.000Z,87.00,90.00,85.00,87.98,2769.58526270,87.98
2017-08-25T00:00:00.000Z,85.65,88.00,82.51,88.00,1372.10242969,88.00
2017-08-25T04:00:00.000Z,88.00,98.34,88.00,98.34,4382.67233599,98.34
2017-08-25T08:00:00.000Z,97.50,99.95,95.00,97.97,2290.15534891,97.97
2017-08-25T12:00:00.000Z,97.98,99.39,95.99,97.88,1876.33743148,97.88
2017-08-25T16:00:00.000Z,97.88,99.89,96.89,97.99,2182.75887752,97.99
2017-08-25T20:00:00.000Z,97.99,110.00,97.50,109.99,5268.02397132,109.99
2017-08-26T00:00:00.000Z,109.99,129.00,107.00,126.99,7338.69775816,126.99
2017-08-26T04:00:00.000Z,125.11,135.00,120.10,128.20,9575.17395549,128.20
2017-08-26T08:00:00.000Z,128.20,144.00,124.99,140.00,6997.51217544,140.00
2017-08-26T12:00:00.000Z,140.00,149.80,129.99,137.00,10570.18732047,137.00
2017-08-26T16:00:00.000Z,134.30,138.94,128.81,138.03,4016.26602098,138.03
2017-08-26T20:00:00.000Z,138.03,143.99,131.24,136.00,4457.79828044,136.00
2017-08-27T00:00:00.000Z,137.49,138.98,125.33,126.50,3671.84615107,126.50
2017-08-27T04:00:00.000Z,127.69,137.82,126.50,132.49,3778.36450403,132.49
2017-08-27T08:00:00.000Z,132.49,138.00,128.00,133.19,2460.44671206,133.19
2017-08-27T12:00:00.000Z,133.13,133.59,125.33,133.59,2637.54489191,133.59
2017-08-27T16:00:00.000Z,132.60,133.57,128.22,130.04,1639.76417770,130.04
2017-08-27T20:00:00.000Z,131.09,132.51,128.50,130.89,1117.35038273,130.89
2017-08-28T00:00:00.000Z,130.89,146.00,128.51,140.00,6521.60468850,140.00
2017-08-28T04:00:00.000Z,139.99,141.86,130.00,140.20,5913.55154581,140.20
2017-08-28T08:00:00.000Z,140.00,159.90,132.10,153.50,12879.56914994,153.50
2017-08-28T12:00:00.000Z,153.50,155.00,138.00,140.49,5608.13250319,140.49
2017-08-28T16:00:00.000Z,141.00,147.00,135.73,141.60,6138.03244755,141.60
2017-08-28T20:00:00.000Z,143.00,149.00,140.00,147.89,1981.17233165,147.89
2017-08-29T00:00:00.000Z,147.89,147.89,141.10,146.70,1592.52608962,146.70
2017-08-29T04:00:00.000Z,145.00,147.49,140.00,141.93,2629.93279845,141.93
2017-08-29T08:00:00.000Z,141.93,141.93,132.00,133.09,5565.57179288,133.09
2017-08-29T12:00:00.000Z,133.09,138.90,128.00,131.71,3941.19841698,131.71
2017-08-29T16:00:00.000Z,130.95,135.39,129.99,134.19,1377.96921926,134.19
2017-08-29T20:00:00.000Z,134.19,142.00,130.00,134.50,1868.78037638,134.50
2017-08-30T00:00:00.000Z,132.70,136.97,132.70,133.00,799.64511879,133.00
2017-08-30T04:00:00.000Z,132.99,133.00,121.00,129.47,5264.54264776,129.47
2017-08-30T08:00:00.000Z,129.15,132.00,120.00,128.38,2251.73493786,128.38
2017-08-30T12:00:00.000Z,128.38,133.60,125.10,132.07,1831.38911710,132.07
2017-08-30T16:00:00.000Z,132.08,133.33,128.70,128.98,1493.84652398,128.98
2017-08-30T20:00:00.000Z,129.99,138.00,128.84,133.50,2577.01557810,133.50
2017-08-31T00:00:00.000Z,133.98,137.00,132.05,132.75,2685.05777437,132.75
2017-08-31T04:00:00.000Z,133.00,144.00,133.00,140.00,6109.27515408,140.00
2017-08-31T08:00:00.000Z,140.67,144.30,138.12,140.12,1458.28037976,140.12
2017-08-31T12:00:00.000Z,140.12,142.98,139.52,142.50,1523.83506564,142.50
2017-08-31T16:00:00.000Z,141.21,142.48,140.01,141.99,1816.38266590,141.99
2017-08-31T20:00:00.000Z,141.99,143.99,140.01,142.09,2074.33248390,142.09
2017-09-01T00:00:00.000Z,142.09,142.81,138.00,138.00,1070.36358629,138.00
2017-09-01T04:00:00.000Z,138.01,141.92,137.00,138.79,2211.75754730,138.79
2017-09-01T08:00:00.000Z,138.29,141.99,137.00,140.12,1821.31215600,140.12
2017-09-01T12:00:00.000Z,141.00,152.00,137.10,147.99,9708.39506150,147.99
2017-09-01T16:00:00.000Z,147.80,151.49,145.01,147.84,3263.17304936,147.84
2017-09-01T20:00:00.000Z,147.84,150.87,141.50,141.90,3569.14938087,141.90
2017-09-02T00:00:00.000Z,142.80,145.00,136.00,138.91,3682.72297684,138.91
2017-09-02T04:00:00.000Z,138.91,139.75,128.80,133.99,5977.47392195,133.99
2017-09-02T08:00:00.000Z,133.99,134.00,128.11,132.68,2990.12897305,132.68
2017-09-02T12:00:00.000Z,132.15,133.90,125.10,128.97,1689.93060630,128.97
2017-09-02T16:00:00.000Z,128.97,133.76,126.30,129.39,914.30147255,129.39
2017-09-02T20:00:00.000Z,129.39,129.39,125.10,126.00,1721.19270606,126.00
2017-09-03T00:00:00.000Z,126.00,128.48,126.00,127.70,2004.52318510,127.70
2017-09-03T04:00:00.000Z,127.90,131.99,127.14,129.00,1731.55240430,129.00
2017-09-03T08:00:00.000Z,130.49,132.97,125.15,126.47,733.97146696,126.47
2017-09-03T12:00:00.000Z,125.15,126.27,117.17,119.00,4386.79329109,119.00
2017-09-03T16:00:00.000Z,119.00,123.33,118.74,122.48,3469.55810693,122.48
2017-09-03T20:00:00.000Z,122.00,129.20,121.99,128.99,615.61953663,128.99
2017-09-04T00:00:00.000Z,128.99,130.00,122.10,122.21,596.33217443,122.21
2017-09-04T04:00:00.000Z,122.21,124.97,115.11,115.11,1559.89906433,115.11
2017-09-04T08:00:00.000Z,118.00,126.64,109.00,111.00,4047.46090326,111.00
2017-09-04T12:00:00.000Z,111.00,111.00,103.22,107.49,2625.80058983,107.49
2017-09-04T16:00:00.000Z,107.49,115.00,101.10,114.33,4082.84470810,114.33
2017-09-04T20:00:00.000Z,114.33,124.39,108.05,110.50,2217.98539811,110.50
2017-09-05T00:00:00.000Z,110.50,111.49,100.10,103.28,2655.55945611,103.28
2017-09-05T04:00:00.000Z,103.62,113.39,101.00,111.87,1480.03169881,111.87
2017-09-05T08:00:00.000Z,111.52,114.83,108.40,111.80,878.22149004,111.80
2017-09-05T12:00:00.000Z,111.79,125.00,111.00,120.39,1714.46305760,120.39
2017-09-05T16:00:00.000Z,118.00,129.42,115.02,127.00,3086.05447327,127.00
2017-09-05T20:00:00.000Z,127.00,127.99,121.17,121.84,3983.77049852,121.84
2017-09-06T00:00:00.000Z,124.54,130.00,122.11,123.52,2799.92772081,123.52
2017-09-06T04:00:00.000Z,123.52,125.29,120.10,123.01,1605.45673970,123.01
2017-09-06T08:00:00.000Z,123.04,127.00,120.50,123.50,556.24818463,123.50
2017-09-06T12:00:00.000Z,123.50,125.15,120.10,123.00,2147.20122915,123.00
2017-09-06T16:00:00.000Z,122.59,128.99,121.57,125.77,1633.94893040,125.77
2017-09-06T20:00:00.000Z,125.77,127.79,123.00,125.00,851.15669778,125.00
2017-09-07T00:00:00.000Z,124.60,124.60,119.23,120.55,1542.84377892,120.55
2017-09-07T04:00:00.000Z,120.68,122.00,116.10,120.51,2157.45454155,120.51
2017-09-07T08:00:00.000Z,120.53,121.93,117.51,120.95,1447.35655008,120.95
2017-09-07T12:00:00.000Z,120.95,124.38,120.48,122.00,805.86090369,122.00
2017-09-07T16:00:00.000Z,122.00,123.01,120.90,122.76,684.00486684,122.76
2017-09-07T20:00:00.000Z,122.76,126.95,120.00,123.73,1543.54194245,123.73
2017-09-08T00:00:00.000Z,123.62,124.88,120.99,123.39,379.72560737,123.39
2017-09-08T04:00:00.000Z,124.37,124.90,122.16,124.90,594.71402006,124.90
2017-09-08T08:00:00.000Z,124.90,135.00,124.80,130.05,5353.52060405,130.05
2017-09-08T12:00:00.000Z,130.07,132.77,118.00,122.98,3431.99809809,122.98
2017-09-08T16:00:00.000Z,122.24,126.90,115.50,118.39,1821.45429922,118.39
2017-09-08T20:00:00.000Z,116.06,123.87,110.00,120.00,1895.64459106,120.00
2017-09-09T00:00:00.000Z,120.00,121.34,115.62,116.67,417.76431503,116.67
2017-09-09T04:00:00.000Z,116.67,121.93,116.67,119.90,287.54358409,119.90
2017-09-09T08:00:00.000Z,119.90,123.00,117.60,119.02,254.91332048,119.02
2017-09-09T12:00:00.000Z,119.02,119.25,115.00,115.32,446.27828206,115.32
2017-09-09T16:00:00.000Z,115.32,119.57,114.00,119.57,837.57874146,119.57
2017-09-09T20:00:00.000Z,119.57,119.57,115.41,117.60,388.50520733,117.60
2017-09-10T00:00:00.000Z,117.60,117.60,113.76,113.76,1073.21247639,113.76
2017-09-10T04:00:00.000Z,113.67,113.67,105.00,107.00,3095.87472265,107.00
2017-09-10T08:00:00.000Z,109.00,118.75,105.09,110.25,636.82254032,110.25
2017-09-10T12:00:00.000Z,110.20,117.49,108.24,115.99,380.83620981,115.99
2017-09-10T16:00:00.000Z,113.08,121.98,113.00,118.91,562.61570902,118.91
2017-09-10T20:00:00.000Z,118.91,118.92,112.00,112.47,327.47106416,112.47
2017-09-11T00:00:00.000Z,113.40,117.46,111.94,116.96,233.92923081,116.96
2017-09-11T04:00:00.000Z,116.96,122.55,109.99,112.09,804.91295701,112.09
2017-09-11T08:00:00.000Z,112.00,117.00,111.19,112.79,118.90333839,112.79
2017-09-11T12:00:00.000Z,112.79,115.93,111.60,113.52,95.05691388,113.52
2017-09-11T16:00:00.000Z,113.54,115.90,111.98,112.50,125.76923559,112.50
2017-09-11T20:00:00.000Z,112.50,114.76,111.19,112.36,94.21494502,112.36
2017-09-12T00:00:00.000Z,112.36,118.99,110.29,113.01,892.73183347,113.01
2017-09-12T04:00:00.000Z,113.01,116.49,112.91,116.34,595.28502797,116.34
2017-09-12T08:00:00.000Z,116.34,116.94,113.84,114.16,636.08461713,114.16
2017-09-12T12:00:00.000Z,115.77,116.99,113.27,114.60,386.81769121,114.60
2017-09-12T16:00:00.000Z,114.60,116.42,110.01,112.43,1953.88801568,112.43
2017-09-12T20:00:00.000Z,112.43,115.88,111.24,111.52,478.16384985,111.52
2017-09-13T00:00:00.000Z,111.52,111.52,103.70,103.70,1835.88674072,103.70
2017-09-13T04:00:00.000Z,103.70,106.95,101.00,103.51,2479.44516828,103.51
2017-09-13T08:00:00.000Z,104.29,114.89,102.43,104.43,2371.68614909,104.43
2017-09-13T12:00:00.000Z,104.43,108.86,103.02,106.93,1545.63433495,106.93
2017-09-13T16:00:00.000Z,106.93,114.80,105.10,107.31,1127.86482155,107.31
2017-09-13T20:00:00.000Z,107.31,112.81,107.13,111.23,794.92073101,111.23
2017-09-14T00:00:00.000Z,111.23,120.00,110.26,113.29,1702.74483787,113.29
2017-09-14T04:00:00.000Z,113.29,120.00,113.01,116.08,1171.04988684,116.08
2017-09-14T08:00:00.000Z,115.96,116.16,103.00,103.90,3227.34577200,103.90
2017-09-14T12:00:00.000Z,103.90,106.00,96.12,97.00,5719.96015390,97.00
2017-09-14T16:00:00.000Z,98.26,99.34,88.00,94.91,6923.48573519,94.91
2017-09-14T20:00:00.000Z,94.91,97.21,87.46,87.70,3803.59114554,87.70
2017-09-15T00:00:00.000Z,87.69,98.99,87.01,94.80,5521.74518118,94.80
2017-09-15T04:00:00.000Z,95.30,97.49,82.70,82.88,2943.95053170,82.88
2017-09-15T08:00:00.000Z,83.07,86.99,73.00,74.10,4367.58743717,74.10
2017-09-15T12:00:00.000Z,74.09,109.99,74.09,103.00,5444.53267984,103.00
2017-09-15T16:00:00.000Z,103.25,109.90,95.65,101.92,5050.14876627,101.92
2017-09-15T20:00:00.000Z,101.91,106.18,98.97,100.00,1458.57057084,100.00
2017-09-16T00:00:00.000Z,100.00,106.14,100.00,103.65,1414.36856470,103.65
2017-09-16T04:00:00.000Z,103.65,106.19,101.74,105.59,1140.87361700,105.59
2017-09-16T08:00:00.000Z,105.59,107.23,96.20,98.92,1390.78956871,98.92
2017-09-16T12:00:00.000Z,98.92,99.85,95.34,96.00,581.74143609,96.00
2017-09-16T16:00:00.000Z,96.06,101.49,96.01,98.06,1079.41772766,98.06
2017-09-16T20:00:00.000Z,98.06,99.81,96.40,99.27,380.84924137,99.27
2017-09-17T00:00:00.000Z,97.45,97.45,95.16,95.36,369.21466042,95.36
2017-09-17T04:00:00.000Z,95.33,97.87,91.00,91.55,955.41577044,91.55
2017-09-17T08:00:00.000Z,91.01,94.53,89.96,92.50,958.10383472,92.50
2017-09-17T12:00:00.000Z,92.50,97.88,92.50,96.45,2117.66468120,96.45
2017-09-17T16:00:00.000Z,96.45,97.66,96.00,96.59,770.05922195,96.59
2017-09-17T20:00:00.000Z,97.33,97.89,94.65,94.79,893.03959366,94.79
2017-09-18T00:00:00.000Z,95.23,97.75,94.99,97.00,361.78601759,97.00
2017-09-18T04:00:00.000Z,97.00,104.70,96.19,102.98,3780.32119667,102.98
2017-09-18T08:00:00.000Z,102.99,102.99,98.67,98.89,510.44473073,98.89
2017-09-18T12:00:00.000Z,98.89,107.24,98.89,102.31,8923.60022367,102.31
2017-09-18T16:00:00.000Z,102.31,102.87,99.17,99.90,1830.08899493,99.90
2017-09-18T20:00:00.000Z,99.90,102.89,99.90,101.75,474.55381126,101.75
2017-09-19T00:00:00.000Z,102.46,102.79,98.50,98.50,836.34490369,98.50
2017-09-19T04:00:00.000Z,98.50,99.24,94.94,97.24,836.98900817,97.24
2017-09-19T08:00:00.000Z,97.24,98.76,95.99,98.70,307.59007277,98.70
2017-09-19T12:00:00.000Z,98.70,99.77,97.00,99.06,790.45343632,99.06
2017-09-19T16:00:00.000Z,98.77,98.82,96.00,96.44,599.42825613,96.44
2017-09-19T20:00:00.000Z,96.09,99.95,95.00,98.99,1853.16588875,98.99
2017-09-20T00:00:00.000Z,98.99,99.07,95.37,95.37,120.41831059,95.37
2017-09-20T04:00:00.000Z,95.37,96.63,93.00,96.25,1176.33682345,96.25
2017-09-20T08:00:00.000Z,96.25,96.62,94.61,95.75,230.42079763,95.75
2017-09-20T12:00:00.000Z,95.75,99.76,95.61,97.30,1100.27982685,97.30
2017-09-20T16:00:00.000Z,97.30,97.90,96.89,96.89,387.82905836,96.89
2017-09-20T20:00:00.000Z,96.89,97.76,95.64,95.64,824.14807649,95.64
2017-09-21T00:00:00.000Z,95.64,96.05,94.00,94.00,1071.22240166,94.00
2017-09-21T04:00:00.000Z,94.00,94.98,93.50,94.80,299.82666442,94.80
2017-09-21T08:00:00.000Z,94.59,95.18,93.82,94.53,287.45590918,94.53
2017-09-21T12:00:00.000Z,94.53,94.68,89.36,90.00,2121.61452186,90.00
2017-09-21T16:00:00.000Z,90.00,94.85,85.03,86.57,1930.12952486,86.57
2017-09-21T20:00:00.000Z,86.24,88.99,85.00,86.00,936.01640609,86.00
2017-09-22T00:00:00.000Z,86.00,88.79,85.96,88.79,593.84004840,88.79
2017-09-22T04:00:00.000Z,88.79,91.47,88.31,88.34,425.83637038,88.34
2017-09-22T08:00:00.000Z,88.31,88.72,84.42,84.42,567.52611484,84.42
2017-09-22T12:00:00.000Z,84.42,86.81,84.03,84.47,697.65023318,84.47
2017-09-22T16:00:00.000Z,84.47,86.78,84.40,84.73,1063.44327396,84.73
2017-09-22T20:00:00.000Z,84.73,89.62,84.73,87.50,2686.20896330,87.50
2017-09-23T00:00:00.000Z,87.52,88.42,87.22,87.22,123.84781167,87.22
2017-09-23T04:00:00.000Z,87.30,90.45,87.08,89.45,1682.45704053,89.45
2017-09-23T08:00:00.000Z,89.45,92.00,89.11,91.82,764.57258292,91.82
2017-09-23T12:00:00.000Z,91.81,92.75,90.26,90.60,494.15707714,90.60
2017-09-23T16:00:00.000Z,90.60,91.88,90.41,91.60,290.16219382,91.60
2017-09-23T20:00:00.000Z,91.60,93.18,91.08,91.54,429.53918283,91.54
2017-09-24T00:00:00.000Z,91.54,93.89,91.10,91.59,558.55710808,91.59
2017-09-24T04:00:00.000Z,91.59,91.59,87.94,89.00,686.25405775,89.00
2017-09-24T08:00:00.000Z,89.00,89.38,87.98,88.88,177.52928588,88.88
2017-09-24T12:00:00.000Z,89.24,90.94,89.20,90.94,91.20449426,90.94
2017-09-24T16:00:00.000Z,90.94,91.99,89.64,90.78,228.42186415,90.78
2017-09-24T20:00:00.000Z,90.90,90.90,89.96,90.00,237.22024843,90.00
2017-09-25T00:00:00.000Z,90.00,92.00,89.56,91.39,268.25667295,91.39
2017-09-25T04:00:00.000Z,91.39,91.99,90.73,91.71,352.50567036,91.71
2017-09-25T08:00:00.000Z,91.71,92.04,90.55,90.55,209.41117010,90.55
2017-09-25T12:00:00.000Z,91.70,95.17,90.79,94.97,1244.71964469,94.97
2017-09-25T16:00:00.000Z,94.97,99.93,93.01,93.25,846.40064458,93.25
2017-09-25T20:00:00.000Z,94.58,98.61,93.76,94.85,504.72356024,94.85
2017-09-26T00:00:00.000Z,94.80,94.86,93.35,94.20,607.73353476,94.20
2017-09-26T04:00:00.000Z,94.00,94.24,91.47,94.24,331.94386568,94.24
2017-09-26T08:00:00.000Z,94.24,94.38,92.97,94.02,360.25670401,94.02
2017-09-26T12:00:00.000Z,94.02,95.94,94.01,94.53,1066.24751813,94.53
2017-09-26T16:00:00.000Z,94.53,95.64,93.74,94.60,702.37920997,94.60
2017-09-26T20:00:00.000Z,94.60,95.16,93.81,93.90,110.29124202,93.90
2017-09-27T00:00:00.000Z,93.90,94.21,93.06,93.50,886.49352910,93.50
2017-09-27T04:00:00.000Z,93.50,96.50,93.50,94.90,1288.75447031,94.90
2017-09-27T08:00:00.000Z,94.90,98.77,94.90,98.00,1117.22604291,98.00
2017-09-27T12:00:00.000Z,98.03,98.88,97.00,97.00,1128.53737450,97.00
2017-09-27T16:00:00.000Z,97.36,102.76,97.00,101.05,4574.15064632,101.05
2017-09-27T20:00:00.000Z,101.07,104.98,100.30,102.57,3513.97491088,102.57
2017-09-28T00:00:00.000Z,102.54,102.80,100.00,100.26,596.04960775,100.26
2017-09-28T04:00:00.000Z,100.34,103.52,100.33,101.47,1413.59851984,101.47
2017-09-28T08:00:00.000Z,101.47,103.00,96.71,98.75,2751.67741475,98.75
2017-09-28T12:00:00.000Z,98.72,99.38,97.39,98.59,975.32404180,98.59
2017-09-28T16:00:00.000Z,98.59,98.92,97.50,97.74,417.18227985,97.74
2017-09-28T20:00:00.000Z,97.74,99.20,97.49,97.58,284.31715592,97.58
2017-09-29T00:00:00.000Z,97.58,99.00,91.34,91.80,3105.38471797,91.80
2017-09-29T04:00:00.000Z,92.02,95.24,90.81,93.42,1203.86129534,93.42
2017-09-29T08:00:00.000Z,93.42,94.61,92.43,94.56,508.16855796,94.56
2017-09-29T12:00:00.000Z,94.56,95.50,94.00,95.48,609.12295074,95.48
2017-09-29T16:00:00.000Z,95.50,96.83,94.95,96.11,561.31766803,96.11
2017-09-29T20:00:00.000Z,96.11,96.47,94.50,94.50,483.96050742,94.50
2017-09-30T00:00:00.000Z,94.23,95.75,93.70,95.43,531.94563815,95.43
2017-09-30T04:00:00.000Z,95.26,96.89,94.04,96.85,408.40033553,96.85
2017-09-30T08:00:00.000Z,96.81,96.96,95.43,95.57,736.30217949,95.57
2017-09-30T12:00:00.000Z,95.57,96.79,95.44,96.24,1117.07909978,96.24
2017-09-30T16:00:00.000Z,95.50,97.49,95.24,95.70,995.18571340,95.70
2017-09-30T20:00:00.000Z,95.70,96.75,94.50,96.01,747.58213100,96.01
2017-10-01T00:00:00.000Z,95.86,95.86,94.50,94.82,243.41074243,94.82
2017-10-01T04:00:00.000Z,94.82,96.15,94.20,94.55,191.40717206,94.55
2017-10-01T08:00:00.000Z,94.55,95.72,94.50,94.52,61.89570799,94.52
2017-10-01T12:00:00.000Z,94.52,95.49,92.67,93.48,376.90134342,93.48
2017-10-01T16:00:00.000Z,93.48,93.48,92.00,92.28,257.19425958,92.28
2017-10-01T20:00:00.000Z,92.28,94.29,92.28,93.70,419.97150061,93.70
2017-10-02T00:00:00.000Z,93.70,93.70,91.68,91.68,268.07595845,91.68
2017-10-02T04:00:00.000Z,91.84,93.09,91.23,92.45,346.53362512,92.45
2017-10-02T08:00:00.000Z,92.10,93.00,91.81,92.55,147.47343820,92.55
2017-10-02T12:00:00.000Z,92.64,92.90,91.00,91.00,581.86151596,91.00
2017-10-02T16:00:00.000Z,91.14,93.11,90.50,93.11,663.56110278,93.11
2017-10-02T20:00:00.000Z,93.11,93.11,91.49,91.49,184.33947376,91.49
2017-10-03T00:00:00.000Z,91.21,92.80,90.20,90.20,378.83248557,90.20
2017-10-03T04:00:00.000Z,90.30,92.41,88.33,88.33,1095.72505355,88.33
2017-10-03T08:00:00.000Z,88.33,88.82,87.36,88.65,490.46866812,88.65
2017-10-03T12:00:00.000Z,88.65,90.54,87.39,90.24,648.20856553,90.24
2017-10-03T16:00:00.000Z,91.03,91.88,88.79,91.05,884.14593540,91.05
2017-10-03T20:00:00.000Z,91.52,94.95,91.52,93.18,1356.27082322,93.18
2017-10-04T00:00:00.000Z,93.18,94.01,91.52,93.39,548.37184265,93.39
2017-10-04T04:00:00.000Z,93.39,94.33,90.77,90.77,714.29197128,90.77
2017-10-04T08:00:00.000Z,90.77,92.47,89.53,90.00,253.83378323,90.00
2017-10-04T12:00:00.000Z,90.00,90.03,89.00,89.43,470.27336814,89.43
2017-10-04T16:00:00.000Z,89.43,91.33,89.42,91.33,299.53477178,91.33
2017-10-04T20:00:00.000Z,91.33,92.26,89.85,89.85,581.13973813,89.85
2017-10-05T00:00:00.000Z,89.85,90.60,89.14,89.14,267.13552382,89.14
2017-10-05T04:00:00.000Z,89.14,89.34,88.50,88.50,2366.31716189,88.50
2017-10-05T08:00:00.000Z,88.50,91.50,88.00,89.70,634.89607154,89.70
2017-10-05T12:00:00.000Z,90.00,90.96,89.81,90.00,300.94966620,90.00
2017-10-05T16:00:00.000Z,90.00,91.98,90.00,91.85,462.85309611,91.85
2017-10-05T20:00:00.000Z,91.85,92.00,90.67,91.73,402.37187065,91.73
2017-10-06T00:00:00.000Z,91.73,91.79,90.75,90.80,148.28323130,90.80
2017-10-06T04:00:00.000Z,90.80,92.00,90.76,91.95,177.64399600,91.95
2017-10-06T08:00:00.000Z,91.95,92.48,91.59,92.33,331.45185901,92.33
2017-10-06T12:00:00.000Z,92.48,92.99,91.12,91.96,373.92050849,91.96
2017-10-06T16:00:00.000Z,91.96,92.00,90.94,91.71,246.70097591,91.71
2017-10-06T20:00:00.000Z,91.71,91.71,90.44,90.73,142.90845964,90.73
2017-10-07T00:00:00.000Z,90.73,91.31,90.57,90.57,111.83865941,90.57
2017-10-07T04:00:00.000Z,90.93,91.26,90.70,90.70,164.38724130,90.70
2017-10-07T08:00:00.000Z,90.70,91.15,90.00,90.04,163.22856128,90.04
2017-10-07T12:00:00.000Z,90.04,92.49,89.84,90.65,1216.29710847,90.65
2017-10-07T16:00:00.000Z,90.61,91.54,90.42,91.48,535.26989565,91.48
2017-10-07T20:00:00.000Z,91.48,92.30,90.86,91.72,317.19177039,91.72
2017-10-08T00:00:00.000Z,91.36,92.18,90.87,90.87,383.75823762,90.87
2017-10-08T04:00:00.000Z,90.87,91.93,90.80,91.93,104.57605663,91.93
2017-10-08T08:00:00.000Z,91.83,92.05,90.50,91.65,6552.70115779,91.65
2017-10-08T12:00:00.000Z,91.57,91.74,90.50,91.00,1085.45323173,91.00
2017-10-08T16:00:00.000Z,91.16,91.98,90.20,90.54,1498.33487669,90.54
2017-10-08T20:00:00.000Z,90.54,91.25,90.00,90.57,2597.71342996,90.57
2017-10-09T00:00:00.000Z,90.04,90.27,88.23,88.90,782.81089456,88.90
2017-10-09T04:00:00.000Z,88.80,89.61,88.20,88.50,666.56762758,88.50
2017-10-09T08:00:00.000Z,88.50,89.30,88.20,89.30,307.50064997,89.30
2017-10-09T12:00:00.000Z,89.30,90.00,88.12,88.12,356.50790660,88.12
2017-10-09T16:00:00.000Z,88.12,88.73,85.25,86.50,1548.99189549,86.50
2017-10-09T20:00:00.000Z,86.48,87.91,85.27,85.27,1507.57974073,85.27
2017-10-10T00:00:00.000Z,85.27,88.06,83.68,87.51,528.69968525,87.51
2017-10-10T04:00:00.000Z,87.60,88.28,86.47,86.60,234.87746900,86.60
2017-10-10T08:00:00.000Z,86.52,87.52,85.38,87.31,865.70188926,87.31
2017-10-10T12:00:00.000Z,87.31,87.47,86.06,86.72,554.05962553,86.72
2017-10-10T16:00:00.000Z,86.28,87.63,86.00,86.54,313.15266357,86.54
2017-10-10T20:00:00.000Z,86.56,87.67,85.85,86.18,463.14175301,86.18
2017-10-11T00:00:00.000Z,86.18,86.44,85.56,85.56,101.62464953,85.56
2017-10-11T04:00:00.000Z,85.56,87.49,85.56,87.44,190.72475376,87.44
2017-10-11T08:00:00.000Z,87.44,87.71,86.98,86.98,214.21822808,86.98
2017-10-11T12:00:00.000Z,86.98,87.96,86.70,87.81,614.28567711,87.81
2017-10-11T16:00:00.000Z,87.81,88.83,87.27,87.72,760.73399603,87.72
2017-10-11T20:00:00.000Z,87.72,88.61,87.50,87.54,311.08029266,87.54
2017-10-12T00:00:00.000Z,87.54,88.00,87.09,87.40,612.07762438,87.40
2017-10-12T04:00:00.000Z,87.40,88.00,87.03,87.70,277.94289869,87.70
2017-10-12T08:00:00.000Z,87.66,88.29,87.00,87.36,817.05444156,87.36
2017-10-12T12:00:00.000Z,87.37,88.51,87.10,88.31,1652.50678091,88.31
2017-10-12T16:00:00.000Z,88.31,88.72,86.28,86.83,1604.97679672,86.83
2017-10-12T20:00:00.000Z,86.81,87.43,86.18,87.20,1244.72925779,87.20
2017-10-13T00:00:00.000Z,87.04,87.29,85.17,85.90,500.09152842,85.90
2017-10-13T04:00:00.000Z,85.88,88.07,83.84,88.00,1335.86427803,88.00
2017-10-13T08:00:00.000Z,88.00,91.40,86.30,91.30,1815.54402489,91.30
2017-10-13T12:00:00.000Z,91.30,94.90,89.95,93.00,2948.92855082,93.00
2017-10-13T16:00:00.000Z,93.03,95.78,92.20,93.99,1916.75534407,93.99
2017-10-13T20:00:00.000Z,94.00,95.48,93.99,94.16,461.75926966,94.16
2017-10-14T00:00:00.000Z,94.16,94.45,93.96,93.96,1278.62280956,93.96
2017-10-14T04:00:00.000Z,93.96,94.70,93.94,94.16,1024.35337510,94.16
2017-10-14T08:00:00.000Z,94.16,96.04,93.94,95.33,605.90989510,95.33
2017-10-14T12:00:00.000Z,95.33,95.45,94.50,94.92,366.44120748,94.92
2017-10-14T16:00:00.000Z,94.53,97.14,94.50,96.00,1511.38283002,96.00
2017-10-14T20:00:00.000Z,95.97,103.00,95.49,99.99,3559.70883399,99.99
2017-10-15T00:00:00.000Z,99.42,101.00,97.83,97.86,1083.23790360,97.86
2017-10-15T04:00:00.000Z,97.84,99.27,97.30,98.90,932.67831238,98.90
2017-10-15T08:00:00.000Z,98.90,98.90,94.01,94.05,1284.44841477,94.05
2017-10-15T12:00:00.000Z,94.04,94.47,93.40,93.64,1997.88087610,93.64
2017-10-15T16:00:00.000Z,93.68,93.88,91.27,91.77,1130.42348915,91.77
2017-10-15T20:00:00.000Z,91.76,95.00,91.46,94.50,732.77822298,94.50
2017-10-16T00:00:00.000Z,94.50,95.02,92.61,93.32,414.02231869,93.32
2017-10-16T04:00:00.000Z,93.42,95.95,92.17,95.00,309.45094913,95.00
2017-10-16T08:00:00.000Z,95.07,97.67,93.94,97.20,447.09328737,97.20
2017-10-16T12:00:00.000Z,97.24,97.77,93.97,94.14,319.21351405,94.14
2017-10-16T16:00:00.000Z,95.14,95.64,93.87,93.97,187.45906813,93.97
2017-10-16T20:00:00.000Z,93.97,96.15,93.97,95.80,382.64296659,95.80
2017-10-17T00:00:00.000Z,95.80,96.62,94.05,94.71,454.11980078,94.71
2017-10-17T04:00:00.000Z,94.71,96.33,94.05,96.32,351.45539382,96.32
2017-10-17T08:00:00.000Z,96.32,96.50,93.50,96.50,1124.33429845,96.50
2017-10-17T12:00:00.000Z,96.50,96.50,93.53,95.16,495.29957835,95.16
2017-10-17T16:00:00.000Z,95.16,95.16,92.00,92.70,1597.34539146,92.70
2017-10-17T20:00:00.000Z,92.70,93.88,91.00,91.15,655.01431524,91.15
2017-10-18T00:00:00.000Z,91.05,91.05,88.77,90.00,894.17754969,90.00
2017-10-18T04:00:00.000Z,90.00,91.17,87.50,89.71,622.89574146,89.71
2017-10-18T08:00:00.000Z,89.07,91.71,88.14,88.14,526.04439180,88.14
2017-10-18T12:00:00.000Z,88.14,89.98,86.21,87.05,342.61232199,87.05
2017-10-18T16:00:00.000Z,88.77,89.53,87.25,88.69,468.12360166,88.69
2017-10-18T20:00:00.000Z,88.69,91.11,88.20,90.00,370.02080108,90.00
2017-10-19T00:00:00.000Z,89.66,90.33,89.46,90.00,139.83045449,90.00
2017-10-19T04:00:00.000Z,89.70,91.48,87.66,88.02,786.89298048,88.02
2017-10-19T08:00:00.000Z,88.10,90.81,88.10,90.68,105.11188963,90.68
2017-10-19T12:00:00.000Z,89.71,90.47,88.20,89.14,280.93878263,89.14
2017-10-19T16:00:00.000Z,89.14,90.89,88.87,90.03,218.47461073,90.03
2017-10-19T20:00:00.000Z,90.03,92.31,88.92,89.01,494.70519041,89.01
2017-10-20T00:00:00.000Z,89.03,89.85,88.28,89.00,159.27830296,89.00
2017-10-20T04:00:00.000Z,89.00,89.86,88.78,89.11,93.10296275,89.11
2017-10-20T08:00:00.000Z,89.07,92.31,89.07,89.11,264.68006275,89.11
2017-10-20T12:00:00.000Z,89.11,93.76,89.11,90.73,231.02156714,90.73
2017-10-20T16:00:00.000Z,92.55,92.87,89.93,90.89,256.57442358,90.89
2017-10-20T20:00:00.000Z,90.89,91.25,86.00,90.00,1113.46090234,90.00
2017-10-21T00:00:00.000Z,90.00,90.66,88.50,89.97,239.61557755,89.97
2017-10-21T04:00:00.000Z,89.97,89.97,87.01,87.04,947.77173539,87.04
2017-10-21T08:00:00.000Z,87.00,89.57,86.78,87.63,304.65510776,87.63
2017-10-21T12:00:00.000Z,87.83,88.95,86.48,86.71,188.07182828,86.71
2017-10-21T16:00:00.000Z,86.71,94.50,86.40,88.72,793.36668846,88.72
2017-10-21T20:00:00.000Z,88.72,89.02,87.16,88.19,112.36976023,88.19
2017-10-22T00:00:00.000Z,88.19,89.68,87.48,87.86,91.90471013,87.86
2017-10-22T04:00:00.000Z,87.86,88.78,87.12,87.67,97.93823794,87.67
2017-10-22T08:00:00.000Z,87.67,87.67,85.47,85.71,104.06861927,85.71
2017-10-22T12:00:00.000Z,85.71,88.48,85.71,87.07,201.61133614,87.07
2017-10-22T16:00:00.000Z,87.07,87.98,86.50,86.50,132.81544587,86.50
2017-10-22T20:00:00.000Z,86.50,86.68,85.89,86.15,121.85395445,86.15
2017-10-23T00:00:00.000Z,86.15,87.00,85.70,86.44,318.78953977,86.44
2017-10-23T04:00:00.000Z,86.44,86.77,85.70,85.75,104.52203598,85.75
2017-10-23T08:00:00.000Z,85.75,86.32,84.71,84.89,692.87898880,84.89
2017-10-23T12:00:00.000Z,84.89,85.15,82.74,84.08,1205.75485267,84.08
2017-10-23T16:00:00.000Z,84.08,85.96,83.04,85.59,284.60292152,85.59
2017-10-23T20:00:00.000Z,85.59,86.76,85.02,85.35,423.25771334,85.35
2017-10-24T00:00:00.000Z,85.04,89.19,83.47,87.72,696.48871660,87.72
2017-10-24T04:00:00.000Z,87.72,89.99,87.72,89.87,206.03390981,89.87
2017-10-24T08:00:00.000Z,89.62,90.51,88.28,90.10,280.80145498,90.10
2017-10-24T12:00:00.000Z,90.10,92.00,88.66,91.68,357.65269796,91.68
2017-10-24T16:00:00.000Z,91.48,92.04,89.50,89.52,277.15752558,89.52
2017-10-24T20:00:00.000Z,90.19,90.48,88.29,89.22,230.60571608,89.22
2017-10-25T00:00:00.000Z,89.22,89.29,87.49,87.98,334.79290353,87.98
2017-10-25T04:00:00.000Z,88.10,89.67,87.73,88.22,122.37862082,88.22
2017-10-25T08:00:00.000Z,88.22,88.29,86.33,86.33,285.55098566,86.33
2017-10-25T12:00:00.000Z,86.33,88.44,86.00,88.44,809.75741898,88.44
2017-10-25T16:00:00.000Z,88.45,94.50,88.00,91.11,966.62001259,91.11
2017-10-25T20:00:00.000Z,91.31,91.62,87.77,88.32,670.81033834,88.32
2017-10-26T00:00:00.000Z,88.32,89.60,87.73,88.51,151.03888005,88.51
2017-10-26T04:00:00.000Z,88.51,89.70,88.51,88.83,242.20167067,88.83
2017-10-26T08:00:00.000Z,88.83,89.69,88.50,88.58,266.24637014,88.58
2017-10-26T12:00:00.000Z,88.58,90.00,88.48,88.50,543.21636699,88.50
2017-10-26T16:00:00.000Z,88.50,89.32,87.71,88.65,273.93523764,88.65
2017-10-26T20:00:00.000Z,88.65,89.20,87.69,88.28,572.27789205,88.28
2017-10-27T00:00:00.000Z,88.28,89.00,87.23,87.23,605.80578058,87.23
2017-10-27T04:00:00.000Z,87.23,88.28,87.23,87.49,634.31108367,87.49
2017-10-27T08:00:00.000Z,87.49,88.36,87.23,88.09,78.20927759,88.09
2017-10-27T12:00:00.000Z,87.60,88.10,87.23,87.32,162.27704253,87.32
2017-10-27T16:00:00.000Z,87.28,88.02,86.28,86.86,649.79460037,86.86
2017-10-27T20:00:00.000Z,86.95,87.75,86.27,87.40,464.01602556,87.40
2017-10-28T00:00:00.000Z,87.40,87.89,86.90,86.99,92.72073739,86.99
2017-10-28T04:00:00.000Z,86.99,87.37,86.99,87.15,31.10920923,87.15
2017-10-28T08:00:00.000Z,87.15,87.28,86.27,86.27,567.12400897,86.27
2017-10-28T12:00:00.000Z,86.27,86.97,86.01,86.01,111.37583432,86.01
2017-10-28T16:00:00.000Z,86.59,87.28,86.02,86.39,310.25004703,86.39
2017-10-28T20:00:00.000Z,86.39,86.42,85.14,86.03,173.66176002,86.03
2017-10-29T00:00:00.000Z,86.03,87.22,86.00,86.54,180.08110114,86.54
2017-10-29T04:00:00.000Z,86.54,88.48,86.54,87.46,123.94491764,87.46
2017-10-29T08:00:00.000Z,87.46,87.50,86.88,87.50,69.48109442,87.50
2017-10-29T12:00:00.000Z,87.50,89.00,87.46,88.48,575.61373997,88.48
2017-10-29T16:00:00.000Z,88.48,88.90,87.80,88.83,370.03947903,88.83
2017-10-29T20:00:00.000Z,88.90,90.30,87.96,88.06,756.60321282,88.06
2017-10-30T00:00:00.000Z,88.06,90.00,88.06,90.00,1006.23245084,90.00
2017-10-30T04:00:00.000Z,89.24,89.40,88.13,88.23,774.33378216,88.23
2017-10-30T08:00:00.000Z,88.23,90.25,88.23,89.51,271.17552956,89.51
2017-10-30T12:00:00.000Z,89.51,89.96,88.64,89.03,170.73814847,89.03
2017-10-30T16:00:00.000Z,89.03,92.30,88.58,89.18,1150.01554103,89.18
2017-10-30T20:00:00.000Z,89.18,89.67,88.60,89.12,182.95364281,89.12
2017-10-31T00:00:00.000Z,88.94,89.17,88.50,88.50,188.47889195,88.50
2017-10-31T04:00:00.000Z,88.50,89.32,88.14,88.27,175.50901330,88.27
2017-10-31T08:00:00.000Z,88.27,88.97,88.13,88.97,147.13142973,88.97
2017-10-31T12:00:00.000Z,88.97,90.00,88.13,88.71,718.71354432,88.71
2017-10-31T16:00:00.000Z,88.70,89.30,88.18,89.21,202.07554318,89.21
2017-10-31T20:00:00.000Z,89.21,89.21,88.13,88.13,946.23519536,88.13
2017-11-01T00:00:00.000Z,88.13,88.17,87.00,87.39,965.64605830,87.39
2017-11-01T04:00:00.000Z,87.39,87.60,86.46,87.50,171.37048728,87.50
2017-11-01T08:00:00.000Z,87.50,87.90,86.61,87.05,326.57628119,87.05
2017-11-01T12:00:00.000Z,87.07,87.50,85.00,87.50,740.90475600,87.50
2017-11-01T16:00:00.000Z,87.50,87.50,85.70,86.02,298.99974121,86.02
2017-11-01T20:00:00.000Z,86.02,87.23,85.10,85.33,339.44654806,85.33
2017-11-02T00:00:00.000Z,85.33,87.50,83.00,83.65,1265.13824574,83.65
2017-11-02T04:00:00.000Z,83.65,84.25,82.07,82.28,1487.88618836,82.28
2017-11-02T08:00:00.000Z,82.28,83.37,81.50,83.37,1097.69364201,83.37
2017-11-02T12:00:00.000Z,84.00,89.16,81.50,84.27,458.94975123,84.27
2017-11-02T16:00:00.000Z,84.27,85.33,81.51,83.29,1528.57964165,83.29
2017-11-02T20:00:00.000Z,84.10,84.90,82.77,83.02,304.62690715,83.02
2017-11-03T00:00:00.000Z,83.02,85.75,83.02,85.52,272.63988701,85.52
2017-11-03T04:00:00.000Z,85.52,85.52,83.41,83.49,160.63403156,83.49
2017-11-03T08:00:00.000Z,83.49,85.49,83.49,84.80,164.69583104,84.80
2017-11-03T12:00:00.000Z,84.80,85.50,83.60,85.50,2428.33728224,85.50
2017-11-03T16:00:00.000Z,85.50,86.00,84.01,86.00,1212.74300528,86.00
2017-11-03T20:00:00.000Z,86.00,89.39,84.81,87.64,2041.63426601,87.64
2017-11-04T00:00:00.000Z,87.92,88.00,85.33,85.87,561.33136251,85.87
2017-11-04T04:00:00.000Z,85.89,87.15,85.53,86.98,381.83244502,86.98
2017-11-04T08:00:00.000Z,86.97,86.97,85.16,86.13,102.28885802,86.13
2017-11-04T12:00:00.000Z,86.10,86.99,86.10,86.25,918.85570943,86.25
2017-11-04T16:00:00.000Z,86.75,87.00,86.75,86.96,187.88125539,86.96
2017-11-04T20:00:00.000Z,87.00,87.00,86.75,87.00,1159.47394219,87.00
2017-11-05T00:00:00.000Z,87.00,87.90,86.75,86.75,546.99877681,86.75
2017-11-05T04:00:00.000Z,87.25,87.47,86.97,87.47,24.19891649,87.47
2017-11-05T08:00:00.000Z,87.70,87.71,86.01,87.12,1330.75653129,87.12
2017-11-05T12:00:00.000Z,87.32,87.50,85.11,87.32,219.36751136,87.32
2017-11-05T16:00:00.000Z,85.89,87.12,85.89,86.79,38.06755159,86.79
2017-11-05T20:00:00.000Z,86.05,86.52,85.11,85.62,76.24738482,85.62
2017-11-06T00:00:00.000Z,86.71,87.34,85.13,87.00,2093.79795663,87.00
2017-11-06T04:00:00.000Z,86.89,88.20,86.47,87.28,866.37901087,87.28
2017-11-06T08:00:00.000Z,87.29,89.61,86.59,89.40,280.56424012,89.40
2017-11-06T12:00:00.000Z,89.40,97.55,89.40,94.93,2502.03094767,94.93
2017-11-06T16:00:00.000Z,94.93,100.00,94.21,97.00,4108.44674586,97.00
2017-11-06T20:00:00.000Z,97.00,100.75,96.01,100.75,2672.62624722,100.75
2017-11-07T00:00:00.000Z,100.71,103.77,99.41,102.14,2489.47645714,102.14
2017-11-07T04:00:00.000Z,102.07,102.35,97.77,100.72,526.09626990,100.72
2017-11-07T08:00:00.000Z,100.25,100.80,97.90,97.90,670.24288791,97.90
2017-11-07T12:00:00.000Z,98.00,98.00,94.00,94.94,1453.81876804,94.94
2017-11-07T16:00:00.000Z,95.14,103.77,94.22,102.94,950.66785582,102.94
2017-11-07T20:00:00.000Z,101.98,102.98,98.50,98.93,1304.12069086,98.93
2017-11-08T00:00:00.000Z,98.71,100.61,98.05,99.00,445.61400923,99.00
2017-11-08T04:00:00.000Z,99.50,101.67,99.48,100.26,1400.52132644,100.26
2017-11-08T08:00:00.000Z,100.26,101.62,99.02,101.62,456.84928444,101.62
2017-11-08T12:00:00.000Z,101.64,102.00,99.85,101.03,568.63355341,101.03
2017-11-08T16:00:00.000Z,101.03,110.00,100.01,109.70,3264.64298329,109.70
2017-11-08T20:00:00.000Z,109.00,116.68,107.60,113.11,3213.94999682,113.11
2017-11-09T00:00:00.000Z,113.56,117.69,110.67,114.10,2445.74581535,114.10
2017-11-09T04:00:00.000Z,114.11,117.50,113.84,115.30,1566.18399749,115.30
2017-11-09T08:00:00.000Z,115.20,116.46,107.60,114.00,2494.84286162,114.00
2017-11-09T12:00:00.000Z,113.94,119.70,113.92,118.00,1199.32541083,118.00
2017-11-09T16:00:00.000Z,118.03,121.90,116.74,121.87,1660.65676582,121.87
2017-11-09T20:00:00.000Z,121.87,124.30,110.00,120.85,4234.33033202,120.85
2017-11-10T00:00:00.000Z,120.62,123.23,117.47,117.59,842.94646950,117.59
2017-11-10T04:00:00.000Z,117.84,122.69,116.95,118.53,902.82688073,118.53
2017-11-10T08:00:00.000Z,118.52,119.99,115.01,115.01,3069.33071476,115.01
2017-11-10T12:00:00.000Z,115.03,115.25,106.76,108.85,2252.75023900,108.85
2017-11-10T16:00:00.000Z,108.00,110.99,96.85,97.00,4213.25410790,97.00
2017-11-10T20:00:00.000Z,97.00,111.77,97.00,109.57,3970.75705997,109.57
2017-11-11T00:00:00.000Z,109.57,109.96,105.44,108.79,715.48964572,108.79
2017-11-11T04:00:00.000Z,108.79,112.75,108.00,109.56,986.31633703,109.56
2017-11-11T08:00:00.000Z,110.09,111.00,105.02,105.02,1114.87219513,105.02
2017-11-11T12:00:00.000Z,105.01,118.44,104.00,114.05,2474.37426688,114.05
2017-11-11T16:00:00.000Z,111.91,127.40,110.00,119.00,4581.89294303,119.00
2017-11-11T20:00:00.000Z,119.00,127.50,117.27,119.92,1827.82231723,119.92
2017-11-12T00:00:00.000Z,119.92,125.41,114.81,114.81,2206.27005698,114.81
2017-11-12T04:00:00.000Z,114.27,120.31,109.72,113.00,3950.50343179,113.00
2017-11-12T08:00:00.000Z,113.00,120.00,109.51,116.00,2095.65359572,116.00
2017-11-12T12:00:00.000Z,116.00,128.77,107.50,124.94,3129.63382975,124.94
2017-11-12T16:00:00.000Z,123.40,127.00,118.23,123.20,2999.28532601,123.20
2017-11-12T20:00:00.000Z,122.98,123.50,119.88,122.00,520.41905512,122.00
