"Index","KrakenDASHUSD.Open","KrakenDASHUSD.High","KrakenDASHUSD.Low","KrakenDASHUSD.Close","KrakenDASHUSD.Volume","KrakenDASHUSD.Adjusted"
2017-07-16T00:00:00.000Z,138.000,142.281,136.000,142.281,182.38320274,142.281
2017-07-16T04:00:00.000Z,142.278,142.278,133.222,136.080,848.99780314,136.080
2017-07-16T08:00:00.000Z,136.080,137.697,123.456,123.456,455.99456458,123.456
2017-07-16T12:00:00.000Z,123.456,130.000,115.000,127.100,1554.29911570,127.100
2017-07-16T16:00:00.000Z,128.000,134.999,126.500,128.836,417.05970097,128.836
2017-07-16T20:00:00.000Z,128.698,133.183,126.841,129.840,490.51083559,129.840
2017-07-17T00:00:00.000Z,132.063,139.849,130.000,134.198,272.00442789,134.198
2017-07-17T04:00:00.000Z,135.469,148.811,134.523,148.000,275.81285256,148.000
2017-07-17T08:00:00.000Z,148.812,150.000,141.000,142.999,98.86089492,142.999
2017-07-17T12:00:00.000Z,141.000,150.000,134.488,144.881,561.21132364,144.881
2017-07-17T16:00:00.000Z,144.881,148.991,142.000,148.838,376.37920292,148.838
2017-07-17T20:00:00.000Z,148.614,154.757,145.000,152.999,646.39323590,152.999
2017-07-18T00:00:00.000Z,150.600,153.114,145.259,148.274,286.44764800,148.274
2017-07-18T04:00:00.000Z,146.378,151.315,145.000,150.943,181.71370964,150.943
2017-07-18T08:00:00.000Z,151.347,154.989,145.887,154.989,217.50066578,154.989
2017-07-18T12:00:00.000Z,154.988,161.999,151.951,161.999,790.30469212,161.999
2017-07-18T16:00:00.000Z,162.000,166.092,155.528,162.155,443.09307289,162.155
2017-07-18T20:00:00.000Z,162.470,167.199,153.283,153.911,955.75679913,153.911
2017-07-19T00:00:00.000Z,156.739,169.650,153.100,161.007,471.43102027,161.007
2017-07-19T04:00:00.000Z,162.333,169.650,162.333,169.399,389.30293322,169.399
2017-07-19T08:00:00.000Z,169.399,173.828,165.723,173.422,197.31461938,173.422
2017-07-19T12:00:00.000Z,168.000,171.632,160.489,165.000,443.33065773,165.000
2017-07-19T16:00:00.000Z,164.013,166.394,155.249,156.999,219.42446675,156.999
2017-07-19T20:00:00.000Z,156.999,159.951,152.000,152.254,55.94301417,152.254
2017-07-20T00:00:00.000Z,158.369,180.000,154.000,169.011,615.49276951,169.011
2017-07-20T04:00:00.000Z,170.000,175.078,170.000,173.999,536.10159099,173.999
2017-07-20T08:00:00.000Z,171.306,215.000,171.306,197.499,1013.54522128,197.499
2017-07-20T12:00:00.000Z,197.380,198.000,189.000,193.259,1004.84254419,193.259
2017-07-20T16:00:00.000Z,194.120,198.000,185.690,193.332,466.18974754,193.332
2017-07-20T20:00:00.000Z,193.332,193.332,185.144,189.108,418.96559238,189.108
2017-07-21T00:00:00.000Z,186.905,194.702,180.000,189.668,137.08613918,189.668
2017-07-21T04:00:00.000Z,190.144,191.965,184.000,186.621,360.89563472,186.621
2017-07-21T08:00:00.000Z,191.946,199.800,187.363,199.799,448.61825996,199.799
2017-07-21T12:00:00.000Z,195.791,200.000,192.000,192.000,211.26184203,192.000
2017-07-21T16:00:00.000Z,191.715,195.000,182.160,182.710,951.30257806,182.710
2017-07-21T20:00:00.000Z,182.710,188.999,180.250,185.872,232.24696529,185.872
2017-07-22T00:00:00.000Z,185.872,196.738,185.600,193.997,404.15918488,193.997
2017-07-22T04:00:00.000Z,194.000,195.999,192.010,192.488,75.53049540,192.488
2017-07-22T08:00:00.000Z,195.815,195.999,191.400,191.400,144.77005145,191.400
2017-07-22T12:00:00.000Z,191.400,194.901,188.914,193.890,79.06675457,193.890
2017-07-22T16:00:00.000Z,193.899,198.000,192.174,194.000,1124.76194703,194.000
2017-07-22T20:00:00.000Z,195.000,197.800,194.427,197.800,195.21084170,197.800
2017-07-23T00:00:00.000Z,197.799,198.998,195.537,198.000,461.04551360,198.000
2017-07-23T04:00:00.000Z,195.532,196.998,191.091,191.910,106.56230913,191.910
2017-07-23T08:00:00.000Z,191.235,195.632,189.435,192.255,181.23172358,192.255
2017-07-23T12:00:00.000Z,189.900,212.500,189.900,194.500,378.49379252,194.500
2017-07-23T16:00:00.000Z,193.038,193.039,192.500,192.500,63.88132273,192.500
2017-07-23T20:00:00.000Z,195.499,195.499,190.604,190.604,41.48278419,190.604
2017-07-24T00:00:00.000Z,195.475,205.000,191.152,191.432,222.67183516,191.432
2017-07-24T04:00:00.000Z,197.843,205.000,191.500,196.000,267.92741769,196.000
2017-07-24T08:00:00.000Z,197.762,204.548,195.750,202.499,258.61262044,202.499
2017-07-24T12:00:00.000Z,202.497,217.000,200.002,211.915,2040.59463015,211.915
2017-07-24T16:00:00.000Z,217.000,219.000,204.000,209.000,1118.24236980,209.000
2017-07-24T20:00:00.000Z,210.000,212.661,196.044,204.899,707.89124335,204.899
2017-07-25T00:00:00.000Z,201.640,210.000,201.000,208.458,2468.43967546,208.458
2017-07-25T04:00:00.000Z,206.500,210.000,196.723,196.725,638.85795758,196.725
2017-07-25T08:00:00.000Z,196.725,207.000,170.600,193.999,429.52541869,193.999
2017-07-25T12:00:00.000Z,193.999,194.000,175.000,193.000,506.44388330,193.000
2017-07-25T16:00:00.000Z,193.900,194.000,181.070,184.873,947.42755935,184.873
2017-07-25T20:00:00.000Z,184.968,194.000,170.600,194.000,1588.16960965,194.000
2017-07-26T00:00:00.000Z,194.000,194.999,185.524,192.000,811.66900453,192.000
2017-07-26T04:00:00.000Z,193.599,193.599,186.850,190.989,261.79041170,190.989
2017-07-26T08:00:00.000Z,190.989,199.627,190.989,199.627,515.85781900,199.627
2017-07-26T12:00:00.000Z,197.369,210.000,190.257,192.000,1170.25010702,192.000
2017-07-26T16:00:00.000Z,192.000,195.991,189.700,192.000,605.21643873,192.000
2017-07-26T20:00:00.000Z,192.000,195.991,184.857,193.000,259.01567418,193.000
2017-07-27T00:00:00.000Z,194.200,196.840,190.522,195.000,194.57332718,195.000
2017-07-27T04:00:00.000Z,195.000,198.683,195.000,195.811,118.24605071,195.811
2017-07-27T08:00:00.000Z,198.936,199.598,196.450,199.598,63.57518418,199.598
2017-07-27T12:00:00.000Z,196.313,199.596,192.385,196.999,250.24057689,196.999
2017-07-27T16:00:00.000Z,192.317,196.799,191.990,193.996,51.92921663,193.996
2017-07-27T20:00:00.000Z,193.987,196.338,192.000,195.958,295.80212240,195.958
2017-07-28T00:00:00.000Z,195.503,196.362,192.901,193.440,124.92783331,193.440
2017-07-28T04:00:00.000Z,196.359,196.500,193.000,194.363,120.49815853,194.363
2017-07-28T08:00:00.000Z,196.495,196.495,188.000,189.956,859.87414282,189.956
2017-07-28T12:00:00.000Z,189.956,198.467,181.000,185.000,626.90506723,185.000
2017-07-28T16:00:00.000Z,187.695,190.999,183.900,183.900,279.45691498,183.900
2017-07-28T20:00:00.000Z,185.553,188.466,183.443,184.170,192.89646970,184.170
2017-07-29T00:00:00.000Z,184.172,188.425,178.287,180.000,321.50624441,180.000
2017-07-29T04:00:00.000Z,179.711,179.711,171.038,178.591,608.50621195,178.591
2017-07-29T08:00:00.000Z,174.000,177.999,167.300,171.449,913.69180360,171.449
2017-07-29T12:00:00.000Z,173.705,176.601,172.284,176.139,258.48026715,176.139
2017-07-29T16:00:00.000Z,173.829,180.862,172.374,180.010,261.05954813,180.010
2017-07-29T20:00:00.000Z,180.917,187.817,179.004,185.440,556.44052272,185.440
2017-07-30T00:00:00.000Z,187.740,187.817,182.010,182.010,368.52777114,182.010
2017-07-30T04:00:00.000Z,181.800,183.160,178.179,178.179,250.49138505,178.179
2017-07-30T08:00:00.000Z,178.685,181.726,177.835,180.991,12.74163038,180.991
2017-07-30T12:00:00.000Z,180.981,180.999,177.400,177.400,219.57589086,177.400
2017-07-30T16:00:00.000Z,178.999,179.979,174.628,176.498,95.27907754,176.498
2017-07-30T20:00:00.000Z,176.150,176.150,171.945,175.418,346.96978610,175.418
2017-07-31T00:00:00.000Z,175.832,178.392,172.000,177.000,103.16423421,177.000
2017-07-31T04:00:00.000Z,175.000,178.436,174.000,178.436,41.69153777,178.436
2017-07-31T08:00:00.000Z,177.922,179.352,170.515,172.979,86.48460754,172.979
2017-07-31T12:00:00.000Z,174.220,175.151,171.000,174.646,251.43561031,174.646
2017-07-31T16:00:00.000Z,175.151,178.000,175.000,177.999,240.81624914,177.999
2017-07-31T20:00:00.000Z,176.002,180.000,176.000,178.500,117.45701859,178.500
2017-08-01T00:00:00.000Z,178.500,182.400,176.734,180.000,97.18875357,180.000
2017-08-01T04:00:00.000Z,181.783,185.600,180.200,182.614,266.09360218,182.614
2017-08-01T08:00:00.000Z,182.500,185.499,180.970,180.970,441.34591767,180.970
2017-08-01T12:00:00.000Z,180.970,186.669,178.000,179.938,513.61516201,179.938
2017-08-01T16:00:00.000Z,184.117,185.500,178.695,182.959,234.24699705,182.959
2017-08-01T20:00:00.000Z,185.499,186.650,180.867,184.997,147.05045408,184.997
2017-08-02T00:00:00.000Z,184.999,185.000,184.992,185.000,36.74000761,185.000
2017-08-02T04:00:00.000Z,185.000,186.813,183.500,184.000,657.01738779,184.000
2017-08-02T08:00:00.000Z,183.600,185.965,180.418,181.700,499.78462960,181.700
2017-08-02T12:00:00.000Z,180.467,185.800,178.000,183.999,478.89574595,183.999
2017-08-02T16:00:00.000Z,182.218,183.999,180.002,183.949,45.91205382,183.949
2017-08-02T20:00:00.000Z,180.861,183.999,180.861,182.530,189.72585438,182.530
2017-08-03T00:00:00.000Z,182.530,183.989,181.000,181.000,47.15826365,181.000
2017-08-03T04:00:00.000Z,182.999,183.499,180.543,181.000,111.10601341,181.000
2017-08-03T08:00:00.000Z,181.000,185.000,178.050,184.000,470.75188233,184.000
2017-08-03T12:00:00.000Z,184.000,192.999,182.037,191.001,551.77769579,191.001
2017-08-03T16:00:00.000Z,190.757,191.165,186.001,188.000,140.67076083,188.000
2017-08-03T20:00:00.000Z,189.800,190.000,186.981,187.999,115.09092298,187.999
2017-08-04T00:00:00.000Z,187.999,192.799,186.600,191.699,421.84264449,191.699
2017-08-04T04:00:00.000Z,192.799,192.799,186.272,191.469,94.42945685,191.469
2017-08-04T08:00:00.000Z,191.799,196.800,189.610,189.610,1079.19857749,189.610
2017-08-04T12:00:00.000Z,189.610,195.565,188.000,190.999,498.66808270,190.999
2017-08-04T16:00:00.000Z,191.000,193.500,187.395,187.396,312.30060841,187.396
2017-08-04T20:00:00.000Z,187.399,191.499,186.333,191.497,256.82389251,191.497
2017-08-05T00:00:00.000Z,188.002,191.550,186.177,191.550,591.72172133,191.550
2017-08-05T04:00:00.000Z,191.550,193.000,188.000,191.000,526.71132245,191.000
2017-08-05T08:00:00.000Z,192.198,196.000,188.200,196.000,250.03716887,196.000
2017-08-05T12:00:00.000Z,194.790,195.999,191.161,194.499,347.65066649,194.499
2017-08-05T16:00:00.000Z,192.220,198.304,192.000,193.000,388.36049465,193.000
2017-08-05T20:00:00.000Z,194.700,194.701,190.010,193.000,338.19361728,193.000
2017-08-06T00:00:00.000Z,192.123,194.701,192.010,194.701,242.31376695,194.701
2017-08-06T04:00:00.000Z,192.100,194.499,190.240,190.250,98.68568090,190.250
2017-08-06T08:00:00.000Z,190.250,194.450,189.000,190.300,154.76009727,190.300
2017-08-06T12:00:00.000Z,191.997,196.999,190.340,195.888,293.64338080,195.888
2017-08-06T16:00:00.000Z,195.852,195.852,190.500,190.500,72.63366983,190.500
2017-08-06T20:00:00.000Z,193.859,193.859,187.800,187.800,190.32758312,187.800
2017-08-07T00:00:00.000Z,187.801,193.850,187.800,193.526,165.86440571,193.526
2017-08-07T04:00:00.000Z,192.002,193.849,190.349,192.000,96.47114781,192.000
2017-08-07T08:00:00.000Z,192.323,195.999,190.502,193.800,228.87905083,193.800
2017-08-07T12:00:00.000Z,193.800,196.020,191.000,191.000,672.31307076,191.000
2017-08-07T16:00:00.000Z,195.000,209.323,191.205,198.499,834.10349009,198.499
2017-08-07T20:00:00.000Z,197.254,199.000,195.000,198.400,168.36363909,198.400
2017-08-08T00:00:00.000Z,198.398,199.999,197.690,199.999,103.59529198,199.999
2017-08-08T04:00:00.000Z,200.000,203.119,195.200,201.000,254.21571199,201.000
2017-08-08T08:00:00.000Z,200.999,205.000,196.407,197.885,345.83436083,197.885
2017-08-08T12:00:00.000Z,198.999,200.999,194.485,196.716,133.97057260,196.716
2017-08-08T16:00:00.000Z,199.994,202.000,196.716,199.999,88.97096013,199.999
2017-08-08T20:00:00.000Z,199.999,204.000,195.000,204.000,699.28262611,204.000
2017-08-09T00:00:00.000Z,204.000,208.000,197.272,207.000,344.14421466,207.000
2017-08-09T04:00:00.000Z,204.000,208.000,203.856,206.000,286.95323348,206.000
2017-08-09T08:00:00.000Z,205.000,207.299,199.000,201.212,360.66642068,201.212
2017-08-09T12:00:00.000Z,202.000,206.242,198.060,200.798,212.05570798,200.798
2017-08-09T16:00:00.000Z,204.934,206.862,199.058,204.897,287.18362639,204.897
2017-08-09T20:00:00.000Z,204.900,209.000,201.102,205.989,77.97660042,205.989
2017-08-10T00:00:00.000Z,202.793,208.323,201.023,201.711,33.29467761,201.711
2017-08-10T04:00:00.000Z,203.440,210.000,201.710,205.000,497.88376425,205.000
2017-08-10T08:00:00.000Z,205.000,209.940,204.000,207.600,65.61859993,207.600
2017-08-10T12:00:00.000Z,209.984,209.984,203.930,209.290,359.47562890,209.290
2017-08-10T16:00:00.000Z,209.290,209.982,206.201,207.000,57.87786163,207.000
2017-08-10T20:00:00.000Z,207.000,209.990,206.200,206.203,178.52940802,206.203
2017-08-11T00:00:00.000Z,206.203,210.000,202.806,209.983,296.42642120,209.983
2017-08-11T04:00:00.000Z,208.910,211.000,206.910,210.200,366.42554866,210.200
2017-08-11T08:00:00.000Z,210.999,214.998,206.000,206.020,236.72671483,206.020
2017-08-11T12:00:00.000Z,207.193,208.461,201.500,202.979,504.95422816,202.979
2017-08-11T16:00:00.000Z,201.500,206.494,200.000,205.086,86.67971326,205.086
2017-08-11T20:00:00.000Z,205.057,210.145,200.749,210.145,138.50462456,210.145
2017-08-12T00:00:00.000Z,207.502,209.983,204.000,209.799,157.12313288,209.799
2017-08-12T04:00:00.000Z,209.799,211.999,207.773,210.002,348.47218270,210.002
2017-08-12T08:00:00.000Z,210.025,211.163,210.000,210.099,86.26048861,210.099
2017-08-12T12:00:00.000Z,210.100,212.200,208.297,210.002,287.45047786,210.002
2017-08-12T16:00:00.000Z,212.197,212.198,204.698,208.569,228.62033313,208.569
2017-08-12T20:00:00.000Z,208.550,208.552,201.500,203.291,102.18327089,203.291
2017-08-13T00:00:00.000Z,203.891,208.500,200.000,203.970,577.28676819,203.970
2017-08-13T04:00:00.000Z,203.970,207.880,200.002,205.979,286.39494314,205.979
2017-08-13T08:00:00.000Z,201.000,205.981,198.060,199.998,108.89810211,199.998
2017-08-13T12:00:00.000Z,200.000,212.200,198.000,201.666,242.41285842,201.666
2017-08-13T16:00:00.000Z,201.704,205.900,195.798,195.798,77.38033499,195.798
2017-08-13T20:00:00.000Z,200.000,203.360,195.801,198.997,123.52893310,198.997
2017-08-14T00:00:00.000Z,198.994,201.569,196.389,196.496,183.96480418,196.496
2017-08-14T04:00:00.000Z,196.496,202.000,196.495,200.000,192.16170257,200.000
2017-08-14T08:00:00.000Z,201.868,203.299,200.025,200.025,165.56044716,200.025
2017-08-14T12:00:00.000Z,203.177,203.177,195.937,195.937,401.92535296,195.937
2017-08-14T16:00:00.000Z,196.279,202.339,195.002,200.000,682.55686428,200.000
2017-08-14T20:00:00.000Z,200.000,202.340,195.000,200.000,229.37780925,200.000
2017-08-15T00:00:00.000Z,200.000,202.290,197.061,201.866,283.07374315,201.866
2017-08-15T04:00:00.000Z,201.850,201.996,198.443,198.443,40.44251919,198.443
2017-08-15T08:00:00.000Z,201.231,201.233,196.000,196.782,352.18863658,196.782
2017-08-15T12:00:00.000Z,195.938,202.340,192.000,202.340,359.87878362,202.340
2017-08-15T16:00:00.000Z,202.340,204.800,198.000,198.001,425.29352108,198.001
2017-08-15T20:00:00.000Z,197.002,208.000,196.010,205.000,926.20341520,205.000
2017-08-16T00:00:00.000Z,205.000,207.793,200.000,201.358,205.41014245,201.358
2017-08-16T04:00:00.000Z,202.013,207.000,200.503,207.000,187.21701665,207.000
2017-08-16T08:00:00.000Z,207.000,219.597,206.509,212.500,935.72578216,212.500
2017-08-16T12:00:00.000Z,213.999,249.000,213.997,231.600,1428.06455221,231.600
2017-08-16T16:00:00.000Z,233.000,239.000,225.686,229.189,623.34124225,229.189
2017-08-16T20:00:00.000Z,229.339,231.902,225.616,231.901,425.20059750,231.901
2017-08-17T00:00:00.000Z,231.902,236.724,229.079,236.329,347.57096125,236.329
2017-08-17T04:00:00.000Z,236.775,253.499,231.350,248.555,1135.91918828,248.555
2017-08-17T08:00:00.000Z,248.500,253.499,244.868,246.480,243.31363045,246.480
2017-08-17T12:00:00.000Z,246.480,262.000,243.000,256.000,1219.02776136,256.000
2017-08-17T16:00:00.000Z,247.100,254.999,235.000,240.012,281.95065497,240.012
2017-08-17T20:00:00.000Z,241.821,246.000,240.000,240.000,145.14029578,240.000
2017-08-18T00:00:00.000Z,239.800,249.900,228.000,233.951,275.26501140,233.951
2017-08-18T04:00:00.000Z,239.995,244.999,230.000,239.495,70.14948020,239.495
2017-08-18T08:00:00.000Z,239.497,239.499,230.879,236.100,73.52513039,236.100
2017-08-18T12:00:00.000Z,235.000,242.678,230.000,238.902,267.36416489,238.902
2017-08-18T16:00:00.000Z,235.345,241.599,222.000,235.999,389.58626824,235.999
2017-08-18T20:00:00.000Z,235.999,236.926,214.900,236.545,103.68774939,236.545
2017-08-19T00:00:00.000Z,222.622,236.480,217.200,235.700,1027.65892126,235.700
2017-08-19T04:00:00.000Z,229.349,236.225,229.327,232.450,5.30592457,232.450
2017-08-19T08:00:00.000Z,236.225,239.000,229.121,230.000,116.34557652,230.000
2017-08-19T12:00:00.000Z,229.350,360.000,220.000,350.000,1270.03709911,350.000
2017-08-19T16:00:00.000Z,320.032,350.500,272.000,280.056,865.48240658,280.056
2017-08-19T20:00:00.000Z,294.999,321.967,272.000,310.000,569.65269461,310.000
2017-08-20T00:00:00.000Z,310.000,339.000,264.000,310.000,1384.98626347,310.000
2017-08-20T04:00:00.000Z,310.000,315.000,300.000,306.440,188.52195846,306.440
2017-08-20T08:00:00.000Z,305.648,312.000,295.561,297.502,288.24926183,297.502
2017-08-20T12:00:00.000Z,297.510,305.999,295.550,295.550,196.77751962,295.550
2017-08-20T16:00:00.000Z,297.000,297.000,276.000,285.030,448.83458638,285.030
2017-08-20T20:00:00.000Z,294.112,309.090,285.697,293.990,286.10039936,293.990
2017-08-21T00:00:00.000Z,294.000,303.318,292.895,300.000,190.07993911,300.000
2017-08-21T04:00:00.000Z,293.897,293.897,280.000,287.999,118.19077543,287.999
2017-08-21T08:00:00.000Z,287.999,299.842,280.000,290.000,137.40185672,290.000
2017-08-21T12:00:00.000Z,289.000,291.000,280.718,281.500,105.40346923,281.500
2017-08-21T16:00:00.000Z,281.500,290.518,281.000,283.447,99.08097392,283.447
2017-08-21T20:00:00.000Z,282.999,283.499,280.000,281.080,106.10362908,281.080
2017-08-22T00:00:00.000Z,281.080,286.978,276.720,286.495,169.99648687,286.495
2017-08-22T04:00:00.000Z,278.502,279.970,267.000,278.746,364.41168244,278.746
2017-08-22T08:00:00.000Z,278.739,289.699,276.489,287.000,114.84555630,287.000
2017-08-22T12:00:00.000Z,286.990,300.000,273.041,297.700,692.78691923,297.700
2017-08-22T16:00:00.000Z,297.700,300.000,276.000,298.000,372.60287440,298.000
2017-08-22T20:00:00.000Z,296.990,299.949,283.000,299.949,158.34492288,299.949
2017-08-23T00:00:00.000Z,290.017,300.000,290.000,290.000,157.15540744,290.000
2017-08-23T04:00:00.000Z,290.319,299.999,290.000,299.990,197.66845780,299.990
2017-08-23T08:00:00.000Z,292.560,309.000,292.533,301.185,1066.91856519,301.185
2017-08-23T12:00:00.000Z,301.185,301.185,290.102,298.940,118.07149648,298.940
2017-08-23T16:00:00.000Z,299.555,304.989,291.500,293.500,62.98506763,293.500
2017-08-23T20:00:00.000Z,293.510,299.050,291.009,292.848,34.60781767,292.848
2017-08-24T00:00:00.000Z,297.642,300.009,291.002,300.009,112.27460348,300.009
2017-08-24T04:00:00.000Z,297.882,300.008,294.340,298.977,42.27953407,298.977
2017-08-24T08:00:00.000Z,300.007,300.007,297.000,299.998,39.18114077,299.998
2017-08-24T12:00:00.000Z,299.997,312.850,297.087,311.948,344.41302737,311.948
2017-08-24T16:00:00.000Z,311.948,312.481,300.502,304.000,473.80637469,304.000
2017-08-24T20:00:00.000Z,303.997,312.850,300.512,312.850,368.08189308,312.850
2017-08-25T00:00:00.000Z,312.850,318.000,309.561,316.718,415.16320661,316.718
2017-08-25T04:00:00.000Z,316.719,318.000,312.472,315.100,225.45719626,315.100
2017-08-25T08:00:00.000Z,317.546,319.000,315.000,318.900,205.99810075,318.900
2017-08-25T12:00:00.000Z,318.899,320.000,305.000,315.700,894.37072187,315.700
2017-08-25T16:00:00.000Z,316.002,319.947,316.000,318.000,105.39305800,318.000
2017-08-25T20:00:00.000Z,318.000,324.370,316.000,321.000,488.35643941,321.000
2017-08-26T00:00:00.000Z,321.000,330.000,321.000,328.503,176.29542089,328.503
2017-08-26T04:00:00.000Z,328.513,348.600,328.500,342.997,393.56110139,342.997
2017-08-26T08:00:00.000Z,342.999,350.000,339.329,347.997,239.18583769,347.997
2017-08-26T12:00:00.000Z,347.997,404.999,336.191,372.990,1783.07714314,372.990
2017-08-26T16:00:00.000Z,383.759,394.998,366.690,383.475,259.70565437,383.475
2017-08-26T20:00:00.000Z,383.475,414.999,371.010,404.988,603.25885129,404.988
2017-08-27T00:00:00.000Z,395.000,404.000,373.000,375.110,199.24169016,375.110
2017-08-27T04:00:00.000Z,375.411,385.999,375.100,376.348,226.58523908,376.348
2017-08-27T08:00:00.000Z,376.348,403.663,373.699,375.000,536.68167745,375.000
2017-08-27T12:00:00.000Z,375.001,379.301,363.000,364.912,475.37220346,364.912
2017-08-27T16:00:00.000Z,366.000,370.809,363.000,364.000,405.11385612,364.000
2017-08-27T20:00:00.000Z,363.997,370.996,355.136,364.997,656.38443767,364.997
2017-08-28T00:00:00.000Z,364.997,370.999,352.590,368.999,276.15944519,368.999
2017-08-28T04:00:00.000Z,368.999,368.999,360.000,364.395,196.58521502,364.395
2017-08-28T08:00:00.000Z,360.107,364.489,352.590,363.916,444.78746884,363.916
2017-08-28T12:00:00.000Z,363.842,370.000,353.002,356.944,321.06753987,356.944
2017-08-28T16:00:00.000Z,362.189,364.999,355.000,358.070,58.10319987,358.070
2017-08-28T20:00:00.000Z,358.170,362.000,358.170,360.000,109.35503920,360.000
2017-08-29T00:00:00.000Z,358.222,365.000,358.222,364.910,141.23975732,364.910
2017-08-29T04:00:00.000Z,364.910,365.000,360.008,360.011,74.32166155,360.011
2017-08-29T08:00:00.000Z,360.020,364.875,360.000,360.980,147.24663132,360.980
2017-08-29T12:00:00.000Z,360.500,370.000,360.000,361.850,325.62131457,361.850
2017-08-29T16:00:00.000Z,362.000,374.000,357.000,373.745,250.46256970,373.745
2017-08-29T20:00:00.000Z,373.745,375.000,360.000,366.500,187.19655383,366.500
2017-08-30T00:00:00.000Z,366.500,375.000,357.201,364.997,373.24989579,364.997
2017-08-30T04:00:00.000Z,364.997,380.200,362.070,373.480,143.64342128,373.480
2017-08-30T08:00:00.000Z,373.700,383.318,357.200,377.842,284.51523747,377.842
2017-08-30T12:00:00.000Z,367.000,377.836,365.001,372.880,62.20939760,372.880
2017-08-30T16:00:00.000Z,366.910,376.000,364.242,372.000,369.91902696,372.000
2017-08-30T20:00:00.000Z,370.006,375.960,365.005,371.990,243.23730741,371.990
2017-08-31T00:00:00.000Z,372.000,376.000,368.002,375.010,322.42546236,375.010
2017-08-31T04:00:00.000Z,375.000,375.000,370.202,375.000,12.28693000,375.000
2017-08-31T08:00:00.000Z,375.000,377.989,371.019,373.001,110.58421089,373.001
2017-08-31T12:00:00.000Z,376.500,378.999,371.000,372.074,260.33085997,372.074
2017-08-31T16:00:00.000Z,375.000,381.244,372.005,374.872,177.31364356,374.872
2017-08-31T20:00:00.000Z,374.918,387.200,374.918,387.182,481.97134317,387.182
2017-09-01T00:00:00.000Z,387.182,387.200,382.000,387.200,164.26068517,387.200
2017-09-01T04:00:00.000Z,387.200,387.200,382.540,384.300,199.05089861,384.300
2017-09-01T08:00:00.000Z,386.905,388.000,384.000,386.746,174.15609498,386.746
2017-09-01T12:00:00.000Z,385.244,395.000,384.100,395.000,240.28530340,395.000
2017-09-01T16:00:00.000Z,390.005,395.000,384.000,390.316,317.60880904,390.316
2017-09-01T20:00:00.000Z,393.000,397.000,386.028,397.000,288.83668371,397.000
2017-09-02T00:00:00.000Z,397.000,409.668,386.000,391.880,308.68723416,391.880
2017-09-02T04:00:00.000Z,386.033,396.900,364.240,379.887,417.06426886,379.887
2017-09-02T08:00:00.000Z,379.887,379.887,365.000,369.206,260.23327106,369.206
2017-09-02T12:00:00.000Z,369.206,377.983,340.000,343.000,264.69774790,343.000
2017-09-02T16:00:00.000Z,345.000,362.992,340.000,348.100,106.52378937,348.100
2017-09-02T20:00:00.000Z,348.100,366.008,323.002,350.011,437.38125977,350.011
2017-09-03T00:00:00.000Z,350.011,366.993,350.011,365.000,103.08399878,365.000
2017-09-03T04:00:00.000Z,365.000,375.000,360.199,372.684,349.21955811,372.684
2017-09-03T08:00:00.000Z,372.684,372.684,350.018,365.839,99.56929624,365.839
2017-09-03T12:00:00.000Z,353.380,360.629,338.000,353.000,166.50687887,353.000
2017-09-03T16:00:00.000Z,353.000,359.939,347.397,358.921,105.85522577,358.921
2017-09-03T20:00:00.000Z,358.975,362.979,355.042,362.000,157.62052507,362.000
2017-09-04T00:00:00.000Z,362.000,362.000,359.006,359.050,53.59775019,359.050
2017-09-04T04:00:00.000Z,359.050,359.104,347.000,347.000,130.97616182,347.000
2017-09-04T08:00:00.000Z,342.777,355.982,329.994,329.994,233.28438457,329.994
2017-09-04T12:00:00.000Z,325.180,327.940,303.000,309.010,283.16840526,309.010
2017-09-04T16:00:00.000Z,327.866,339.999,300.693,334.912,470.19963932,334.912
2017-09-04T20:00:00.000Z,333.998,340.000,308.328,326.690,510.18606807,326.690
2017-09-05T00:00:00.000Z,326.690,329.507,298.000,298.079,720.28722103,298.079
2017-09-05T04:00:00.000Z,299.961,320.000,298.004,316.000,503.63931059,316.000
2017-09-05T08:00:00.000Z,316.000,328.000,315.992,321.498,128.69099430,321.498
2017-09-05T12:00:00.000Z,320.998,339.723,320.998,326.000,344.51273033,326.000
2017-09-05T16:00:00.000Z,326.180,339.723,325.000,339.723,98.55135432,339.723
2017-09-05T20:00:00.000Z,339.723,340.000,333.910,338.001,183.14744746,338.001
2017-09-06T00:00:00.000Z,338.000,358.000,338.000,340.082,246.33216197,340.082
2017-09-06T04:00:00.000Z,340.082,373.000,335.041,346.280,285.30486013,346.280
2017-09-06T08:00:00.000Z,346.280,373.000,345.000,347.292,368.87298164,347.292
2017-09-06T12:00:00.000Z,349.998,359.890,341.000,346.000,321.28197253,346.000
2017-09-06T16:00:00.000Z,346.000,359.956,341.592,350.670,254.31740806,350.670
2017-09-06T20:00:00.000Z,350.500,357.000,347.181,356.659,93.21186162,356.659
2017-09-07T00:00:00.000Z,354.500,355.950,342.800,343.410,460.90741076,343.410
2017-09-07T04:00:00.000Z,343.410,350.300,341.135,350.264,197.36995762,350.264
2017-09-07T08:00:00.000Z,345.036,354.330,340.144,350.400,158.32272287,350.400
2017-09-07T12:00:00.000Z,350.410,355.000,347.100,351.000,210.61576317,351.000
2017-09-07T16:00:00.000Z,351.006,353.175,347.041,348.620,77.61169516,348.620
2017-09-07T20:00:00.000Z,348.600,353.000,345.900,347.522,224.47035044,347.522
2017-09-08T00:00:00.000Z,352.240,352.750,345.930,349.618,95.18505895,349.618
2017-09-08T04:00:00.000Z,349.618,355.000,348.210,354.638,121.28134890,354.638
2017-09-08T08:00:00.000Z,354.638,383.220,349.260,375.000,589.38798945,375.000
2017-09-08T12:00:00.000Z,375.000,375.030,320.002,335.000,812.48465322,335.000
2017-09-08T16:00:00.000Z,340.000,346.300,330.000,334.889,631.44135331,334.889
2017-09-08T20:00:00.000Z,324.412,340.499,320.000,336.000,344.53795697,336.000
2017-09-09T00:00:00.000Z,336.000,372.000,327.000,327.002,288.42361624,327.002
2017-09-09T04:00:00.000Z,327.002,342.450,327.000,335.200,74.01854218,335.200
2017-09-09T08:00:00.000Z,335.220,339.000,330.240,334.838,80.54360485,334.838
2017-09-09T12:00:00.000Z,334.838,337.560,326.650,326.654,157.28441123,326.654
2017-09-09T16:00:00.000Z,326.690,328.880,318.067,320.016,270.34740769,320.016
2017-09-09T20:00:00.000Z,320.016,329.000,320.016,329.000,71.51874391,329.000
2017-09-10T00:00:00.000Z,329.980,366.956,318.550,319.440,139.35898630,319.440
2017-09-10T04:00:00.000Z,319.440,320.000,310.000,312.000,349.65138833,312.000
2017-09-10T08:00:00.000Z,312.000,316.000,305.350,311.980,234.18469561,311.980
2017-09-10T12:00:00.000Z,311.980,321.769,308.041,316.622,102.81697774,316.622
2017-09-10T16:00:00.000Z,316.600,332.879,313.530,332.519,95.07174587,332.519
2017-09-10T20:00:00.000Z,332.520,332.998,322.670,322.670,246.45860781,322.670
2017-09-11T00:00:00.000Z,328.630,335.899,322.000,334.180,169.53943212,334.180
2017-09-11T04:00:00.000Z,334.180,335.871,315.621,315.624,674.12525779,315.624
2017-09-11T08:00:00.000Z,315.624,324.550,315.370,323.110,443.28499339,323.110
2017-09-11T12:00:00.000Z,323.110,329.160,319.000,329.159,70.45926553,329.159
2017-09-11T16:00:00.000Z,322.020,335.369,318.171,318.171,226.37301352,318.171
2017-09-11T20:00:00.000Z,318.171,320.000,318.000,319.955,72.98694597,319.955
2017-09-12T00:00:00.000Z,319.955,326.990,319.955,324.819,133.79442765,324.819
2017-09-12T04:00:00.000Z,324.819,329.958,322.000,329.958,130.95902651,329.958
2017-09-12T08:00:00.000Z,329.958,334.000,322.761,334.000,109.47503271,334.000
2017-09-12T12:00:00.000Z,334.000,334.497,326.870,329.700,63.70996705,329.700
2017-09-12T16:00:00.000Z,329.700,344.766,327.000,328.310,851.77323172,328.310
2017-09-12T20:00:00.000Z,328.310,333.754,322.770,325.980,116.81505394,325.980
2017-09-13T00:00:00.000Z,325.980,331.599,306.828,306.828,757.41703647,306.828
2017-09-13T04:00:00.000Z,305.540,310.000,301.740,304.030,335.99166675,304.030
2017-09-13T08:00:00.000Z,304.030,307.750,286.072,286.710,215.46456857,286.710
2017-09-13T12:00:00.000Z,286.710,298.980,283.100,287.250,131.84475856,287.250
2017-09-13T16:00:00.000Z,287.250,305.590,287.250,295.083,249.19296266,295.083
2017-09-13T20:00:00.000Z,295.010,305.579,291.380,302.000,144.51753602,302.000
2017-09-14T00:00:00.000Z,300.000,304.729,292.760,300.710,180.41042017,300.710
2017-09-14T04:00:00.000Z,297.860,305.628,293.290,300.420,227.05649239,300.420
2017-09-14T08:00:00.000Z,300.390,300.430,275.000,275.000,396.88914752,275.000
2017-09-14T12:00:00.000Z,275.000,281.873,261.431,262.820,434.07098227,262.820
2017-09-14T16:00:00.000Z,262.820,263.000,221.000,255.510,1851.47829338,255.510
2017-09-14T20:00:00.000Z,249.620,253.879,235.740,240.130,264.03978188,240.130
2017-09-15T00:00:00.000Z,240.670,268.773,236.301,265.000,632.06048291,265.000
2017-09-15T04:00:00.000Z,265.000,265.000,240.500,240.620,410.05639337,240.620
2017-09-15T08:00:00.000Z,240.620,250.000,223.021,230.810,289.70644923,230.810
2017-09-15T12:00:00.000Z,230.900,323.500,223.000,297.030,793.21873007,297.030
2017-09-15T16:00:00.000Z,304.619,304.620,275.060,285.000,109.45954959,285.000
2017-09-15T20:00:00.000Z,297.000,307.309,285.170,285.170,324.24628882,285.170
2017-09-16T00:00:00.000Z,285.170,300.000,285.170,299.000,194.44549710,299.000
2017-09-16T04:00:00.000Z,299.000,307.989,298.691,300.400,296.80139689,300.400
2017-09-16T08:00:00.000Z,300.400,306.120,289.630,294.351,133.26904540,294.351
2017-09-16T12:00:00.000Z,294.351,299.979,284.280,298.980,114.18201605,298.980
2017-09-16T16:00:00.000Z,299.000,311.800,297.730,304.010,963.12081441,304.010
2017-09-16T20:00:00.000Z,304.009,307.729,299.242,300.240,176.75736681,300.240
2017-09-17T00:00:00.000Z,300.370,302.923,295.240,297.962,144.90567866,297.962
2017-09-17T04:00:00.000Z,297.962,302.289,286.203,292.300,192.01571379,292.300
2017-09-17T08:00:00.000Z,292.300,299.639,282.020,299.309,82.19256312,299.309
2017-09-17T12:00:00.000Z,299.309,308.529,294.120,306.466,146.21174134,306.466
2017-09-17T16:00:00.000Z,306.466,312.629,306.466,312.629,1433.99023778,312.629
2017-09-17T20:00:00.000Z,310.005,319.939,308.781,312.780,95.51442620,312.780
2017-09-18T00:00:00.000Z,312.780,332.869,312.780,330.010,416.29627720,330.010
2017-09-18T04:00:00.000Z,330.010,343.000,328.440,341.020,581.27060975,341.020
2017-09-18T08:00:00.000Z,343.000,343.000,326.000,337.599,122.26782116,337.599
2017-09-18T12:00:00.000Z,335.000,345.000,320.422,330.621,654.21541154,330.621
2017-09-18T16:00:00.000Z,330.630,335.460,330.000,330.150,412.57552040,330.150
2017-09-18T20:00:00.000Z,330.150,335.525,330.010,335.525,56.27045865,335.525
2017-09-19T00:00:00.000Z,335.525,335.525,324.940,328.580,49.03473504,328.580
2017-09-19T04:00:00.000Z,328.580,329.616,318.000,318.002,116.33920340,318.002
2017-09-19T08:00:00.000Z,318.002,333.000,318.002,327.553,164.95941819,327.553
2017-09-19T12:00:00.000Z,327.553,340.000,323.560,329.650,88.30443537,329.650
2017-09-19T16:00:00.000Z,329.650,333.660,317.854,324.830,347.37108814,324.830
2017-09-19T20:00:00.000Z,324.830,326.870,317.902,326.842,53.52856050,326.842
2017-09-20T00:00:00.000Z,326.842,327.179,321.000,326.620,80.72327457,326.620
2017-09-20T04:00:00.000Z,326.620,329.478,315.327,329.478,308.13648595,329.478
2017-09-20T08:00:00.000Z,329.478,330.450,325.000,329.837,73.90199910,329.837
2017-09-20T12:00:00.000Z,329.840,350.000,329.840,347.838,465.12495999,347.838
2017-09-20T16:00:00.000Z,342.920,347.290,338.960,342.487,202.40484338,342.487
2017-09-20T20:00:00.000Z,342.486,349.000,342.000,342.079,56.13190751,342.079
2017-09-21T00:00:00.000Z,342.001,346.860,335.093,335.093,558.41727454,335.093
2017-09-21T04:00:00.000Z,335.093,359.890,335.093,359.860,433.61199271,359.860
2017-09-21T08:00:00.000Z,359.860,369.880,346.100,359.579,411.76603386,359.579
2017-09-21T12:00:00.000Z,361.509,369.469,330.001,335.442,345.74095148,335.442
2017-09-21T16:00:00.000Z,347.921,349.600,327.000,327.030,533.81381114,327.030
2017-09-21T20:00:00.000Z,327.030,343.640,308.000,338.786,617.88929242,338.786
2017-09-22T00:00:00.000Z,326.199,353.760,326.190,349.170,422.16944543,349.170
2017-09-22T04:00:00.000Z,353.656,358.708,345.250,354.270,248.75738211,354.270
2017-09-22T08:00:00.000Z,347.234,347.234,334.629,335.051,125.43978639,335.051
2017-09-22T12:00:00.000Z,334.861,349.930,331.000,332.120,79.19278189,332.120
2017-09-22T16:00:00.000Z,332.120,349.800,332.120,339.230,46.68659395,339.230
2017-09-22T20:00:00.000Z,339.230,348.659,337.850,346.825,197.62406312,346.825
2017-09-23T00:00:00.000Z,346.825,346.950,341.500,345.550,20.37417705,345.550
2017-09-23T04:00:00.000Z,345.660,354.700,345.660,350.675,149.82912516,350.675
2017-09-23T08:00:00.000Z,352.240,365.000,351.131,354.410,74.71871810,354.410
2017-09-23T12:00:00.000Z,364.320,364.320,342.041,342.123,481.39269480,342.123
2017-09-23T16:00:00.000Z,342.123,349.000,342.123,349.000,61.07352620,349.000
2017-09-23T20:00:00.000Z,348.960,354.409,348.960,352.960,78.67892592,352.960
2017-09-24T00:00:00.000Z,352.660,352.670,344.960,346.510,95.54279211,346.510
2017-09-24T04:00:00.000Z,346.510,349.120,339.000,342.460,185.59089662,342.460
2017-09-24T08:00:00.000Z,342.640,357.043,342.560,344.322,362.81949816,344.322
2017-09-24T12:00:00.000Z,344.322,355.800,333.290,342.980,303.09889105,342.980
2017-09-24T16:00:00.000Z,342.292,343.000,334.050,339.000,151.26358145,339.000
2017-09-24T20:00:00.000Z,339.500,342.699,330.000,330.835,328.98310338,330.835
2017-09-25T00:00:00.000Z,330.835,340.000,330.810,340.000,272.64566145,340.000
2017-09-25T04:00:00.000Z,340.120,348.800,337.380,342.427,461.02993524,342.427
2017-09-25T08:00:00.000Z,340.000,342.785,337.380,339.970,21.38767375,339.970
2017-09-25T12:00:00.000Z,339.960,346.809,336.672,346.430,166.82659121,346.430
2017-09-25T16:00:00.000Z,346.430,348.499,338.571,345.000,1176.30514926,345.000
2017-09-25T20:00:00.000Z,345.030,351.839,345.000,346.780,640.17177432,346.780
2017-09-26T00:00:00.000Z,346.780,354.000,342.050,345.000,277.67622081,345.000
2017-09-26T04:00:00.000Z,345.000,347.940,338.800,345.830,72.37830115,345.830
2017-09-26T08:00:00.000Z,345.830,345.900,340.910,341.301,11.80827790,341.301
2017-09-26T12:00:00.000Z,345.436,347.850,341.040,341.040,20.29119016,341.040
2017-09-26T16:00:00.000Z,341.040,343.800,341.040,343.580,203.90400045,343.580
2017-09-26T20:00:00.000Z,343.537,345.540,342.000,343.000,273.37176402,343.000
2017-09-27T00:00:00.000Z,343.040,345.680,338.800,338.840,603.59383991,338.840
2017-09-27T04:00:00.000Z,338.980,345.200,338.980,341.000,18.59187611,341.000
2017-09-27T08:00:00.000Z,341.000,345.770,336.870,345.770,83.98182322,345.770
2017-09-27T12:00:00.000Z,345.770,349.209,338.000,345.550,140.59031747,345.550
2017-09-27T16:00:00.000Z,345.550,352.300,341.841,349.330,643.26890435,349.330
2017-09-27T20:00:00.000Z,352.280,353.000,348.100,352.351,178.09397082,352.351
2017-09-28T00:00:00.000Z,352.351,352.570,342.973,343.015,250.97951286,343.015
2017-09-28T04:00:00.000Z,343.015,350.877,343.015,349.990,208.84019946,349.990
2017-09-28T08:00:00.000Z,345.660,350.000,338.850,339.846,208.72341065,339.846
2017-09-28T12:00:00.000Z,339.850,354.999,339.340,340.020,1728.64304552,340.020
2017-09-28T16:00:00.000Z,340.600,348.210,340.430,342.200,380.24113371,342.200
2017-09-28T20:00:00.000Z,342.200,345.040,340.500,344.260,52.89922783,344.260
2017-09-29T00:00:00.000Z,343.780,346.160,323.660,323.660,445.92061283,323.660
2017-09-29T04:00:00.000Z,323.660,332.600,320.000,324.980,570.08376707,324.980
2017-09-29T08:00:00.000Z,324.980,329.000,324.800,329.000,606.62795396,329.000
2017-09-29T12:00:00.000Z,328.140,336.000,325.450,335.048,508.39283530,335.048
2017-09-29T16:00:00.000Z,330.500,330.500,324.446,327.560,1083.93938315,327.560
2017-09-29T20:00:00.000Z,327.560,332.770,326.760,328.282,122.85785261,328.282
2017-09-30T00:00:00.000Z,328.282,333.710,328.282,332.720,62.38404170,332.720
2017-09-30T04:00:00.000Z,332.720,333.909,329.848,331.980,55.81341174,331.980
2017-09-30T08:00:00.000Z,331.980,333.004,328.430,333.000,324.62752902,333.000
2017-09-30T12:00:00.000Z,333.000,333.000,326.070,332.250,275.61458232,332.250
2017-09-30T16:00:00.000Z,332.250,334.000,328.702,328.702,108.91300665,328.702
2017-09-30T20:00:00.000Z,328.702,333.049,328.702,330.000,105.57554571,330.000
2017-10-01T00:00:00.000Z,330.000,330.102,328.000,328.806,135.83153088,328.806
2017-10-01T04:00:00.000Z,328.806,332.230,326.740,326.850,43.27771532,326.850
2017-10-01T08:00:00.000Z,326.850,326.850,322.480,324.520,40.53030035,324.520
2017-10-01T12:00:00.000Z,324.500,324.520,318.000,318.930,175.64890321,318.930
2017-10-01T16:00:00.000Z,318.930,322.750,316.200,319.290,120.75196763,319.290
2017-10-01T20:00:00.000Z,319.290,321.789,314.000,318.970,83.44143625,318.970
2017-10-02T00:00:00.000Z,318.970,324.929,314.000,318.850,387.17006392,318.850
2017-10-02T04:00:00.000Z,318.850,318.990,314.320,318.720,46.52695580,318.720
2017-10-02T08:00:00.000Z,315.080,316.818,314.000,314.123,21.54561554,314.123
2017-10-02T12:00:00.000Z,314.123,319.000,314.123,315.000,173.04646626,315.000
2017-10-02T16:00:00.000Z,315.000,318.399,310.130,315.390,187.63571220,315.390
2017-10-02T20:00:00.000Z,311.380,315.820,304.480,310.090,337.06925728,310.090
2017-10-03T00:00:00.000Z,306.440,310.760,305.470,310.010,29.86130625,310.010
2017-10-03T04:00:00.000Z,310.010,310.010,300.237,300.237,123.94071728,300.237
2017-10-03T08:00:00.000Z,300.230,302.050,295.000,296.510,531.25073737,296.510
2017-10-03T12:00:00.000Z,297.020,301.660,294.270,297.430,273.83496618,297.430
2017-10-03T16:00:00.000Z,299.960,300.000,291.070,291.230,279.46307669,291.230
2017-10-03T20:00:00.000Z,291.230,296.898,290.001,294.900,290.29838602,294.900
2017-10-04T00:00:00.000Z,294.900,299.960,294.860,299.000,283.64384153,299.000
2017-10-04T04:00:00.000Z,299.950,306.590,298.310,306.590,60.21456440,306.590
2017-10-04T08:00:00.000Z,306.749,318.800,303.681,310.499,594.14081371,310.499
2017-10-04T12:00:00.000Z,310.499,313.647,303.475,309.000,252.26702183,309.000
2017-10-04T16:00:00.000Z,309.000,309.000,301.920,304.980,427.08490281,304.980
2017-10-04T20:00:00.000Z,304.980,304.980,300.000,303.688,155.81297603,303.688
2017-10-05T00:00:00.000Z,303.688,304.460,295.221,299.720,33.91089921,299.720
2017-10-05T04:00:00.000Z,299.720,299.720,292.001,296.220,523.59354306,296.220
2017-10-05T08:00:00.000Z,296.220,301.778,295.000,301.500,148.64102396,301.500
2017-10-05T12:00:00.000Z,301.500,309.530,301.120,306.699,132.51848662,306.699
2017-10-05T16:00:00.000Z,305.200,305.980,300.043,305.000,237.76864234,305.000
2017-10-05T20:00:00.000Z,305.000,307.500,302.580,307.199,37.87070021,307.199
2017-10-06T00:00:00.000Z,307.199,307.199,304.210,304.210,39.12313589,304.210
2017-10-06T04:00:00.000Z,304.210,309.940,304.210,309.940,45.64282155,309.940
2017-10-06T08:00:00.000Z,309.940,313.600,308.100,308.430,77.32331596,308.430
2017-10-06T12:00:00.000Z,308.430,310.565,306.000,309.350,92.26891852,309.350
2017-10-06T16:00:00.000Z,308.230,314.433,304.490,304.500,409.01430282,304.500
2017-10-06T20:00:00.000Z,304.500,306.330,304.000,305.579,50.69550358,305.579
2017-10-07T00:00:00.000Z,305.579,307.690,303.401,305.300,23.91589186,305.300
2017-10-07T04:00:00.000Z,305.300,313.510,305.300,306.611,177.39750068,306.611
2017-10-07T08:00:00.000Z,306.611,307.163,302.851,302.851,14.80292860,302.851
2017-10-07T12:00:00.000Z,302.851,305.800,302.290,305.770,32.29794692,305.770
2017-10-07T16:00:00.000Z,305.770,308.740,305.770,307.370,8.89375441,307.370
2017-10-07T20:00:00.000Z,307.360,310.966,305.500,310.966,67.88385799,310.966
2017-10-08T00:00:00.000Z,310.966,315.000,309.977,314.740,50.95873865,314.740
2017-10-08T04:00:00.000Z,314.740,315.000,310.527,315.000,66.50447771,315.000
2017-10-08T08:00:00.000Z,315.000,315.000,310.540,310.550,36.93024772,310.550
2017-10-08T12:00:00.000Z,310.544,313.221,310.530,310.740,109.82272940,310.740
2017-10-08T16:00:00.000Z,311.000,312.500,305.771,310.400,153.71143811,310.400
2017-10-08T20:00:00.000Z,310.400,310.400,300.834,302.000,213.57615584,302.000
2017-10-09T00:00:00.000Z,302.020,302.020,289.000,301.400,703.37426572,301.400
2017-10-09T04:00:00.000Z,301.400,301.400,291.241,299.619,108.87504091,299.619
2017-10-09T08:00:00.000Z,299.619,299.619,295.900,297.539,11.60568806,297.539
2017-10-09T12:00:00.000Z,294.773,299.020,290.223,296.403,378.01428286,296.403
2017-10-09T16:00:00.000Z,292.880,295.949,280.731,280.731,497.92795237,280.731
2017-10-09T20:00:00.000Z,280.731,288.000,280.731,285.980,606.05761196,285.980
2017-10-10T00:00:00.000Z,285.980,290.000,280.000,289.870,219.60668106,289.870
2017-10-10T04:00:00.000Z,285.900,294.899,281.831,286.910,323.20371481,286.910
2017-10-10T08:00:00.000Z,286.910,287.509,283.000,284.931,102.39526360,284.931
2017-10-10T12:00:00.000Z,284.931,286.610,283.500,283.530,229.80714907,283.530
2017-10-10T16:00:00.000Z,283.530,291.269,283.530,289.000,184.54532348,289.000
2017-10-10T20:00:00.000Z,289.000,295.507,287.011,289.080,134.61152268,289.080
2017-10-11T00:00:00.000Z,289.080,293.290,285.000,289.000,113.68510798,289.000
2017-10-11T04:00:00.000Z,289.000,293.910,289.000,292.000,16.03056940,292.000
2017-10-11T08:00:00.000Z,292.000,293.080,290.600,292.760,57.43330619,292.760
2017-10-11T12:00:00.000Z,292.760,292.760,290.600,292.750,69.18373822,292.750
2017-10-11T16:00:00.000Z,295.800,302.000,294.650,300.000,284.92156827,300.000
2017-10-11T20:00:00.000Z,300.050,301.740,297.371,297.640,120.98887200,297.640
2017-10-12T00:00:00.000Z,299.337,299.660,294.835,295.781,70.53811969,295.781
2017-10-12T04:00:00.000Z,295.781,296.230,291.260,295.059,15.69280037,295.059
2017-10-12T08:00:00.000Z,295.059,303.068,290.860,292.820,497.16060451,292.820
2017-10-12T12:00:00.000Z,291.220,298.000,291.011,293.691,194.51156469,293.691
2017-10-12T16:00:00.000Z,296.253,297.370,290.210,290.311,412.43450335,290.311
2017-10-12T20:00:00.000Z,290.311,293.940,290.000,290.100,136.01050071,290.100
2017-10-13T00:00:00.000Z,290.100,296.980,288.000,294.969,275.41483876,294.969
2017-10-13T04:00:00.000Z,294.797,301.000,289.501,300.506,257.48562734,300.506
2017-10-13T08:00:00.000Z,300.506,303.810,299.470,299.470,257.13717691,299.470
2017-10-13T12:00:00.000Z,301.559,304.000,293.512,302.490,1194.66831664,302.490
2017-10-13T16:00:00.000Z,302.090,306.000,299.300,303.730,370.30537700,303.730
2017-10-13T20:00:00.000Z,303.400,308.395,303.300,308.395,183.50461857,308.395
2017-10-14T00:00:00.000Z,308.395,319.010,308.060,308.750,195.94075908,308.750
2017-10-14T04:00:00.000Z,308.750,310.630,305.010,309.710,45.77383649,309.710
2017-10-14T08:00:00.000Z,309.710,316.890,309.710,311.593,121.23825612,311.593
2017-10-14T12:00:00.000Z,311.593,316.490,308.700,314.740,121.36854809,314.740
2017-10-14T16:00:00.000Z,314.780,316.500,312.710,313.230,115.62718840,313.230
2017-10-14T20:00:00.000Z,313.270,319.890,313.270,316.310,197.75946282,316.310
2017-10-15T00:00:00.000Z,316.310,317.990,306.530,310.490,522.11493549,310.490
2017-10-15T04:00:00.000Z,310.490,311.040,304.342,308.749,111.05641942,308.749
2017-10-15T08:00:00.000Z,307.000,313.987,295.000,296.637,353.14434980,296.637
2017-10-15T12:00:00.000Z,296.637,304.267,295.000,303.000,183.95453625,303.000
2017-10-15T16:00:00.000Z,302.620,302.639,298.000,301.500,87.06843740,301.500
2017-10-15T20:00:00.000Z,301.500,307.337,301.500,307.337,128.59637405,307.337
2017-10-16T00:00:00.000Z,307.337,307.800,304.351,307.000,51.68165434,307.000
2017-10-16T04:00:00.000Z,306.826,309.000,303.201,308.000,206.50536854,308.000
2017-10-16T08:00:00.000Z,308.000,309.000,302.734,303.620,58.78658092,303.620
2017-10-16T12:00:00.000Z,308.000,309.818,303.353,303.353,53.64719793,303.353
2017-10-16T16:00:00.000Z,305.000,307.749,299.632,299.910,203.81288472,299.910
2017-10-16T20:00:00.000Z,299.910,304.990,299.910,304.460,43.20299025,304.460
2017-10-17T00:00:00.000Z,304.460,304.460,301.001,303.750,11.92047434,303.750
2017-10-17T04:00:00.000Z,303.750,303.750,299.460,302.948,140.56810872,302.948
2017-10-17T08:00:00.000Z,302.948,302.948,297.800,297.800,162.08866504,297.800
2017-10-17T12:00:00.000Z,298.080,299.630,298.080,299.091,96.68108326,299.091
2017-10-17T16:00:00.000Z,299.091,301.710,298.201,301.100,53.07564731,301.100
2017-10-17T20:00:00.000Z,301.100,301.980,298.800,299.700,151.74757255,299.700
2017-10-18T00:00:00.000Z,298.877,299.600,290.642,294.040,379.43750828,294.040
2017-10-18T04:00:00.000Z,294.040,296.000,288.910,288.910,130.08699896,288.910
2017-10-18T08:00:00.000Z,288.910,290.000,283.000,286.000,163.11307875,286.000
2017-10-18T12:00:00.000Z,286.045,288.429,283.400,283.500,122.48375090,283.500
2017-10-18T16:00:00.000Z,283.500,299.888,283.500,295.033,178.20705984,295.033
2017-10-18T20:00:00.000Z,294.596,299.200,288.630,299.154,144.04755096,299.154
2017-10-19T00:00:00.000Z,299.154,299.154,295.110,295.920,3.54137633,295.920
2017-10-19T04:00:00.000Z,295.920,298.100,293.165,293.165,131.98353329,293.165
2017-10-19T08:00:00.000Z,293.165,293.165,289.713,291.431,10.20446384,291.431
2017-10-19T12:00:00.000Z,295.990,295.990,292.001,294.736,37.51752739,294.736
2017-10-19T16:00:00.000Z,292.900,295.000,292.000,292.030,59.55179575,292.030
2017-10-19T20:00:00.000Z,292.030,297.979,292.001,294.200,104.41649090,294.200
2017-10-20T00:00:00.000Z,294.200,297.030,292.020,292.274,58.32888243,292.274
2017-10-20T04:00:00.000Z,292.274,300.000,292.274,293.800,125.39534826,293.800
2017-10-20T08:00:00.000Z,293.800,293.800,290.156,292.940,25.38837072,292.940
2017-10-20T12:00:00.000Z,292.940,296.750,290.200,292.000,18.09204619,292.000
2017-10-20T16:00:00.000Z,292.000,294.870,286.000,290.000,65.16399703,290.000
2017-10-20T20:00:00.000Z,290.000,292.939,285.010,285.010,165.41186598,285.010
2017-10-21T00:00:00.000Z,287.940,290.650,285.050,286.030,22.26154175,286.030
2017-10-21T04:00:00.000Z,288.010,289.220,285.010,288.140,146.02823688,288.140
2017-10-21T08:00:00.000Z,288.140,288.140,285.000,286.000,21.66392127,286.000
2017-10-21T12:00:00.000Z,285.780,285.970,280.500,280.500,241.15065401,280.500
2017-10-21T16:00:00.000Z,280.500,282.950,274.029,280.929,212.51384087,280.929
2017-10-21T20:00:00.000Z,280.929,281.000,276.500,278.599,136.61481200,278.599
2017-10-22T00:00:00.000Z,276.590,282.950,276.130,280.181,102.77294710,280.181
2017-10-22T04:00:00.000Z,280.181,282.400,277.010,277.010,18.25555269,277.010
2017-10-22T08:00:00.000Z,277.010,281.470,276.517,281.470,26.74113914,281.470
2017-10-22T12:00:00.000Z,281.470,281.470,272.990,275.400,122.07244671,275.400
2017-10-22T16:00:00.000Z,275.400,279.980,269.567,269.567,151.38773654,269.567
2017-10-22T20:00:00.000Z,270.847,279.700,270.600,270.600,2.45642571,270.600
2017-10-23T00:00:00.000Z,270.600,278.000,270.600,271.210,14.75727707,271.210
2017-10-23T04:00:00.000Z,272.000,276.000,270.000,270.000,116.72070242,270.000
2017-10-23T08:00:00.000Z,270.020,270.020,264.050,267.880,203.76846994,267.880
2017-10-23T12:00:00.000Z,267.880,276.000,264.251,268.859,97.07587865,268.859
2017-10-23T16:00:00.000Z,268.859,281.119,267.041,280.540,258.31514024,280.540
2017-10-23T20:00:00.000Z,280.540,292.000,277.101,281.490,457.68220869,281.490
2017-10-24T00:00:00.000Z,281.490,295.000,272.700,293.750,243.90370978,293.750
2017-10-24T04:00:00.000Z,293.730,299.960,289.170,297.000,345.97933234,297.000
2017-10-24T08:00:00.000Z,297.000,298.000,292.108,294.869,64.16338248,294.869
2017-10-24T12:00:00.000Z,294.930,300.443,291.541,300.180,172.87700945,300.180
2017-10-24T16:00:00.000Z,300.422,301.000,295.000,296.799,141.56729898,296.799
2017-10-24T20:00:00.000Z,297.000,297.000,291.791,292.491,81.92764919,292.491
2017-10-25T00:00:00.000Z,292.491,298.780,290.000,290.240,208.96776489,290.240
2017-10-25T04:00:00.000Z,290.240,294.751,286.280,294.751,27.62268687,294.751
2017-10-25T08:00:00.000Z,290.223,294.960,290.100,291.200,66.08324695,291.200
2017-10-25T12:00:00.000Z,288.763,290.739,285.000,285.100,68.26887532,285.100
2017-10-25T16:00:00.000Z,285.100,293.400,285.100,288.850,24.57838938,288.850
2017-10-25T20:00:00.000Z,288.850,292.958,285.800,285.800,98.26502620,285.800
2017-10-26T00:00:00.000Z,285.800,294.926,285.800,289.460,143.29315815,289.460
2017-10-26T04:00:00.000Z,289.460,289.500,285.000,287.000,88.24825838,287.000
2017-10-26T08:00:00.000Z,287.000,290.540,285.000,289.150,58.18969646,289.150
2017-10-26T12:00:00.000Z,289.150,289.150,283.131,284.040,102.61841449,284.040
2017-10-26T16:00:00.000Z,284.040,288.040,282.001,283.030,286.02792202,283.030
2017-10-26T20:00:00.000Z,284.310,285.000,283.000,285.000,33.18787590,285.000
2017-10-27T00:00:00.000Z,285.000,287.470,282.440,282.440,183.04236266,282.440
2017-10-27T04:00:00.000Z,285.549,287.599,282.633,287.599,20.27091254,287.599
2017-10-27T08:00:00.000Z,287.599,287.599,282.000,282.340,149.97014513,282.340
2017-10-27T12:00:00.000Z,283.895,284.540,280.040,281.030,74.22283197,281.030
2017-10-27T16:00:00.000Z,281.020,286.470,277.207,279.880,222.79746303,279.880
2017-10-27T20:00:00.000Z,279.880,282.010,277.980,282.000,69.46133516,282.000
2017-10-28T00:00:00.000Z,282.009,284.458,280.000,280.000,43.49168928,280.000
2017-10-28T04:00:00.000Z,280.000,294.299,280.000,288.288,215.44923566,288.288
2017-10-28T08:00:00.000Z,288.288,288.288,284.000,284.000,78.02952656,284.000
2017-10-28T12:00:00.000Z,282.460,282.801,281.800,281.970,37.47172154,281.970
2017-10-28T16:00:00.000Z,281.970,281.970,278.194,281.390,88.01619597,281.390
2017-10-28T20:00:00.000Z,278.855,278.855,269.860,275.234,277.38421964,275.234
2017-10-29T00:00:00.000Z,275.980,280.531,274.587,278.453,42.05902287,278.453
2017-10-29T04:00:00.000Z,278.453,282.200,277.610,278.760,24.45764260,278.760
2017-10-29T08:00:00.000Z,278.781,280.397,276.878,277.011,51.74621525,277.011
2017-10-29T12:00:00.000Z,280.009,284.000,277.421,283.960,42.17818221,283.960
2017-10-29T16:00:00.000Z,278.431,284.000,278.431,284.000,70.48206360,284.000
2017-10-29T20:00:00.000Z,283.999,285.828,281.054,282.355,57.47749707,282.355
2017-10-30T00:00:00.000Z,282.300,287.100,280.970,286.369,124.44833748,286.369
2017-10-30T04:00:00.000Z,286.369,289.523,282.910,289.523,101.67788220,289.523
2017-10-30T08:00:00.000Z,284.920,288.730,284.920,287.990,59.13208831,287.990
2017-10-30T12:00:00.000Z,285.720,287.909,282.910,285.059,48.00789355,285.059
2017-10-30T16:00:00.000Z,282.620,284.960,282.600,283.699,26.80563941,283.699
2017-10-30T20:00:00.000Z,283.699,286.640,283.699,284.270,36.22320447,284.270
2017-10-31T00:00:00.000Z,284.270,286.440,283.448,283.500,23.77026971,283.500
2017-10-31T04:00:00.000Z,283.500,286.108,281.052,282.000,74.89047687,282.000
2017-10-31T08:00:00.000Z,282.000,283.690,281.020,282.599,95.95750435,282.599
2017-10-31T12:00:00.000Z,282.599,285.000,280.000,282.774,177.04975309,282.774
2017-10-31T16:00:00.000Z,282.774,284.990,280.000,284.000,88.58392597,284.000
2017-10-31T20:00:00.000Z,281.040,284.590,279.000,279.380,138.98489193,279.380
2017-11-01T00:00:00.000Z,279.000,282.000,275.370,280.750,150.63871044,280.750
2017-11-01T04:00:00.000Z,280.750,280.750,276.590,278.610,30.24980325,278.610
2017-11-01T08:00:00.000Z,278.610,279.937,277.000,277.000,108.48815201,277.000
2017-11-01T12:00:00.000Z,277.000,279.880,273.061,278.918,242.88068161,278.918
2017-11-01T16:00:00.000Z,278.918,278.918,274.880,274.941,152.38069810,274.941
2017-11-01T20:00:00.000Z,274.941,277.749,270.002,270.800,188.83441286,270.800
2017-11-02T00:00:00.000Z,274.695,277.000,268.000,268.020,463.13144408,268.020
2017-11-02T04:00:00.000Z,268.020,274.800,262.000,262.000,426.72195151,262.000
2017-11-02T08:00:00.000Z,262.000,275.000,252.500,273.999,180.02320836,273.999
2017-11-02T12:00:00.000Z,273.999,273.999,253.410,260.020,81.63413450,260.020
2017-11-02T16:00:00.000Z,268.009,268.009,260.200,265.400,92.20311482,265.400
2017-11-02T20:00:00.000Z,266.206,269.357,260.000,263.379,296.65477053,263.379
2017-11-03T00:00:00.000Z,263.379,269.760,260.870,266.760,75.65122099,266.760
2017-11-03T04:00:00.000Z,266.760,266.760,262.182,265.190,26.58300597,265.190
2017-11-03T08:00:00.000Z,265.190,269.000,260.212,268.700,58.85020598,268.700
2017-11-03T12:00:00.000Z,269.000,276.990,267.910,276.608,175.72545359,276.608
2017-11-03T16:00:00.000Z,276.608,276.608,267.260,269.380,302.93951363,269.380
2017-11-03T20:00:00.000Z,269.380,280.024,269.380,280.024,194.52925721,280.024
2017-11-04T00:00:00.000Z,279.100,279.100,271.000,274.180,252.76786423,274.180
2017-11-04T04:00:00.000Z,274.180,278.998,273.000,273.000,25.80675127,273.000
2017-11-04T08:00:00.000Z,273.000,277.500,273.000,276.355,55.25302742,276.355
2017-11-04T12:00:00.000Z,276.383,279.000,274.740,275.020,115.20499617,275.020
2017-11-04T16:00:00.000Z,275.020,279.970,271.100,275.000,106.38621421,275.000
2017-11-04T20:00:00.000Z,275.000,276.420,272.000,275.160,57.30101360,275.160
2017-11-05T00:00:00.000Z,275.160,275.270,272.481,272.712,21.53529403,272.712
2017-11-05T04:00:00.000Z,272.712,275.500,272.712,273.231,2.62474000,273.231
2017-11-05T08:00:00.000Z,273.231,275.304,272.881,274.366,39.32177739,274.366
2017-11-05T12:00:00.000Z,274.383,274.383,271.000,271.000,258.55009877,271.000
2017-11-05T16:00:00.000Z,272.809,273.000,271.000,271.000,190.51180509,271.000
2017-11-05T20:00:00.000Z,271.000,273.000,270.010,271.389,53.77631233,271.389
2017-11-06T00:00:00.000Z,271.389,271.389,266.990,268.100,114.50420526,268.100
2017-11-06T04:00:00.000Z,268.100,272.920,268.100,271.280,86.02878000,271.280
2017-11-06T08:00:00.000Z,271.280,273.000,271.060,273.000,45.64249351,273.000
2017-11-06T12:00:00.000Z,273.000,277.889,273.000,277.050,73.92198854,277.050
2017-11-06T16:00:00.000Z,277.050,302.000,275.000,275.000,426.08194713,275.000
2017-11-06T20:00:00.000Z,275.000,281.710,275.000,275.430,89.43788670,275.430
2017-11-07T00:00:00.000Z,275.430,287.500,275.240,287.500,270.06498187,287.500
2017-11-07T04:00:00.000Z,287.000,294.648,284.860,285.894,254.17439118,285.894
2017-11-07T08:00:00.000Z,285.894,300.000,285.894,300.000,372.97981560,300.000
2017-11-07T12:00:00.000Z,300.000,301.980,282.000,288.320,176.47745363,288.320
2017-11-07T16:00:00.000Z,288.320,290.000,283.000,289.080,111.75653274,289.080
2017-11-07T20:00:00.000Z,287.000,295.000,284.000,290.080,324.07020916,290.080
2017-11-08T00:00:00.000Z,290.080,297.000,287.000,297.000,142.80216755,297.000
2017-11-08T04:00:00.000Z,297.000,297.000,291.070,291.360,35.34759037,291.360
2017-11-08T08:00:00.000Z,293.500,312.314,293.500,304.996,501.29650685,304.996
2017-11-08T12:00:00.000Z,303.103,329.900,300.000,308.000,1280.57455461,308.000
2017-11-08T16:00:00.000Z,308.000,316.980,299.619,305.241,306.98508408,305.241
2017-11-08T20:00:00.000Z,305.241,329.800,305.241,325.170,530.76466735,325.170
2017-11-09T00:00:00.000Z,325.200,338.800,312.332,325.809,1048.81954654,325.809
2017-11-09T04:00:00.000Z,331.000,338.000,321.131,331.210,335.42236350,331.210
2017-11-09T08:00:00.000Z,331.210,336.630,320.550,320.680,276.21618239,320.680
2017-11-09T12:00:00.000Z,321.301,336.800,321.301,328.021,624.21611985,328.021
2017-11-09T16:00:00.000Z,328.021,339.960,328.021,339.960,276.13131976,339.960
2017-11-09T20:00:00.000Z,339.960,340.000,325.000,330.940,244.95004902,330.940
2017-11-10T00:00:00.000Z,330.920,333.000,321.291,324.101,330.92634239,324.101
2017-11-10T04:00:00.000Z,324.520,339.900,323.004,332.540,375.39442990,332.540
2017-11-10T08:00:00.000Z,330.000,350.000,325.000,344.980,772.89405726,344.980
2017-11-10T12:00:00.000Z,342.500,350.000,314.892,324.960,643.76583206,324.960
2017-11-10T16:00:00.000Z,324.500,346.199,308.000,319.868,387.55007116,319.868
2017-11-10T20:00:00.000Z,319.000,339.980,298.000,322.790,569.84423444,322.790
2017-11-11T00:00:00.000Z,322.790,343.758,322.790,343.758,219.52314463,343.758
2017-11-11T04:00:00.000Z,339.912,341.409,334.000,334.000,56.97973851,334.000
2017-11-11T08:00:00.000Z,338.830,340.000,320.000,335.873,207.63398662,335.873
2017-11-11T12:00:00.000Z,335.873,338.938,319.000,337.409,255.22260333,337.409
2017-11-11T16:00:00.000Z,335.809,359.000,330.040,337.175,952.86733913,337.175
2017-11-11T20:00:00.000Z,340.510,349.990,336.960,345.370,553.36276906,345.370
2017-11-12T00:00:00.000Z,345.370,345.370,310.510,313.041,366.99089452,313.041
2017-11-12T04:00:00.000Z,332.000,346.001,313.041,339.900,405.57371443,339.900
2017-11-12T08:00:00.000Z,339.900,359.000,330.000,359.000,532.75414386,359.000
2017-11-12T12:00:00.000Z,359.000,419.990,335.000,407.000,2358.01229510,407.000
2017-11-12T16:00:00.000Z,407.000,439.800,355.010,413.997,2984.38252664,413.997
2017-11-12T20:00:00.000Z,400.995,428.490,386.000,418.000,592.24960975,418.000
