"Index","KrakenBCHUSD.Open","KrakenBCHUSD.High","KrakenBCHUSD.Low","KrakenBCHUSD.Close","KrakenBCHUSD.Volume","KrakenBCHUSD.Adjusted"
2017-08-01T16:00:00.000Z,600000.0,600000.0,130.0,221.9,11071.74324783,221.9
2017-08-01T20:00:00.000Z,210.1,350.0,210.0,350.0,5565.10752425,350.0
2017-08-02T00:00:00.000Z,343.9,375.0,321.0,357.4,1347.40402721,357.4
2017-08-02T04:00:00.000Z,369.0,410.0,340.0,400.0,7513.40418767,400.0
2017-08-02T08:00:00.000Z,400.0,700.0,386.1,630.0,12411.62066086,630.0
2017-08-02T12:00:00.000Z,630.0,811.0,450.0,460.0,14824.27846420,460.0
2017-08-02T16:00:00.000Z,466.0,524.9,303.0,375.0,13557.97241427,375.0
2017-08-02T20:00:00.000Z,375.0,499.0,370.0,489.9,9607.50127256,489.9
2017-08-03T00:00:00.000Z,488.7,583.0,411.0,534.9,9371.02366884,534.9
2017-08-03T04:00:00.000Z,530.0,553.0,450.0,463.9,4108.92362570,463.9
2017-08-03T08:00:00.000Z,463.9,498.0,420.0,466.9,5946.53314733,466.9
2017-08-03T12:00:00.000Z,466.2,466.2,420.0,426.0,3410.55791530,426.0
2017-08-03T16:00:00.000Z,429.9,430.0,369.0,416.0,5913.98041888,416.0
2017-08-03T20:00:00.000Z,416.0,418.2,380.0,397.1,2229.01907901,397.1
2017-08-04T00:00:00.000Z,397.0,404.0,380.0,385.5,1924.77789444,385.5
2017-08-04T04:00:00.000Z,385.5,414.4,350.0,383.0,4546.87218064,383.0
2017-08-04T08:00:00.000Z,383.0,383.0,301.0,301.9,5494.27160530,301.9
2017-08-04T12:00:00.000Z,301.9,331.0,270.0,312.0,5148.15097259,312.0
2017-08-04T16:00:00.000Z,312.2,365.0,292.0,310.0,4652.56551087,310.0
2017-08-04T20:00:00.000Z,310.0,315.9,281.0,281.0,2877.29670399,281.0
2017-08-05T00:00:00.000Z,281.0,295.0,273.0,292.0,2297.75543844,292.0
2017-08-05T04:00:00.000Z,290.0,320.0,284.0,288.0,1843.92342264,288.0
2017-08-05T08:00:00.000Z,287.9,296.0,280.9,285.7,1455.47532770,285.7
2017-08-05T12:00:00.000Z,285.7,309.0,284.2,285.0,1125.01684137,285.0
2017-08-05T16:00:00.000Z,285.0,289.9,260.0,269.0,3484.48038869,269.0
2017-08-05T20:00:00.000Z,263.4,269.9,241.0,255.0,2288.39879097,255.0
2017-08-06T00:00:00.000Z,250.0,250.0,240.1,241.9,1916.74686575,241.9
2017-08-06T04:00:00.000Z,240.5,270.9,240.0,265.0,1882.86754015,265.0
2017-08-06T08:00:00.000Z,266.3,285.0,250.0,262.4,2079.60865749,262.4
2017-08-06T12:00:00.000Z,262.4,279.9,246.5,247.6,1174.72427453,247.6
2017-08-06T16:00:00.000Z,247.5,279.9,242.2,260.0,1276.62224393,260.0
2017-08-06T20:00:00.000Z,260.2,280.0,251.0,280.0,1032.61589684,280.0
2017-08-07T00:00:00.000Z,279.9,320.0,270.0,295.0,4408.60413770,295.0
2017-08-07T04:00:00.000Z,295.3,318.0,280.0,315.0,1742.54797835,315.0
2017-08-07T08:00:00.000Z,316.6,365.0,315.0,343.5,7158.16342245,343.5
2017-08-07T12:00:00.000Z,343.4,355.0,330.1,343.4,1123.71811401,343.4
2017-08-07T16:00:00.000Z,343.9,440.0,338.0,435.0,6552.22673713,435.0
2017-08-07T20:00:00.000Z,435.0,439.8,310.0,321.1,7584.50745661,321.1
2017-08-08T00:00:00.000Z,321.0,339.4,304.0,319.0,4199.34841365,319.0
2017-08-08T04:00:00.000Z,322.1,348.0,310.0,336.0,3261.72544087,336.0
2017-08-08T08:00:00.000Z,335.9,377.4,325.1,358.0,2853.97165884,358.0
2017-08-08T12:00:00.000Z,358.0,390.0,354.5,370.0,3126.83871977,370.0
2017-08-08T16:00:00.000Z,370.0,370.0,326.2,343.5,7466.91979709,343.5
2017-08-08T20:00:00.000Z,343.5,354.0,336.0,344.5,1904.30436743,344.5
2017-08-09T00:00:00.000Z,344.5,355.0,330.0,340.0,2107.75773615,340.0
2017-08-09T04:00:00.000Z,340.0,347.9,325.0,333.9,2127.36370676,333.9
2017-08-09T08:00:00.000Z,333.9,350.9,325.0,325.5,1435.01527531,325.5
2017-08-09T12:00:00.000Z,325.5,330.0,315.0,319.9,2541.86981540,319.9
2017-08-09T16:00:00.000Z,319.9,334.7,318.0,323.3,1495.44069134,323.3
2017-08-09T20:00:00.000Z,323.5,328.4,300.0,304.9,2014.33118099,304.9
2017-08-10T00:00:00.000Z,303.1,315.5,300.0,309.0,2517.76395664,309.0
2017-08-10T04:00:00.000Z,309.0,309.0,300.0,300.0,2498.91057672,300.0
2017-08-10T08:00:00.000Z,301.9,302.9,282.2,293.0,3398.40679361,293.0
2017-08-10T12:00:00.000Z,293.0,318.0,291.0,294.9,2224.39363644,294.9
2017-08-10T16:00:00.000Z,294.0,299.9,289.0,290.1,1768.70736703,290.1
2017-08-10T20:00:00.000Z,290.1,292.1,275.0,278.0,1665.08785913,278.0
2017-08-11T00:00:00.000Z,277.9,294.0,276.5,284.4,1126.15041816,284.4
2017-08-11T04:00:00.000Z,284.4,310.9,283.5,309.0,1743.62826383,309.0
2017-08-11T08:00:00.000Z,310.7,346.0,304.0,338.8,4742.04891680,338.8
2017-08-11T12:00:00.000Z,339.9,355.0,320.8,329.0,4518.24116744,329.0
2017-08-11T16:00:00.000Z,327.3,336.0,319.0,323.8,1236.47682814,323.8
2017-08-11T20:00:00.000Z,321.9,335.2,321.2,328.1,1376.93461708,328.1
2017-08-12T00:00:00.000Z,328.4,330.8,320.0,328.8,425.41172492,328.8
2017-08-12T04:00:00.000Z,328.3,344.9,327.0,337.9,1361.55778988,337.9
2017-08-12T08:00:00.000Z,337.7,339.0,329.0,333.0,942.38235992,333.0
2017-08-12T12:00:00.000Z,333.1,336.0,321.0,327.5,854.72423271,327.5
2017-08-12T16:00:00.000Z,327.4,327.7,316.0,316.0,1153.77437422,316.0
2017-08-12T20:00:00.000Z,316.0,321.8,313.0,320.0,1379.60727500,320.0
2017-08-13T00:00:00.000Z,318.1,321.9,304.4,310.5,888.80574597,310.5
2017-08-13T04:00:00.000Z,310.5,316.0,307.0,312.4,710.26169362,312.4
2017-08-13T08:00:00.000Z,312.4,313.0,305.1,305.1,506.11967030,305.1
2017-08-13T12:00:00.000Z,305.1,319.0,304.1,313.9,854.96354465,313.9
2017-08-13T16:00:00.000Z,313.0,318.4,300.0,308.4,1859.39001376,308.4
2017-08-13T20:00:00.000Z,307.0,308.4,296.2,296.3,563.39203564,296.3
2017-08-14T00:00:00.000Z,296.8,326.0,295.0,326.0,1166.56912972,326.0
2017-08-14T04:00:00.000Z,324.4,329.4,306.1,308.6,2681.07204505,308.6
2017-08-14T08:00:00.000Z,308.6,313.4,296.1,304.9,981.29516125,304.9
2017-08-14T12:00:00.000Z,304.9,308.9,295.1,299.9,865.32865576,299.9
2017-08-14T16:00:00.000Z,299.9,301.9,297.0,297.0,872.86706069,297.0
2017-08-14T20:00:00.000Z,297.0,304.6,292.0,303.9,1058.68709184,303.9
2017-08-15T00:00:00.000Z,300.3,308.8,294.9,304.0,1183.11787422,304.0
2017-08-15T04:00:00.000Z,304.9,308.9,297.0,300.9,742.82392021,300.9
2017-08-15T08:00:00.000Z,300.9,302.9,293.0,299.9,1142.31900059,299.9
2017-08-15T12:00:00.000Z,299.9,302.0,293.6,297.8,1165.03716571,297.8
2017-08-15T16:00:00.000Z,295.0,300.0,294.2,296.0,502.87116757,296.0
2017-08-15T20:00:00.000Z,296.0,304.0,295.0,297.8,776.34174948,297.8
2017-08-16T00:00:00.000Z,297.8,299.4,293.0,293.0,519.40382875,293.0
2017-08-16T04:00:00.000Z,293.0,297.9,292.0,292.0,794.89942940,292.0
2017-08-16T08:00:00.000Z,292.0,297.9,292.0,297.9,485.69643795,297.9
2017-08-16T12:00:00.000Z,297.1,307.0,292.0,305.0,1958.90104321,305.0
2017-08-16T16:00:00.000Z,305.0,308.0,296.0,296.0,1127.04212592,296.0
2017-08-16T20:00:00.000Z,296.0,303.0,294.0,299.9,707.94941993,299.9
2017-08-17T00:00:00.000Z,299.9,302.9,295.0,297.2,423.01944309,297.2
2017-08-17T04:00:00.000Z,297.3,301.0,295.0,296.8,423.02778588,296.8
2017-08-17T08:00:00.000Z,299.8,300.0,296.8,298.0,382.82618269,298.0
2017-08-17T12:00:00.000Z,298.0,369.0,297.5,367.0,4945.79263130,367.0
2017-08-17T16:00:00.000Z,368.0,397.0,341.1,365.0,10670.30565501,365.0
2017-08-17T20:00:00.000Z,365.0,439.7,365.0,437.9,3998.16463700,437.9
2017-08-18T00:00:00.000Z,438.0,520.0,424.1,492.2,13040.17304143,492.2
2017-08-18T04:00:00.000Z,492.0,520.0,460.0,461.9,4970.31275124,461.9
2017-08-18T08:00:00.000Z,461.9,511.9,460.0,491.9,4557.29185091,491.9
2017-08-18T12:00:00.000Z,491.9,599.9,488.3,582.0,8921.28986309,582.0
2017-08-18T16:00:00.000Z,582.0,695.0,554.0,638.0,8307.46248895,638.0
2017-08-18T20:00:00.000Z,638.0,794.9,627.0,702.0,10453.85710368,702.0
2017-08-19T00:00:00.000Z,702.0,715.0,603.0,673.0,6733.43973520,673.0
2017-08-19T04:00:00.000Z,673.0,750.0,610.0,750.0,2740.62234682,750.0
2017-08-19T08:00:00.000Z,724.0,890.0,720.0,885.0,4973.01787611,885.0
2017-08-19T12:00:00.000Z,885.0,939.9,699.0,856.0,10530.83108463,856.0
2017-08-19T16:00:00.000Z,856.0,863.0,747.0,821.0,4722.33275149,821.0
2017-08-19T20:00:00.000Z,821.0,848.7,710.0,738.9,3064.28963017,738.9
2017-08-20T00:00:00.000Z,737.0,835.0,737.0,788.1,5979.30280474,788.1
2017-08-20T04:00:00.000Z,780.6,819.8,742.0,798.0,3299.20733758,798.0
2017-08-20T08:00:00.000Z,798.0,818.8,730.0,774.9,3598.31338133,774.9
2017-08-20T12:00:00.000Z,763.0,782.0,702.0,718.0,2495.81489986,718.0
2017-08-20T16:00:00.000Z,718.0,757.9,675.0,753.0,4426.91474371,753.0
2017-08-20T20:00:00.000Z,752.0,779.9,705.0,720.0,2851.26010460,720.0
2017-08-21T00:00:00.000Z,721.0,746.0,708.0,734.9,2789.08479758,734.9
2017-08-21T04:00:00.000Z,732.7,740.0,675.0,690.0,2620.30079814,690.0
2017-08-21T08:00:00.000Z,689.9,691.8,631.9,637.7,3477.96642959,637.7
2017-08-21T12:00:00.000Z,636.9,646.0,538.0,597.9,6282.17813585,597.9
2017-08-21T16:00:00.000Z,591.7,634.3,570.0,616.0,1925.49748183,616.0
2017-08-21T20:00:00.000Z,617.4,663.5,585.0,599.7,2558.00038007,599.7
2017-08-22T00:00:00.000Z,596.2,614.9,563.1,589.9,2198.26541767,589.9
2017-08-22T04:00:00.000Z,589.8,724.9,580.0,690.0,4139.88996108,690.0
2017-08-22T08:00:00.000Z,690.0,744.9,681.0,713.1,2929.38167544,713.1
2017-08-22T12:00:00.000Z,713.1,716.6,640.2,655.4,2408.53070919,655.4
2017-08-22T16:00:00.000Z,655.4,674.9,630.0,642.8,2662.04462015,642.8
2017-08-22T20:00:00.000Z,645.2,701.0,635.0,687.5,2094.45014283,687.5
2017-08-23T00:00:00.000Z,686.3,710.0,651.3,659.0,1597.86692108,659.0
2017-08-23T04:00:00.000Z,669.3,698.9,660.0,671.2,962.82750057,671.2
2017-08-23T08:00:00.000Z,671.2,690.0,658.0,674.7,1075.21959291,674.7
2017-08-23T12:00:00.000Z,670.0,683.5,655.5,676.4,1193.80166594,676.4
2017-08-23T16:00:00.000Z,675.0,675.4,658.0,667.8,975.05971085,667.8
2017-08-23T20:00:00.000Z,667.8,679.7,655.0,677.5,1115.81438252,677.5
2017-08-24T00:00:00.000Z,677.4,701.9,660.0,663.2,2147.13496151,663.2
2017-08-24T04:00:00.000Z,663.2,668.0,652.5,652.5,768.15298846,652.5
2017-08-24T08:00:00.000Z,652.9,664.4,642.5,648.0,845.82626640,648.0
2017-08-24T12:00:00.000Z,650.0,654.1,634.0,648.2,1039.21591759,648.2
2017-08-24T16:00:00.000Z,643.1,649.8,606.0,611.4,1502.40637998,611.4
2017-08-24T20:00:00.000Z,617.7,649.8,611.0,621.9,1275.36045378,621.9
2017-08-25T00:00:00.000Z,621.0,644.9,613.0,623.0,667.06091710,623.0
2017-08-25T04:00:00.000Z,624.7,645.0,623.0,636.6,876.43673967,636.6
2017-08-25T08:00:00.000Z,637.0,670.0,636.6,666.5,1460.05470737,666.5
2017-08-25T12:00:00.000Z,666.0,666.7,626.0,632.0,840.22435483,632.0
2017-08-25T16:00:00.000Z,632.0,669.9,625.0,633.2,1603.74005764,633.2
2017-08-25T20:00:00.000Z,633.1,639.2,628.0,635.1,338.39668524,635.1
2017-08-26T00:00:00.000Z,635.1,642.7,630.0,634.8,184.56381329,634.8
2017-08-26T04:00:00.000Z,635.5,640.9,627.0,634.8,433.00033374,634.8
2017-08-26T08:00:00.000Z,633.2,640.0,620.1,628.0,640.73402930,628.0
2017-08-26T12:00:00.000Z,628.0,637.8,615.0,615.0,819.89841713,615.0
2017-08-26T16:00:00.000Z,615.2,630.7,615.0,630.0,667.79421637,630.0
2017-08-26T20:00:00.000Z,630.0,631.0,618.1,618.1,1126.30211057,618.1
2017-08-27T00:00:00.000Z,618.8,624.9,615.0,615.9,384.28401899,615.9
2017-08-27T04:00:00.000Z,615.8,617.4,587.0,602.4,1336.59117620,602.4
2017-08-27T08:00:00.000Z,602.0,609.9,581.1,599.0,1176.50708193,599.0
2017-08-27T12:00:00.000Z,596.0,658.9,584.0,629.9,2623.73785716,629.9
2017-08-27T16:00:00.000Z,629.9,630.0,603.1,616.1,1455.60115349,616.1
2017-08-27T20:00:00.000Z,616.1,626.5,601.0,616.2,706.16029532,616.2
2017-08-28T00:00:00.000Z,620.4,627.5,603.2,603.2,552.04930010,603.2
2017-08-28T04:00:00.000Z,604.3,609.7,600.0,605.0,493.35749254,605.0
2017-08-28T08:00:00.000Z,605.0,609.0,597.5,603.2,618.32729808,603.2
2017-08-28T12:00:00.000Z,603.4,607.3,588.8,596.3,1328.41041073,596.3
2017-08-28T16:00:00.000Z,595.5,602.9,590.0,600.0,683.86393344,600.0
2017-08-28T20:00:00.000Z,594.7,598.3,587.4,589.0,674.22348282,589.0
2017-08-29T00:00:00.000Z,591.9,594.9,585.0,590.0,437.24122885,590.0
2017-08-29T04:00:00.000Z,588.7,595.0,583.2,590.0,732.89546659,590.0
2017-08-29T08:00:00.000Z,590.0,593.9,564.7,573.9,883.45260523,573.9
2017-08-29T12:00:00.000Z,573.7,581.4,531.9,555.0,2991.83202306,555.0
2017-08-29T16:00:00.000Z,555.1,576.8,537.3,551.6,1405.55401709,551.6
2017-08-29T20:00:00.000Z,553.6,558.9,520.0,547.9,2238.75351274,547.9
2017-08-30T00:00:00.000Z,547.8,552.0,521.5,543.4,1743.73738467,543.4
2017-08-30T04:00:00.000Z,543.3,546.5,519.0,544.9,931.09091047,544.9
2017-08-30T08:00:00.000Z,538.0,615.9,538.0,571.9,3403.98183553,571.9
2017-08-30T12:00:00.000Z,578.3,579.9,551.0,565.9,724.29109074,565.9
2017-08-30T16:00:00.000Z,565.3,565.3,543.0,558.3,762.77773506,558.3
2017-08-30T20:00:00.000Z,558.3,582.5,555.0,579.6,1745.57985152,579.6
2017-08-31T00:00:00.000Z,579.6,590.0,571.0,576.0,1322.00556796,576.0
2017-08-31T04:00:00.000Z,575.9,605.0,575.4,600.0,844.77844776,600.0
2017-08-31T08:00:00.000Z,600.0,608.9,591.0,599.9,1166.65340449,599.9
2017-08-31T12:00:00.000Z,601.4,609.0,592.5,596.2,1486.01418772,596.2
2017-08-31T16:00:00.000Z,596.2,604.0,585.0,587.6,1770.37679904,587.6
2017-08-31T20:00:00.000Z,588.7,595.0,586.0,595.0,710.93955073,595.0
2017-09-01T00:00:00.000Z,593.0,602.6,591.1,597.9,353.37331980,597.9
2017-09-01T04:00:00.000Z,596.0,603.9,584.3,596.8,424.36341809,596.8
2017-09-01T08:00:00.000Z,596.8,603.9,593.5,602.0,537.83220938,602.0
2017-09-01T12:00:00.000Z,602.0,624.9,599.3,624.9,1191.11538481,624.9
2017-09-01T16:00:00.000Z,621.9,677.0,616.2,642.0,4213.90003736,642.0
2017-09-01T20:00:00.000Z,642.0,649.6,630.0,631.7,953.82082737,631.7
2017-09-02T00:00:00.000Z,630.0,645.0,612.0,621.1,1276.65561150,621.1
2017-09-02T04:00:00.000Z,621.1,631.1,600.0,608.7,1559.84125556,608.7
2017-09-02T08:00:00.000Z,612.9,664.0,590.1,601.0,1894.75458455,601.0
2017-09-02T12:00:00.000Z,601.1,605.3,575.0,583.0,939.46947218,583.0
2017-09-02T16:00:00.000Z,583.0,606.4,582.2,590.0,977.46645341,590.0
2017-09-02T20:00:00.000Z,590.0,590.0,575.1,580.0,616.08785019,580.0
2017-09-03T00:00:00.000Z,580.0,597.5,580.0,596.4,620.10156734,596.4
2017-09-03T04:00:00.000Z,591.2,608.2,591.2,594.9,374.38009862,594.9
2017-09-03T08:00:00.000Z,593.0,609.3,580.0,582.6,655.75064738,582.6
2017-09-03T12:00:00.000Z,582.8,619.0,579.1,605.4,881.40443726,605.4
2017-09-03T16:00:00.000Z,602.0,638.3,601.0,602.9,1154.59938425,602.9
2017-09-03T20:00:00.000Z,602.9,613.2,602.9,610.0,341.03129337,610.0
2017-09-04T00:00:00.000Z,612.4,615.8,600.0,601.1,626.71473094,601.1
2017-09-04T04:00:00.000Z,601.1,605.6,582.0,582.0,723.44370669,582.0
2017-09-04T08:00:00.000Z,584.5,584.5,560.0,560.7,899.86637924,560.7
2017-09-04T12:00:00.000Z,564.9,564.9,521.0,538.0,1685.24049082,538.0
2017-09-04T16:00:00.000Z,538.0,549.9,501.0,541.8,2050.57627648,541.8
2017-09-04T20:00:00.000Z,541.8,553.2,521.0,532.0,689.42196940,532.0
2017-09-05T00:00:00.000Z,528.8,544.0,500.0,506.0,1616.78825033,506.0
2017-09-05T04:00:00.000Z,506.0,544.5,506.0,530.5,705.07017713,530.5
2017-09-05T08:00:00.000Z,531.3,550.0,528.0,549.8,1138.69985085,549.8
2017-09-05T12:00:00.000Z,549.9,568.8,537.9,543.8,1779.49594959,543.8
2017-09-05T16:00:00.000Z,542.2,566.0,536.0,566.0,285.65827304,566.0
2017-09-05T20:00:00.000Z,565.9,565.9,553.9,558.2,781.24602385,558.2
2017-09-06T00:00:00.000Z,558.2,574.9,558.2,568.7,565.31356852,568.7
2017-09-06T04:00:00.000Z,568.7,577.0,549.5,570.0,906.01293886,570.0
2017-09-06T08:00:00.000Z,569.8,630.0,563.0,618.0,1642.87525980,618.0
2017-09-06T12:00:00.000Z,625.0,669.5,607.9,663.0,2046.86635988,663.0
2017-09-06T16:00:00.000Z,663.0,673.1,645.7,654.1,1803.56116780,654.1
2017-09-06T20:00:00.000Z,654.1,664.9,645.7,654.0,758.27517064,654.0
2017-09-07T00:00:00.000Z,654.3,654.5,619.8,630.0,689.98822780,630.0
2017-09-07T04:00:00.000Z,629.7,646.9,626.4,637.0,423.59286455,637.0
2017-09-07T08:00:00.000Z,636.7,722.0,636.7,712.0,3183.28441778,712.0
2017-09-07T12:00:00.000Z,712.0,712.5,668.5,679.2,2011.81168251,679.2
2017-09-07T16:00:00.000Z,680.6,685.3,665.1,665.1,1373.58605620,665.1
2017-09-07T20:00:00.000Z,665.7,685.0,662.1,675.1,624.54746305,675.1
2017-09-08T00:00:00.000Z,675.1,688.6,662.9,688.0,806.47929826,688.0
2017-09-08T04:00:00.000Z,688.6,705.0,677.6,694.3,902.48103354,694.3
2017-09-08T08:00:00.000Z,695.1,701.8,671.2,678.1,970.05601927,678.1
2017-09-08T12:00:00.000Z,678.4,686.9,609.0,629.5,1924.80643810,629.5
2017-09-08T16:00:00.000Z,620.4,649.3,600.0,600.1,2048.06855233,600.1
2017-09-08T20:00:00.000Z,600.0,629.6,580.0,616.9,1460.78274613,616.9
2017-09-09T00:00:00.000Z,615.2,616.9,590.0,605.4,326.48870213,605.4
2017-09-09T04:00:00.000Z,605.4,625.0,600.0,618.0,389.01368854,618.0
2017-09-09T08:00:00.000Z,615.2,616.1,602.0,605.7,169.31648996,605.7
2017-09-09T12:00:00.000Z,605.7,612.7,592.9,597.0,724.66748106,597.0
2017-09-09T16:00:00.000Z,597.4,604.2,568.9,585.6,950.97131219,585.6
2017-09-09T20:00:00.000Z,585.5,605.0,584.0,594.4,283.08573255,594.4
2017-09-10T00:00:00.000Z,594.5,594.5,570.1,572.9,252.95293444,572.9
2017-09-10T04:00:00.000Z,572.9,577.7,550.0,565.0,1327.83400089,565.0
2017-09-10T08:00:00.000Z,567.9,577.7,551.1,560.8,314.79685775,560.8
2017-09-10T12:00:00.000Z,561.1,569.8,557.3,565.6,246.47326981,565.6
2017-09-10T16:00:00.000Z,569.5,591.9,559.6,583.1,453.71462075,583.1
2017-09-10T20:00:00.000Z,582.9,592.9,561.5,561.5,498.63570890,561.5
2017-09-11T00:00:00.000Z,565.4,605.0,565.0,595.7,703.59322712,595.7
2017-09-11T04:00:00.000Z,595.7,595.7,552.7,567.4,1230.79467631,567.4
2017-09-11T08:00:00.000Z,567.0,587.2,559.9,566.0,364.19484407,566.0
2017-09-11T12:00:00.000Z,566.0,572.0,560.0,565.4,185.43125163,565.4
2017-09-11T16:00:00.000Z,565.5,570.6,559.3,559.3,275.89489600,559.3
2017-09-11T20:00:00.000Z,559.6,629.0,552.7,560.0,788.64279274,560.0
2017-09-12T00:00:00.000Z,560.0,563.0,551.2,563.0,781.83749521,563.0
2017-09-12T04:00:00.000Z,563.0,584.9,560.3,578.0,885.35650147,578.0
2017-09-12T08:00:00.000Z,579.0,581.7,560.0,571.6,403.07194546,571.6
2017-09-12T12:00:00.000Z,571.6,575.9,555.0,558.4,731.85702462,558.4
2017-09-12T16:00:00.000Z,561.3,568.0,530.2,541.2,2119.75301567,541.2
2017-09-12T20:00:00.000Z,541.3,547.7,532.2,539.1,387.99083993,539.1
2017-09-13T00:00:00.000Z,539.1,539.7,501.7,501.8,1170.23192205,501.8
2017-09-13T04:00:00.000Z,501.8,521.0,491.3,510.4,1507.29157652,510.4
2017-09-13T08:00:00.000Z,510.7,514.5,476.0,477.7,1307.78488786,477.7
2017-09-13T12:00:00.000Z,478.0,509.0,469.5,504.9,1315.28118252,504.9
2017-09-13T16:00:00.000Z,504.9,535.7,496.1,496.3,660.94602563,496.3
2017-09-13T20:00:00.000Z,497.2,527.0,494.0,508.7,448.61722424,508.7
2017-09-14T00:00:00.000Z,508.7,519.0,486.5,488.5,318.39969503,488.5
2017-09-14T04:00:00.000Z,490.4,506.3,482.7,499.0,812.49919052,499.0
2017-09-14T08:00:00.000Z,499.0,503.9,442.6,443.3,1488.42891947,443.3
2017-09-14T12:00:00.000Z,445.3,463.1,425.3,438.1,1926.14347431,438.1
2017-09-14T16:00:00.000Z,438.1,439.3,401.0,412.6,2685.47562270,412.6
2017-09-14T20:00:00.000Z,412.8,424.1,389.6,390.2,1225.02926645,390.2
2017-09-15T00:00:00.000Z,390.1,443.6,389.6,418.3,1812.89797023,418.3
2017-09-15T04:00:00.000Z,417.6,422.0,359.1,370.9,3004.18247018,370.9
2017-09-15T08:00:00.000Z,370.5,372.7,303.0,325.9,5728.67106473,325.9
2017-09-15T12:00:00.000Z,325.9,441.2,315.5,435.0,5198.22853133,435.0
2017-09-15T16:00:00.000Z,435.0,445.0,394.7,440.0,2348.49868070,440.0
2017-09-15T20:00:00.000Z,440.0,459.5,421.2,434.8,1321.17643267,434.8
2017-09-16T00:00:00.000Z,434.8,458.3,433.4,449.3,480.18438144,449.3
2017-09-16T04:00:00.000Z,449.6,480.0,448.8,465.7,1913.46927885,465.7
2017-09-16T08:00:00.000Z,467.3,476.2,422.2,446.5,2112.56842654,446.5
2017-09-16T12:00:00.000Z,445.9,447.8,425.0,430.0,1075.52998357,430.0
2017-09-16T16:00:00.000Z,430.0,442.8,422.6,436.6,1087.59131881,436.6
2017-09-16T20:00:00.000Z,435.2,460.3,427.7,449.0,685.12869608,449.0
2017-09-17T00:00:00.000Z,449.0,449.0,437.5,438.2,468.84577929,438.2
2017-09-17T04:00:00.000Z,439.2,439.2,417.6,417.6,330.29997885,417.6
2017-09-17T08:00:00.000Z,417.6,432.0,411.9,425.8,420.08915116,425.8
2017-09-17T12:00:00.000Z,425.8,447.8,425.4,446.2,598.90415408,446.2
2017-09-17T16:00:00.000Z,443.2,456.8,440.9,451.8,374.48530554,451.8
2017-09-17T20:00:00.000Z,450.7,452.9,442.2,443.7,270.38254364,443.7
2017-09-18T00:00:00.000Z,443.6,456.0,443.0,455.9,1773.35843374,455.9
2017-09-18T04:00:00.000Z,455.9,495.0,451.2,493.5,1721.37149005,493.5
2017-09-18T08:00:00.000Z,493.5,494.2,470.6,473.8,1616.37482662,473.8
2017-09-18T12:00:00.000Z,474.2,497.2,471.8,483.2,2138.47984637,483.2
2017-09-18T16:00:00.000Z,483.2,483.4,468.6,474.9,372.83827001,474.9
2017-09-18T20:00:00.000Z,473.3,486.0,469.7,485.8,271.90933357,485.8
2017-09-19T00:00:00.000Z,486.0,494.0,470.5,480.3,940.94803993,480.3
2017-09-19T04:00:00.000Z,480.3,482.0,455.2,466.8,1280.95494408,466.8
2017-09-19T08:00:00.000Z,464.2,480.1,462.3,473.0,555.92680379,473.0
2017-09-19T12:00:00.000Z,473.0,493.4,470.2,489.5,926.42834966,489.5
2017-09-19T16:00:00.000Z,490.4,525.5,485.4,525.5,1904.58564882,525.5
2017-09-19T20:00:00.000Z,523.0,549.7,511.2,531.5,2368.11340325,531.5
2017-09-20T00:00:00.000Z,531.5,532.2,495.1,497.7,1236.82267035,497.7
2017-09-20T04:00:00.000Z,495.9,517.7,485.4,515.4,1819.37825134,515.4
2017-09-20T08:00:00.000Z,515.4,516.1,481.0,484.9,1004.19753566,484.9
2017-09-20T12:00:00.000Z,483.4,516.4,476.5,501.9,854.49873709,501.9
2017-09-20T16:00:00.000Z,503.3,511.5,493.5,494.0,706.47056083,494.0
2017-09-20T20:00:00.000Z,494.0,502.5,475.0,475.0,1125.37684761,475.0
2017-09-21T00:00:00.000Z,477.1,483.8,468.2,469.1,724.55546880,469.1
2017-09-21T04:00:00.000Z,472.6,484.5,470.0,477.2,699.12378307,477.2
2017-09-21T08:00:00.000Z,477.2,478.8,468.1,472.7,981.00537675,472.7
2017-09-21T12:00:00.000Z,472.7,478.1,443.5,445.6,1361.31913823,445.6
2017-09-21T16:00:00.000Z,448.2,454.4,421.4,422.8,1298.91603526,422.8
2017-09-21T20:00:00.000Z,423.6,439.7,415.2,419.4,1313.73492470,419.4
2017-09-22T00:00:00.000Z,421.8,441.5,419.7,432.2,343.02352745,432.2
2017-09-22T04:00:00.000Z,433.0,447.6,423.5,426.1,817.33812427,426.1
2017-09-22T08:00:00.000Z,426.8,427.0,405.0,405.0,877.07644945,405.0
2017-09-22T12:00:00.000Z,406.2,431.7,400.0,400.0,894.71793350,400.0
2017-09-22T16:00:00.000Z,400.0,410.5,399.0,409.1,571.88702058,409.1
2017-09-22T20:00:00.000Z,410.4,415.8,405.8,411.7,363.00702496,411.7
2017-09-23T00:00:00.000Z,411.7,413.0,399.9,409.2,688.75059920,409.2
2017-09-23T04:00:00.000Z,407.8,422.5,407.8,416.1,297.78147849,416.1
2017-09-23T08:00:00.000Z,416.1,444.9,416.0,438.8,712.02080889,438.8
2017-09-23T12:00:00.000Z,438.8,448.0,421.4,425.3,519.49667019,425.3
2017-09-23T16:00:00.000Z,422.9,430.0,415.8,427.0,679.82132998,427.0
2017-09-23T20:00:00.000Z,426.9,430.9,420.3,428.9,120.76586715,428.9
2017-09-24T00:00:00.000Z,431.0,434.0,426.1,432.0,213.83954563,432.0
2017-09-24T04:00:00.000Z,432.0,433.9,420.5,421.7,1185.14521711,421.7
2017-09-24T08:00:00.000Z,421.8,424.7,417.0,419.8,161.86254619,419.8
2017-09-24T12:00:00.000Z,419.4,429.4,419.2,423.4,414.59526793,423.4
2017-09-24T16:00:00.000Z,423.4,425.7,420.0,422.9,39.91839180,422.9
2017-09-24T20:00:00.000Z,422.6,424.7,413.8,421.2,495.15100176,421.2
2017-09-25T00:00:00.000Z,422.2,430.8,418.9,428.5,358.20862859,428.5
2017-09-25T04:00:00.000Z,427.9,432.0,424.6,428.1,334.46222103,428.1
2017-09-25T08:00:00.000Z,427.8,451.4,425.5,442.9,630.40722274,442.9
2017-09-25T12:00:00.000Z,442.7,455.0,440.0,455.0,504.31926063,455.0
2017-09-25T16:00:00.000Z,452.0,458.7,445.9,449.7,484.70833050,449.7
2017-09-25T20:00:00.000Z,449.3,455.0,449.2,451.6,267.48274983,451.6
2017-09-26T00:00:00.000Z,451.8,467.2,449.7,455.8,1140.51733611,455.8
2017-09-26T04:00:00.000Z,455.8,461.2,449.0,459.4,248.94136320,459.4
2017-09-26T08:00:00.000Z,459.4,460.4,454.9,455.6,343.46674341,455.6
2017-09-26T12:00:00.000Z,456.8,459.5,451.8,452.2,169.13995944,452.2
2017-09-26T16:00:00.000Z,452.0,454.3,448.5,450.3,264.70413142,450.3
2017-09-26T20:00:00.000Z,450.3,452.1,440.0,449.1,1439.09080240,449.1
2017-09-27T00:00:00.000Z,449.5,449.5,443.9,446.8,516.29109996,446.8
2017-09-27T04:00:00.000Z,446.7,448.0,443.0,446.4,523.05357971,446.4
2017-09-27T08:00:00.000Z,446.4,460.0,440.4,457.9,1545.87405659,457.9
2017-09-27T12:00:00.000Z,456.9,459.0,454.1,454.2,424.39960368,454.2
2017-09-27T16:00:00.000Z,455.0,466.0,452.6,464.5,1344.29732790,464.5
2017-09-27T20:00:00.000Z,464.5,469.0,459.7,465.0,711.71056349,465.0
2017-09-28T00:00:00.000Z,464.4,465.8,455.0,461.0,513.03386226,461.0
2017-09-28T04:00:00.000Z,464.2,471.9,461.0,462.7,328.74824885,462.7
2017-09-28T08:00:00.000Z,462.9,467.1,444.5,446.0,480.99827574,446.0
2017-09-28T12:00:00.000Z,444.9,487.0,443.8,472.1,1305.94416236,472.1
2017-09-28T16:00:00.000Z,474.3,486.8,460.0,460.1,488.28846471,460.1
2017-09-28T20:00:00.000Z,460.0,464.7,455.5,459.0,508.31201662,459.0
2017-09-29T00:00:00.000Z,459.0,459.2,436.6,439.3,565.79605223,439.3
2017-09-29T04:00:00.000Z,439.2,444.0,431.7,440.1,878.09530067,440.1
2017-09-29T08:00:00.000Z,440.0,446.4,435.7,445.7,405.51258602,445.7
2017-09-29T12:00:00.000Z,445.7,449.9,441.7,444.1,382.06827721,444.1
2017-09-29T16:00:00.000Z,446.3,449.3,437.2,440.5,435.38887329,440.5
2017-09-29T20:00:00.000Z,441.0,445.9,438.0,442.0,234.54680344,442.0
2017-09-30T00:00:00.000Z,438.8,448.5,438.5,444.0,677.00806652,444.0
2017-09-30T04:00:00.000Z,442.5,452.9,442.5,447.1,804.73933692,447.1
2017-09-30T08:00:00.000Z,447.1,449.5,443.1,445.6,386.55959620,445.6
2017-09-30T12:00:00.000Z,445.6,448.9,443.1,447.5,379.06495887,447.5
2017-09-30T16:00:00.000Z,447.2,448.7,441.1,441.6,1951.84487912,441.6
2017-09-30T20:00:00.000Z,441.1,442.8,431.8,435.2,1217.85834842,435.2
2017-10-01T00:00:00.000Z,435.2,442.4,431.7,432.3,854.43141093,432.3
2017-10-01T04:00:00.000Z,432.6,437.0,430.0,431.7,875.02296134,431.7
2017-10-01T08:00:00.000Z,431.2,432.1,423.0,423.7,632.69668969,423.7
2017-10-01T12:00:00.000Z,424.0,426.5,416.7,422.0,1093.45219759,422.0
2017-10-01T16:00:00.000Z,421.6,427.7,421.1,423.6,435.40564975,423.6
2017-10-01T20:00:00.000Z,422.5,424.8,416.9,418.5,887.38001975,418.5
2017-10-02T00:00:00.000Z,418.5,424.7,417.1,419.9,1144.97564460,419.9
2017-10-02T04:00:00.000Z,420.0,420.0,410.0,413.6,1724.87287963,413.6
2017-10-02T08:00:00.000Z,413.6,424.1,411.9,423.6,875.46048058,423.6
2017-10-02T12:00:00.000Z,423.6,432.7,420.0,420.3,1695.65274021,420.3
2017-10-02T16:00:00.000Z,420.9,422.7,410.0,415.0,1464.74842182,415.0
2017-10-02T20:00:00.000Z,412.5,420.3,406.1,420.3,1220.69659042,420.3
2017-10-03T00:00:00.000Z,420.0,420.3,413.8,416.0,221.23397982,416.0
2017-10-03T04:00:00.000Z,416.0,418.9,401.1,405.9,985.28383480,405.9
2017-10-03T08:00:00.000Z,405.6,409.3,400.2,402.7,976.64430692,402.7
2017-10-03T12:00:00.000Z,401.2,405.6,392.1,398.1,520.51021155,398.1
2017-10-03T16:00:00.000Z,398.7,400.9,392.6,399.1,551.47120236,399.1
2017-10-03T20:00:00.000Z,399.1,402.7,395.2,402.5,958.87235988,402.5
2017-10-04T00:00:00.000Z,402.0,403.1,398.1,400.9,159.84590139,400.9
2017-10-04T04:00:00.000Z,400.9,401.5,395.6,398.3,759.57384369,398.3
2017-10-04T08:00:00.000Z,395.7,397.9,385.2,390.9,655.47258077,390.9
2017-10-04T12:00:00.000Z,391.7,392.1,363.0,371.8,4772.90014990,371.8
2017-10-04T16:00:00.000Z,372.5,373.8,351.5,361.4,3359.06145038,361.4
2017-10-04T20:00:00.000Z,361.4,361.4,351.6,357.2,1661.12781646,357.2
2017-10-05T00:00:00.000Z,356.9,358.3,347.0,351.3,1115.01004877,351.3
2017-10-05T04:00:00.000Z,351.3,351.5,343.6,349.5,2009.18548275,349.5
2017-10-05T08:00:00.000Z,349.5,365.6,345.0,361.6,1249.01702878,361.6
2017-10-05T12:00:00.000Z,361.9,369.9,355.5,358.7,2096.55331800,358.7
2017-10-05T16:00:00.000Z,358.0,359.7,350.9,354.7,370.71213102,354.7
2017-10-05T20:00:00.000Z,355.5,359.9,352.1,354.6,1042.96899870,354.6
2017-10-06T00:00:00.000Z,354.6,363.0,352.1,362.9,287.46113917,362.9
2017-10-06T04:00:00.000Z,362.9,372.0,362.9,369.4,990.99043698,369.4
2017-10-06T08:00:00.000Z,369.6,370.0,366.9,369.5,240.99517852,369.5
2017-10-06T12:00:00.000Z,368.2,374.6,361.3,365.8,881.71340990,365.8
2017-10-06T16:00:00.000Z,365.8,371.4,365.8,369.4,553.91968362,369.4
2017-10-06T20:00:00.000Z,369.5,370.3,361.2,363.3,162.88932640,363.3
2017-10-07T00:00:00.000Z,363.7,366.5,361.6,364.7,104.84571930,364.7
2017-10-07T04:00:00.000Z,364.7,365.2,360.5,360.5,244.00471580,360.5
2017-10-07T08:00:00.000Z,360.5,362.4,360.0,360.1,93.47880612,360.1
2017-10-07T12:00:00.000Z,360.1,360.7,356.5,356.5,412.00807618,356.5
2017-10-07T16:00:00.000Z,356.5,358.0,355.5,355.6,197.20368863,355.6
2017-10-07T20:00:00.000Z,356.7,363.8,355.5,359.0,351.49709078,359.0
2017-10-08T00:00:00.000Z,358.3,360.4,356.1,359.6,144.88545479,359.6
2017-10-08T04:00:00.000Z,359.9,361.3,357.5,360.4,59.31376968,360.4
2017-10-08T08:00:00.000Z,360.4,361.5,356.1,357.7,355.53590879,357.7
2017-10-08T12:00:00.000Z,357.7,362.0,351.0,354.8,774.09546614,354.8
2017-10-08T16:00:00.000Z,355.9,359.0,352.1,354.6,689.81765956,354.6
2017-10-08T20:00:00.000Z,354.3,354.4,335.3,341.8,1509.83833248,341.8
2017-10-09T00:00:00.000Z,341.8,343.0,335.7,338.9,379.78835080,338.9
2017-10-09T04:00:00.000Z,337.9,339.5,326.8,330.9,648.22164118,330.9
2017-10-09T08:00:00.000Z,330.5,340.0,330.0,333.2,445.37836897,333.2
2017-10-09T12:00:00.000Z,333.3,336.2,324.0,324.1,610.39997230,324.1
2017-10-09T16:00:00.000Z,324.2,324.9,290.3,291.4,2812.36789077,291.4
2017-10-09T20:00:00.000Z,291.3,329.8,290.4,313.7,3809.87603315,313.7
2017-10-10T00:00:00.000Z,312.9,352.7,310.7,340.0,2401.29679025,340.0
2017-10-10T04:00:00.000Z,340.0,340.7,322.7,333.8,863.75108261,333.8
2017-10-10T08:00:00.000Z,332.8,334.3,322.0,323.6,726.16228199,323.6
2017-10-10T12:00:00.000Z,323.6,325.6,309.9,316.3,1728.35598628,316.3
2017-10-10T16:00:00.000Z,317.4,327.8,305.4,314.8,1829.65402934,314.8
2017-10-10T20:00:00.000Z,314.8,323.0,312.3,316.8,1044.74758994,316.8
2017-10-11T00:00:00.000Z,315.5,316.9,309.6,314.0,1127.62367567,314.0
2017-10-11T04:00:00.000Z,312.3,318.8,311.3,317.3,240.37386921,317.3
2017-10-11T08:00:00.000Z,315.1,318.9,312.5,314.9,379.41515985,314.9
2017-10-11T12:00:00.000Z,313.7,316.0,308.3,314.0,788.36435857,314.0
2017-10-11T16:00:00.000Z,313.6,315.5,310.6,311.3,939.66851215,311.3
2017-10-11T20:00:00.000Z,312.0,314.6,310.0,313.6,310.82502872,313.6
2017-10-12T00:00:00.000Z,313.6,314.6,308.8,310.7,428.64892613,310.7
2017-10-12T04:00:00.000Z,310.7,315.2,309.1,311.0,578.35682890,311.0
2017-10-12T08:00:00.000Z,310.7,327.8,306.1,320.5,1173.77996071,320.5
2017-10-12T12:00:00.000Z,321.8,330.0,317.0,319.2,1504.70109716,319.2
2017-10-12T16:00:00.000Z,318.0,319.3,305.1,308.2,3461.99789811,308.2
2017-10-12T20:00:00.000Z,307.6,316.2,307.0,310.1,754.66558503,310.1
2017-10-13T00:00:00.000Z,310.1,311.6,303.0,303.6,2033.80867974,303.6
2017-10-13T04:00:00.000Z,303.5,312.8,298.1,312.2,3137.13044962,312.2
2017-10-13T08:00:00.000Z,311.5,314.0,305.8,313.5,2175.76002019,313.5
2017-10-13T12:00:00.000Z,313.2,321.9,307.2,314.1,1927.63521117,314.1
2017-10-13T16:00:00.000Z,314.2,322.0,307.6,310.5,1402.11689319,310.5
2017-10-13T20:00:00.000Z,310.5,321.0,308.3,318.2,211.35875660,318.2
2017-10-14T00:00:00.000Z,319.0,325.0,318.3,323.4,463.20379900,323.4
2017-10-14T04:00:00.000Z,323.4,324.9,313.5,319.5,252.17616356,319.5
2017-10-14T08:00:00.000Z,318.9,321.1,316.0,316.0,130.66003808,316.0
2017-10-14T12:00:00.000Z,316.4,317.9,313.1,317.2,1335.67427925,317.2
2017-10-14T16:00:00.000Z,317.1,327.4,316.0,324.9,1076.56441811,324.9
2017-10-14T20:00:00.000Z,325.0,325.7,316.6,321.4,2094.19423607,321.4
2017-10-15T00:00:00.000Z,321.3,321.4,316.5,319.6,241.39153830,319.6
2017-10-15T04:00:00.000Z,319.6,322.0,315.0,318.9,221.07188518,318.9
2017-10-15T08:00:00.000Z,317.5,317.8,308.3,311.4,1025.72217764,311.4
2017-10-15T12:00:00.000Z,311.4,312.6,309.9,311.4,440.20333664,311.4
2017-10-15T16:00:00.000Z,311.3,312.3,308.2,310.1,403.16168742,310.1
2017-10-15T20:00:00.000Z,310.1,315.8,310.0,314.3,547.15908846,314.3
2017-10-16T00:00:00.000Z,314.5,316.5,311.9,312.2,324.56286679,312.2
2017-10-16T04:00:00.000Z,313.7,313.9,310.0,310.0,156.89333178,310.0
2017-10-16T08:00:00.000Z,311.9,316.4,309.6,316.1,342.86117040,316.1
2017-10-16T12:00:00.000Z,316.1,316.4,311.1,313.4,656.20116721,313.4
2017-10-16T16:00:00.000Z,313.4,314.6,311.8,313.3,891.61982366,313.3
2017-10-16T20:00:00.000Z,313.3,313.8,310.3,312.5,328.30924361,312.5
2017-10-17T00:00:00.000Z,312.5,313.7,306.9,308.9,760.59392278,308.9
2017-10-17T04:00:00.000Z,308.6,359.1,307.5,355.8,3258.46150856,355.8
2017-10-17T08:00:00.000Z,355.6,400.0,343.8,371.2,5229.46301649,371.2
2017-10-17T12:00:00.000Z,382.7,393.0,356.5,364.9,4527.10279177,364.9
2017-10-17T16:00:00.000Z,364.6,381.0,348.1,361.1,2541.95357130,361.1
2017-10-17T20:00:00.000Z,364.0,396.5,358.0,370.0,1592.46168566,370.0
2017-10-18T00:00:00.000Z,372.2,385.4,369.0,369.9,569.36797651,369.9
2017-10-18T04:00:00.000Z,370.2,386.3,340.7,341.3,1170.23357159,341.3
2017-10-18T08:00:00.000Z,341.3,357.2,325.0,326.1,661.36127821,326.1
2017-10-18T12:00:00.000Z,326.9,335.3,306.0,325.1,991.20589460,325.1
2017-10-18T16:00:00.000Z,325.5,359.9,320.0,328.8,856.33166851,328.8
2017-10-18T20:00:00.000Z,326.5,346.3,324.5,342.0,674.18457798,342.0
2017-10-19T00:00:00.000Z,343.1,343.7,326.7,334.7,356.09155527,334.7
2017-10-19T04:00:00.000Z,334.9,337.5,325.0,329.0,149.87850300,329.0
2017-10-19T08:00:00.000Z,326.5,338.6,325.7,332.7,128.98425542,332.7
2017-10-19T12:00:00.000Z,334.8,337.0,328.2,328.3,260.63585349,328.3
2017-10-19T16:00:00.000Z,327.7,333.8,325.1,328.0,117.21377398,328.0
2017-10-19T20:00:00.000Z,328.0,333.1,327.2,329.2,105.93400967,329.2
2017-10-20T00:00:00.000Z,331.9,335.0,329.8,330.6,140.15375061,330.6
2017-10-20T04:00:00.000Z,331.7,331.7,325.0,326.9,188.49913635,326.9
2017-10-20T08:00:00.000Z,325.0,326.5,321.5,325.0,177.71590700,325.0
2017-10-20T12:00:00.000Z,325.0,332.7,322.8,328.7,652.49877786,328.7
2017-10-20T16:00:00.000Z,326.6,329.6,324.5,326.7,287.45277219,326.7
2017-10-20T20:00:00.000Z,326.7,345.0,323.1,326.0,754.34627807,326.0
2017-10-21T00:00:00.000Z,326.5,326.6,318.6,320.1,724.94532314,320.1
2017-10-21T04:00:00.000Z,320.1,327.1,317.1,318.1,347.75543779,318.1
2017-10-21T08:00:00.000Z,318.1,323.2,318.1,321.1,129.10846769,321.1
2017-10-21T12:00:00.000Z,320.8,325.8,317.4,321.0,387.20246532,321.0
2017-10-21T16:00:00.000Z,321.0,327.6,316.1,318.7,533.44967086,318.7
2017-10-21T20:00:00.000Z,318.7,323.6,318.4,319.9,260.58186829,319.9
2017-10-22T00:00:00.000Z,319.9,357.2,319.9,339.0,649.03230039,339.0
2017-10-22T04:00:00.000Z,342.5,349.6,328.4,328.4,477.89457793,328.4
2017-10-22T08:00:00.000Z,328.4,341.9,322.5,326.7,208.64055507,326.7
2017-10-22T12:00:00.000Z,326.7,339.0,326.7,338.0,394.79137233,338.0
2017-10-22T16:00:00.000Z,334.6,340.4,330.9,330.9,318.44920872,330.9
2017-10-22T20:00:00.000Z,330.9,334.6,325.0,328.8,208.65359406,328.8
2017-10-23T00:00:00.000Z,328.7,332.0,323.1,328.2,570.86402513,328.2
2017-10-23T04:00:00.000Z,328.2,330.5,323.9,325.0,517.50811539,325.0
2017-10-23T08:00:00.000Z,325.0,325.2,318.0,320.5,993.16178824,320.5
2017-10-23T12:00:00.000Z,322.2,322.9,305.0,313.0,746.39136433,313.0
2017-10-23T16:00:00.000Z,311.4,314.0,307.0,309.2,263.50228757,309.2
2017-10-23T20:00:00.000Z,309.2,318.7,307.0,314.3,712.51331762,314.3
2017-10-24T00:00:00.000Z,310.8,327.9,305.0,318.2,734.53649329,318.2
2017-10-24T04:00:00.000Z,319.7,328.8,318.1,322.9,457.15267752,322.9
2017-10-24T08:00:00.000Z,322.9,333.8,322.6,332.8,856.35732846,332.8
2017-10-24T12:00:00.000Z,333.0,335.0,328.1,333.9,1088.46709083,333.9
2017-10-24T16:00:00.000Z,333.7,334.9,326.3,327.9,395.83143477,327.9
2017-10-24T20:00:00.000Z,327.9,329.3,319.8,323.0,905.48298204,323.0
2017-10-25T00:00:00.000Z,323.0,331.0,310.3,331.0,683.87008025,331.0
2017-10-25T04:00:00.000Z,331.0,331.3,326.8,331.3,86.03193770,331.3
2017-10-25T08:00:00.000Z,330.8,332.1,319.3,323.0,435.03292049,323.0
2017-10-25T12:00:00.000Z,323.0,332.5,321.0,325.7,257.15771019,325.7
2017-10-25T16:00:00.000Z,325.7,330.9,323.6,330.1,266.75238565,330.1
2017-10-25T20:00:00.000Z,329.5,333.7,325.5,331.5,653.73865943,331.5
2017-10-26T00:00:00.000Z,329.9,335.1,328.9,333.0,439.09618334,333.0
2017-10-26T04:00:00.000Z,333.0,333.2,328.0,329.1,260.66318666,329.1
2017-10-26T08:00:00.000Z,332.7,355.0,332.6,343.0,1296.22812876,343.0
2017-10-26T12:00:00.000Z,343.0,345.4,328.6,339.0,1157.45583614,339.0
2017-10-26T16:00:00.000Z,339.0,339.0,324.1,336.0,994.19253517,336.0
2017-10-26T20:00:00.000Z,336.3,337.7,333.0,336.5,245.59805042,336.5
2017-10-27T00:00:00.000Z,336.7,344.4,334.4,339.2,364.92622258,339.2
2017-10-27T04:00:00.000Z,339.2,354.0,339.2,351.5,587.65402211,351.5
2017-10-27T08:00:00.000Z,351.2,371.9,349.5,368.0,2045.58326345,368.0
2017-10-27T12:00:00.000Z,368.0,370.0,347.0,356.5,919.50964709,356.5
2017-10-27T16:00:00.000Z,356.5,363.6,350.6,358.1,448.73092794,358.1
2017-10-27T20:00:00.000Z,359.7,380.0,356.0,367.6,897.10875081,367.6
2017-10-28T00:00:00.000Z,367.6,385.0,367.3,381.9,578.22083361,381.9
2017-10-28T04:00:00.000Z,381.8,385.0,377.8,383.0,560.27417037,383.0
2017-10-28T08:00:00.000Z,382.4,398.9,376.2,384.4,1701.51031639,384.4
2017-10-28T12:00:00.000Z,383.7,393.5,371.0,376.1,778.70259959,376.1
2017-10-28T16:00:00.000Z,378.6,394.0,374.0,388.0,528.18982158,388.0
2017-10-28T20:00:00.000Z,388.0,424.5,387.7,422.0,1832.29017777,422.0
2017-10-29T00:00:00.000Z,418.6,423.9,400.3,414.4,1272.11311786,414.4
2017-10-29T04:00:00.000Z,413.3,454.0,405.0,454.0,1612.27847845,454.0
2017-10-29T08:00:00.000Z,454.0,519.3,450.9,470.1,5864.58938172,470.1
2017-10-29T12:00:00.000Z,470.1,497.5,420.0,451.7,4815.67657315,451.7
2017-10-29T16:00:00.000Z,450.0,494.1,440.0,466.0,2952.04718364,466.0
2017-10-29T20:00:00.000Z,466.0,484.2,425.1,448.0,2207.82353612,448.0
2017-10-30T00:00:00.000Z,448.0,460.0,416.1,442.9,1794.20084348,442.9
2017-10-30T04:00:00.000Z,441.0,450.4,427.0,443.0,825.90569304,443.0
2017-10-30T08:00:00.000Z,442.3,478.0,436.7,464.9,1508.75597954,464.9
2017-10-30T12:00:00.000Z,464.7,469.0,448.5,450.2,984.83474054,450.2
2017-10-30T16:00:00.000Z,450.2,462.6,438.0,438.0,877.41379840,438.0
2017-10-30T20:00:00.000Z,440.0,453.0,430.9,444.5,883.09131785,444.5
2017-10-31T00:00:00.000Z,443.8,454.3,438.7,451.0,1002.22240150,451.0
2017-10-31T04:00:00.000Z,450.2,454.0,442.2,443.4,249.39187019,443.4
2017-10-31T08:00:00.000Z,443.4,452.8,437.0,437.0,522.45826423,437.0
2017-10-31T12:00:00.000Z,435.6,452.0,425.3,451.4,1108.54683040,451.4
2017-10-31T16:00:00.000Z,451.4,454.0,441.0,441.0,704.48217515,441.0
2017-10-31T20:00:00.000Z,441.0,447.4,435.7,435.7,298.72823442,435.7
2017-11-01T00:00:00.000Z,435.7,450.0,435.0,449.1,673.38595084,449.1
2017-11-01T04:00:00.000Z,448.2,488.4,445.0,476.2,2104.15197875,476.2
2017-11-01T08:00:00.000Z,476.4,504.9,475.3,485.0,2248.40446160,485.0
2017-11-01T12:00:00.000Z,485.0,510.0,481.7,492.0,1240.34660796,492.0
2017-11-01T16:00:00.000Z,492.0,495.0,486.0,490.9,427.00100776,490.9
2017-11-01T20:00:00.000Z,490.9,543.0,490.9,530.0,2075.97142696,530.0
2017-11-02T00:00:00.000Z,530.0,535.2,500.2,517.9,1756.46277854,517.9
2017-11-02T04:00:00.000Z,519.3,543.9,517.2,528.0,1563.62024136,528.0
2017-11-02T08:00:00.000Z,527.4,579.2,527.4,548.9,2276.38275643,548.9
2017-11-02T12:00:00.000Z,546.1,558.0,525.9,548.6,1791.65011897,548.6
2017-11-02T16:00:00.000Z,548.5,560.2,532.1,555.1,1010.85929540,555.1
2017-11-02T20:00:00.000Z,556.1,595.0,555.0,565.1,3052.99799923,565.1
2017-11-03T00:00:00.000Z,566.4,605.0,565.0,596.6,1796.99981179,596.6
2017-11-03T04:00:00.000Z,604.8,668.5,597.5,665.0,3610.34381997,665.0
2017-11-03T08:00:00.000Z,664.6,669.9,640.3,643.2,2085.53780277,643.2
2017-11-03T12:00:00.000Z,643.7,680.0,640.3,680.0,2110.60833389,680.0
2017-11-03T16:00:00.000Z,679.0,684.0,655.6,664.3,1877.22757601,664.3
2017-11-03T20:00:00.000Z,666.8,669.9,601.2,625.0,2786.38028856,625.0
2017-11-04T00:00:00.000Z,625.0,635.6,580.1,620.1,3247.56703077,620.1
2017-11-04T04:00:00.000Z,621.6,624.0,585.3,600.0,1466.11573383,600.0
2017-11-04T08:00:00.000Z,600.4,624.0,590.1,614.1,740.52701945,614.1
2017-11-04T12:00:00.000Z,615.0,644.8,610.0,622.4,2134.76575800,622.4
2017-11-04T16:00:00.000Z,622.0,633.7,612.5,625.9,621.33087906,625.9
2017-11-04T20:00:00.000Z,623.5,637.9,605.0,611.1,984.49711581,611.1
2017-11-05T00:00:00.000Z,611.1,629.6,605.5,622.6,465.27143442,622.6
2017-11-05T04:00:00.000Z,622.6,622.6,604.1,611.7,508.91257857,611.7
2017-11-05T08:00:00.000Z,611.7,611.8,585.0,598.8,920.42108762,598.8
2017-11-05T12:00:00.000Z,596.3,600.0,560.2,573.9,3301.64586280,573.9
2017-11-05T16:00:00.000Z,573.9,610.8,560.5,610.0,1226.49965842,610.0
2017-11-05T20:00:00.000Z,610.4,630.0,606.8,624.9,1303.15120451,624.9
2017-11-06T00:00:00.000Z,624.9,643.0,616.0,624.0,861.62736287,624.0
2017-11-06T04:00:00.000Z,627.2,643.0,616.0,630.2,1522.18637774,630.2
2017-11-06T08:00:00.000Z,630.4,632.9,612.3,622.3,535.94466190,622.3
2017-11-06T12:00:00.000Z,620.5,643.0,615.0,636.2,1115.67218374,636.2
2017-11-06T16:00:00.000Z,634.5,637.0,593.4,609.8,904.79826104,609.8
2017-11-06T20:00:00.000Z,609.8,618.4,595.1,595.1,710.75946644,595.1
2017-11-07T00:00:00.000Z,595.5,612.0,580.1,607.0,1220.02347789,607.0
2017-11-07T04:00:00.000Z,605.1,617.0,603.0,610.8,338.23856278,610.8
2017-11-07T08:00:00.000Z,610.4,620.0,607.2,617.9,400.39964635,617.9
2017-11-07T12:00:00.000Z,617.2,617.2,590.0,596.3,866.99627363,596.3
2017-11-07T16:00:00.000Z,605.0,612.5,588.2,609.5,708.02206162,609.5
2017-11-07T20:00:00.000Z,609.5,609.5,591.7,608.9,393.95904158,608.9
2017-11-08T00:00:00.000Z,607.0,635.0,603.0,631.9,1637.41128944,631.9
2017-11-08T04:00:00.000Z,628.9,649.0,625.3,625.3,1050.84816917,625.3
2017-11-08T08:00:00.000Z,625.3,638.7,621.4,635.4,490.19082151,635.4
2017-11-08T12:00:00.000Z,635.4,641.3,630.0,640.7,395.32208341,640.7
2017-11-08T16:00:00.000Z,640.7,645.6,570.0,597.0,2338.15094020,597.0
2017-11-08T20:00:00.000Z,591.0,630.0,584.0,621.0,1589.72153040,621.0
2017-11-09T00:00:00.000Z,621.0,643.0,621.0,624.4,1107.31963445,624.4
2017-11-09T04:00:00.000Z,624.4,636.9,616.7,631.5,416.99320462,631.5
2017-11-09T08:00:00.000Z,631.6,639.0,615.2,632.9,845.57373668,632.9
2017-11-09T12:00:00.000Z,632.9,639.0,622.3,632.8,597.33575812,632.8
2017-11-09T16:00:00.000Z,632.8,639.0,624.6,634.3,675.20635630,634.3
2017-11-09T20:00:00.000Z,636.9,680.0,631.0,669.3,2524.37712885,669.3
2017-11-10T00:00:00.000Z,665.9,717.8,664.6,713.0,2202.57522263,713.0
2017-11-10T04:00:00.000Z,710.0,788.0,705.5,759.0,3665.80318236,759.0
2017-11-10T08:00:00.000Z,758.8,896.6,742.2,859.9,5315.70853543,859.9
2017-11-10T12:00:00.000Z,859.4,886.5,742.0,814.0,4195.61903432,814.0
2017-11-10T16:00:00.000Z,811.2,1018.8,805.0,998.0,7258.50226964,998.0
2017-11-10T20:00:00.000Z,998.0,1080.0,819.0,999.0,8257.41222044,999.0
2017-11-11T00:00:00.000Z,998.5,1048.9,926.3,987.8,3707.41391525,987.8
2017-11-11T04:00:00.000Z,991.3,1024.0,890.2,920.0,3412.74105954,920.0
2017-11-11T08:00:00.000Z,919.9,1111.0,906.0,1111.0,3062.64525210,1111.0
2017-11-11T12:00:00.000Z,1104.8,1490.0,1082.5,1350.0,7625.69852181,1350.0
2017-11-11T16:00:00.000Z,1344.6,1448.0,1220.0,1380.0,5155.61814311,1380.0
2017-11-11T20:00:00.000Z,1341.0,1390.0,1256.0,1329.1,4010.51227103,1329.1
2017-11-12T00:00:00.000Z,1328.0,1800.0,1322.8,1781.7,9174.29354160,1781.7
2017-11-12T04:00:00.000Z,1781.4,2599.0,1615.0,2002.1,14765.33122979,2002.1
2017-11-12T08:00:00.000Z,2002.0,2159.6,1200.0,1630.0,11782.10900674,1630.0
2017-11-12T12:00:00.000Z,1603.7,1842.8,1350.0,1430.0,5559.53325625,1430.0
2017-11-12T16:00:00.000Z,1430.0,1590.0,1200.0,1424.4,6134.21697662,1424.4
2017-11-12T20:00:00.000Z,1425.1,1590.0,1331.1,1565.0,1943.10550633,1565.0
