"Index","KrakenEtcUsd.Open","KrakenEtcUsd.High","KrakenEtcUsd.Low","KrakenEtcUsd.Close","KrakenEtcUsd.Volume","KrakenEtcUsd.Adjusted"
2017-07-16T00:00:00.000Z,14.660,15.299,14.500,15.044,11072.14371103,15.044
2017-07-16T04:00:00.000Z,15.052,15.063,14.182,14.382,10892.02028729,14.382
2017-07-16T08:00:00.000Z,14.554,14.554,13.210,13.210,32479.56854087,13.210
2017-07-16T12:00:00.000Z,13.210,14.100,12.750,13.604,56870.35413183,13.604
2017-07-16T16:00:00.000Z,13.603,14.173,13.030,13.030,15160.72047365,13.030
2017-07-16T20:00:00.000Z,13.100,14.299,12.850,13.911,24837.36131870,13.911
2017-07-17T00:00:00.000Z,13.912,15.182,13.870,14.537,31784.44393171,14.537
2017-07-17T04:00:00.000Z,14.548,15.400,14.367,15.278,19001.54441117,15.278
2017-07-17T08:00:00.000Z,15.250,15.360,14.259,14.290,11653.82267437,14.290
2017-07-17T12:00:00.000Z,14.246,14.745,13.828,14.402,15315.78348371,14.402
2017-07-17T16:00:00.000Z,14.410,15.013,14.265,14.788,5774.48510488,14.788
2017-07-17T20:00:00.000Z,14.788,15.430,14.788,15.024,31288.08014748,15.024
2017-07-18T00:00:00.000Z,15.123,15.156,14.600,14.680,7267.16392074,14.680
2017-07-18T04:00:00.000Z,14.641,15.198,14.500,14.970,7225.67338738,14.970
2017-07-18T08:00:00.000Z,14.999,15.105,14.661,15.011,2978.69986219,15.011
2017-07-18T12:00:00.000Z,15.020,16.298,14.983,15.800,19152.77572323,15.800
2017-07-18T16:00:00.000Z,15.800,16.490,15.066,15.960,37678.97204586,15.960
2017-07-18T20:00:00.000Z,15.960,16.200,15.395,15.688,26323.80116797,15.688
2017-07-19T00:00:00.000Z,15.694,15.858,15.050,15.600,8921.77825471,15.600
2017-07-19T04:00:00.000Z,15.600,16.040,15.217,15.965,9551.72953467,15.965
2017-07-19T08:00:00.000Z,15.871,16.100,15.418,15.488,8588.06643102,15.488
2017-07-19T12:00:00.000Z,15.500,15.586,15.050,15.231,6422.02176707,15.231
2017-07-19T16:00:00.000Z,15.233,15.310,14.500,14.500,12487.20164860,14.500
2017-07-19T20:00:00.000Z,14.500,14.679,13.942,14.150,22221.04695505,14.150
2017-07-20T00:00:00.000Z,14.150,15.119,14.150,14.999,7260.33618690,14.999
2017-07-20T04:00:00.000Z,14.999,15.118,14.621,14.750,1252.78536644,14.750
2017-07-20T08:00:00.000Z,14.750,15.629,14.616,15.542,2634.48541258,15.542
2017-07-20T12:00:00.000Z,15.542,16.179,15.306,15.800,23985.97959793,15.800
2017-07-20T16:00:00.000Z,15.800,15.999,15.418,15.924,6433.84712500,15.924
2017-07-20T20:00:00.000Z,15.946,16.200,15.740,16.149,15778.66099972,16.149
2017-07-21T00:00:00.000Z,16.149,16.400,15.791,16.000,9815.00740197,16.000
2017-07-21T04:00:00.000Z,16.370,16.907,16.080,16.570,6071.83448641,16.570
2017-07-21T08:00:00.000Z,16.570,16.743,15.750,16.032,9036.29291017,16.032
2017-07-21T12:00:00.000Z,16.101,16.199,15.817,15.817,2065.27383152,15.817
2017-07-21T16:00:00.000Z,15.817,17.649,15.750,16.174,58252.06144080,16.174
2017-07-21T20:00:00.000Z,16.010,16.174,15.737,15.940,3256.68507931,15.940
2017-07-22T00:00:00.000Z,15.910,16.563,15.910,16.237,1673.69820355,16.237
2017-07-22T04:00:00.000Z,16.236,16.433,16.127,16.342,701.57968033,16.342
2017-07-22T08:00:00.000Z,16.326,16.708,16.161,16.356,5935.03473339,16.356
2017-07-22T12:00:00.000Z,16.277,16.562,16.170,16.509,1924.96479124,16.509
2017-07-22T16:00:00.000Z,16.412,16.773,16.350,16.511,14843.83188178,16.511
2017-07-22T20:00:00.000Z,16.550,16.999,16.500,16.823,3063.82822276,16.823
2017-07-23T00:00:00.000Z,16.822,16.931,16.412,16.599,4566.96995797,16.599
2017-07-23T04:00:00.000Z,16.517,16.739,16.095,16.095,8089.02955353,16.095
2017-07-23T08:00:00.000Z,16.099,16.402,15.779,15.880,5147.04326807,15.880
2017-07-23T12:00:00.000Z,15.831,16.350,15.500,16.311,9000.64993687,16.311
2017-07-23T16:00:00.000Z,16.230,16.311,16.117,16.186,2196.48087966,16.186
2017-07-23T20:00:00.000Z,16.267,16.311,16.000,16.086,1953.01176167,16.086
2017-07-24T00:00:00.000Z,16.119,16.391,16.006,16.322,2149.25740657,16.322
2017-07-24T04:00:00.000Z,16.318,16.318,15.851,16.159,10292.75484643,16.159
2017-07-24T08:00:00.000Z,15.935,16.100,15.871,16.095,2615.68170312,16.095
2017-07-24T12:00:00.000Z,16.000,16.161,15.851,16.074,2979.03831805,16.074
2017-07-24T16:00:00.000Z,16.074,16.378,15.850,16.100,4167.95833994,16.100
2017-07-24T20:00:00.000Z,15.987,16.134,15.924,15.935,593.80293849,15.935
2017-07-25T00:00:00.000Z,15.964,16.030,15.850,15.850,978.23334569,15.850
2017-07-25T04:00:00.000Z,15.850,15.921,14.829,14.917,8846.16641850,14.917
2017-07-25T08:00:00.000Z,14.930,15.198,14.200,14.330,10053.11011391,14.330
2017-07-25T12:00:00.000Z,14.328,15.177,14.300,14.837,8011.16940703,14.837
2017-07-25T16:00:00.000Z,14.797,14.801,14.110,14.200,9136.96138972,14.200
2017-07-25T20:00:00.000Z,14.200,14.700,13.400,14.700,27076.11617895,14.700
2017-07-26T00:00:00.000Z,14.699,14.876,14.131,14.539,9921.48766696,14.539
2017-07-26T04:00:00.000Z,14.528,14.528,14.135,14.240,3563.24517709,14.240
2017-07-26T08:00:00.000Z,14.240,14.581,14.240,14.581,4468.88062577,14.581
2017-07-26T12:00:00.000Z,14.599,14.890,14.069,14.069,12001.92144851,14.069
2017-07-26T16:00:00.000Z,14.166,14.386,14.022,14.360,4161.48295094,14.360
2017-07-26T20:00:00.000Z,14.358,14.707,14.207,14.612,11917.73604829,14.612
2017-07-27T00:00:00.000Z,14.660,14.707,14.440,14.530,1287.51124863,14.530
2017-07-27T04:00:00.000Z,14.530,14.749,14.310,14.423,5711.59308118,14.423
2017-07-27T08:00:00.000Z,14.423,14.718,14.247,14.659,3894.22439799,14.659
2017-07-27T12:00:00.000Z,14.605,14.748,14.381,14.387,2571.97113433,14.387
2017-07-27T16:00:00.000Z,14.437,14.606,14.331,14.491,6588.25100911,14.491
2017-07-27T20:00:00.000Z,14.491,14.599,14.382,14.470,5788.41433039,14.470
2017-07-28T00:00:00.000Z,14.520,14.644,14.200,14.454,23134.63028488,14.454
2017-07-28T04:00:00.000Z,14.445,14.501,14.291,14.397,2152.92382898,14.397
2017-07-28T08:00:00.000Z,14.340,14.372,14.000,14.000,7346.61336559,14.000
2017-07-28T12:00:00.000Z,14.000,14.398,13.725,14.398,16043.48498249,14.398
2017-07-28T16:00:00.000Z,14.398,14.469,13.994,14.091,27824.96312845,14.091
2017-07-28T20:00:00.000Z,14.070,14.324,13.898,13.967,10452.19523266,13.967
2017-07-29T00:00:00.000Z,14.023,14.157,13.700,13.700,4728.22583879,13.700
2017-07-29T04:00:00.000Z,13.700,13.805,13.537,13.638,5963.71259434,13.638
2017-07-29T08:00:00.000Z,13.636,13.665,13.267,13.355,5989.94109731,13.355
2017-07-29T12:00:00.000Z,13.305,13.627,13.254,13.570,3165.37301152,13.570
2017-07-29T16:00:00.000Z,13.624,13.968,13.450,13.900,4842.34691401,13.900
2017-07-29T20:00:00.000Z,13.904,14.366,13.678,14.234,7212.50377171,14.234
2017-07-30T00:00:00.000Z,14.365,14.442,13.890,14.106,4699.55371000,14.106
2017-07-30T04:00:00.000Z,14.093,14.093,13.592,13.848,1983.73515788,13.848
2017-07-30T08:00:00.000Z,13.712,14.020,13.712,13.977,282.46031228,13.977
2017-07-30T12:00:00.000Z,14.033,14.139,13.810,13.900,1546.63764866,13.900
2017-07-30T16:00:00.000Z,13.900,14.051,13.780,13.920,456.09800261,13.920
2017-07-30T20:00:00.000Z,13.924,13.953,13.700,13.886,3235.45003759,13.886
2017-07-31T00:00:00.000Z,13.886,13.983,13.750,13.827,1818.03523170,13.827
2017-07-31T04:00:00.000Z,13.768,13.815,13.537,13.610,2471.22237029,13.610
2017-07-31T08:00:00.000Z,13.609,13.661,13.500,13.500,3594.94706416,13.500
2017-07-31T12:00:00.000Z,13.554,13.724,13.320,13.620,7145.27917149,13.620
2017-07-31T16:00:00.000Z,13.620,14.086,13.620,13.743,3499.78170520,13.743
2017-07-31T20:00:00.000Z,13.999,13.999,13.726,13.753,1722.34022095,13.753
2017-08-01T00:00:00.000Z,13.929,14.214,13.857,14.166,3194.64657790,14.166
2017-08-01T04:00:00.000Z,14.099,14.540,14.099,14.473,8674.08226199,14.473
2017-08-01T08:00:00.000Z,14.340,14.547,13.806,13.843,7787.49894818,13.843
2017-08-01T12:00:00.000Z,13.969,14.648,13.500,13.950,8698.63496038,13.950
2017-08-01T16:00:00.000Z,13.950,14.790,13.800,14.670,7660.50481235,14.670
2017-08-01T20:00:00.000Z,14.700,14.890,14.247,14.560,6579.24101443,14.560
2017-08-02T00:00:00.000Z,14.589,14.751,14.318,14.751,1401.07909484,14.751
2017-08-02T04:00:00.000Z,14.689,15.428,14.689,14.790,13100.43560203,14.790
2017-08-02T08:00:00.000Z,14.790,15.028,14.524,14.524,7507.14517985,14.524
2017-08-02T12:00:00.000Z,14.600,14.844,14.260,14.785,17036.56451976,14.785
2017-08-02T16:00:00.000Z,14.700,14.802,14.500,14.573,2303.61918484,14.573
2017-08-02T20:00:00.000Z,14.500,14.579,14.250,14.517,2080.96747467,14.517
2017-08-03T00:00:00.000Z,14.570,14.597,14.254,14.549,1296.80457226,14.549
2017-08-03T04:00:00.000Z,14.549,15.071,14.439,14.763,3072.47303710,14.763
2017-08-03T08:00:00.000Z,14.960,15.370,14.935,15.200,19615.28839640,15.200
2017-08-03T12:00:00.000Z,15.250,15.331,15.043,15.250,2595.63098580,15.250
2017-08-03T16:00:00.000Z,15.200,15.300,14.915,15.148,1649.13469935,15.148
2017-08-03T20:00:00.000Z,15.294,15.306,15.083,15.289,3780.58029787,15.289
2017-08-04T00:00:00.000Z,15.290,15.352,15.138,15.287,3810.48343215,15.287
2017-08-04T04:00:00.000Z,15.284,15.363,15.060,15.150,2698.47490353,15.150
2017-08-04T08:00:00.000Z,15.203,15.215,14.850,14.850,13463.80511910,14.850
2017-08-04T12:00:00.000Z,14.860,15.107,14.850,14.999,2344.14989971,14.999
2017-08-04T16:00:00.000Z,14.996,14.996,14.810,14.948,3166.52861661,14.948
2017-08-04T20:00:00.000Z,14.946,14.998,14.835,14.966,1648.56165346,14.966
2017-08-05T00:00:00.000Z,14.906,15.249,14.811,15.249,2379.76105218,15.249
2017-08-05T04:00:00.000Z,15.230,15.452,15.000,15.452,6159.19376936,15.452
2017-08-05T08:00:00.000Z,15.389,15.666,14.820,15.639,5298.06658156,15.639
2017-08-05T12:00:00.000Z,15.600,15.830,15.501,15.720,5996.87409326,15.720
2017-08-05T16:00:00.000Z,15.611,15.939,15.264,15.500,11065.80041054,15.500
2017-08-05T20:00:00.000Z,15.499,15.699,15.289,15.537,3951.80447834,15.537
2017-08-06T00:00:00.000Z,15.697,16.053,15.517,15.853,10122.34081578,15.853
2017-08-06T04:00:00.000Z,15.790,15.972,15.600,15.694,1779.28604309,15.694
2017-08-06T08:00:00.000Z,15.636,15.741,15.424,15.499,2220.40411236,15.499
2017-08-06T12:00:00.000Z,15.450,15.759,15.450,15.485,2896.57564148,15.485
2017-08-06T16:00:00.000Z,15.451,15.753,15.360,15.430,2495.18157913,15.430
2017-08-06T20:00:00.000Z,15.580,15.699,15.450,15.666,1347.26371754,15.666
2017-08-07T00:00:00.000Z,15.452,15.661,15.200,15.293,4285.64522871,15.293
2017-08-07T04:00:00.000Z,15.229,15.429,15.012,15.157,8964.73752913,15.157
2017-08-07T08:00:00.000Z,15.180,15.438,15.047,15.369,969.35072433,15.369
2017-08-07T12:00:00.000Z,15.369,15.500,15.300,15.384,4567.58137195,15.384
2017-08-07T16:00:00.000Z,15.493,15.500,15.163,15.167,5337.01987431,15.167
2017-08-07T20:00:00.000Z,15.307,15.310,15.000,15.211,4792.14718697,15.211
2017-08-08T00:00:00.000Z,15.148,15.439,15.141,15.333,2917.42729269,15.333
2017-08-08T04:00:00.000Z,15.333,15.419,15.182,15.220,2634.50201280,15.220
2017-08-08T08:00:00.000Z,15.397,15.397,15.220,15.220,5866.04443852,15.220
2017-08-08T12:00:00.000Z,15.220,15.658,15.220,15.528,7940.54580086,15.528
2017-08-08T16:00:00.000Z,15.528,15.599,15.224,15.594,3258.01195957,15.594
2017-08-08T20:00:00.000Z,15.594,16.079,15.510,16.079,10307.57738869,16.079
2017-08-09T00:00:00.000Z,16.079,16.370,15.416,16.299,7728.82187201,16.299
2017-08-09T04:00:00.000Z,16.299,16.500,15.855,16.060,11766.21466765,16.060
2017-08-09T08:00:00.000Z,16.060,16.200,15.321,15.495,4205.72225601,15.495
2017-08-09T12:00:00.000Z,15.673,15.849,15.200,15.499,3268.15366342,15.499
2017-08-09T16:00:00.000Z,15.364,15.572,15.200,15.431,3901.97869819,15.431
2017-08-09T20:00:00.000Z,15.529,15.686,15.109,15.460,3317.31819314,15.460
2017-08-10T00:00:00.000Z,15.398,15.550,15.255,15.299,1911.35431011,15.299
2017-08-10T04:00:00.000Z,15.243,15.438,14.829,15.343,11722.21295956,15.343
2017-08-10T08:00:00.000Z,15.322,15.921,15.008,15.632,16049.31628045,15.632
2017-08-10T12:00:00.000Z,15.631,15.831,15.500,15.830,3234.84758073,15.830
2017-08-10T16:00:00.000Z,15.830,15.971,15.406,15.572,7253.61279753,15.572
2017-08-10T20:00:00.000Z,15.572,15.572,15.200,15.361,1899.66750394,15.361
2017-08-11T00:00:00.000Z,15.260,15.435,15.204,15.309,1048.90146616,15.309
2017-08-11T04:00:00.000Z,15.406,15.510,15.303,15.444,635.88695981,15.444
2017-08-11T08:00:00.000Z,15.411,15.558,15.190,15.190,755.96880142,15.190
2017-08-11T12:00:00.000Z,15.191,15.444,15.000,15.012,1965.94109634,15.012
2017-08-11T16:00:00.000Z,15.154,15.369,15.042,15.150,1020.53636756,15.150
2017-08-11T20:00:00.000Z,15.100,15.370,15.070,15.200,1573.63938325,15.200
2017-08-12T00:00:00.000Z,15.207,15.459,15.200,15.351,2319.81469616,15.351
2017-08-12T04:00:00.000Z,15.351,15.433,15.200,15.200,6792.51948810,15.200
2017-08-12T08:00:00.000Z,15.202,15.360,14.830,15.189,5811.50012404,15.189
2017-08-12T12:00:00.000Z,15.054,15.212,15.000,15.000,509.49544115,15.000
2017-08-12T16:00:00.000Z,15.001,15.128,14.800,14.944,2576.57763925,14.944
2017-08-12T20:00:00.000Z,14.800,14.800,14.500,14.750,1196.20548232,14.750
2017-08-13T00:00:00.000Z,14.730,14.813,13.600,14.452,8874.61236599,14.452
2017-08-13T04:00:00.000Z,14.452,14.584,14.163,14.200,1988.19449214,14.200
2017-08-13T08:00:00.000Z,14.438,14.440,13.750,14.285,2315.83588314,14.285
2017-08-13T12:00:00.000Z,14.283,14.541,14.097,14.440,1965.97923085,14.440
2017-08-13T16:00:00.000Z,14.440,14.591,13.903,14.291,4141.72144967,14.291
2017-08-13T20:00:00.000Z,14.132,14.424,14.000,14.121,1991.19098846,14.121
2017-08-14T00:00:00.000Z,14.148,14.498,14.117,14.498,680.91099647,14.498
2017-08-14T04:00:00.000Z,14.479,14.620,14.312,14.460,852.89458525,14.460
2017-08-14T08:00:00.000Z,14.460,14.557,14.022,14.100,935.35516269,14.100
2017-08-14T12:00:00.000Z,14.100,14.254,13.900,14.001,5854.88780436,14.001
2017-08-14T16:00:00.000Z,14.050,14.809,13.760,13.898,7541.14336480,13.898
2017-08-14T20:00:00.000Z,13.930,14.179,13.800,14.136,1704.05256396,14.136
2017-08-15T00:00:00.000Z,14.050,14.155,13.605,13.796,2539.56900217,13.796
2017-08-15T04:00:00.000Z,13.806,13.806,13.600,13.688,4512.37062807,13.688
2017-08-15T08:00:00.000Z,13.688,13.935,13.550,13.600,6764.68775836,13.600
2017-08-15T12:00:00.000Z,13.600,13.696,13.010,13.197,19338.13157393,13.197
2017-08-15T16:00:00.000Z,13.139,13.600,13.010,13.588,3401.43404846,13.588
2017-08-15T20:00:00.000Z,13.348,13.599,13.298,13.452,1470.60145882,13.452
2017-08-16T00:00:00.000Z,13.497,13.580,13.266,13.301,162.77424839,13.301
2017-08-16T04:00:00.000Z,13.313,13.600,13.200,13.390,2523.43865466,13.390
2017-08-16T08:00:00.000Z,13.365,13.596,13.250,13.596,888.18728643,13.596
2017-08-16T12:00:00.000Z,13.558,14.380,13.531,13.650,6868.70523069,13.650
2017-08-16T16:00:00.000Z,14.020,14.494,13.800,14.000,1807.26898804,14.000
2017-08-16T20:00:00.000Z,14.000,14.339,13.894,14.149,2208.44247919,14.149
2017-08-17T00:00:00.000Z,14.149,14.271,13.998,13.998,1530.78397452,13.998
2017-08-17T04:00:00.000Z,14.020,14.150,13.796,14.111,3024.97392282,14.111
2017-08-17T08:00:00.000Z,14.021,14.172,14.000,14.000,995.57013578,14.000
2017-08-17T12:00:00.000Z,13.993,14.139,13.701,13.894,5712.34097273,13.894
2017-08-17T16:00:00.000Z,13.894,13.975,13.521,13.862,1928.96532948,13.862
2017-08-17T20:00:00.000Z,13.575,14.067,13.575,13.800,932.16594900,13.800
2017-08-18T00:00:00.000Z,13.803,13.957,13.526,13.652,4504.75807856,13.652
2017-08-18T04:00:00.000Z,13.662,14.197,13.550,14.197,1866.90948216,14.197
2017-08-18T08:00:00.000Z,14.197,14.200,13.897,14.170,1414.81463959,14.170
2017-08-18T12:00:00.000Z,14.101,14.149,13.550,13.700,1884.78848075,13.700
2017-08-18T16:00:00.000Z,13.697,13.998,13.540,13.649,2380.35137254,13.649
2017-08-18T20:00:00.000Z,13.550,13.633,13.111,13.200,5753.34816612,13.200
2017-08-19T00:00:00.000Z,13.627,13.974,13.530,13.960,918.37361105,13.960
2017-08-19T04:00:00.000Z,13.959,13.997,13.631,13.631,809.61538831,13.631
2017-08-19T08:00:00.000Z,13.632,13.999,12.900,13.257,1040.95424061,13.257
2017-08-19T12:00:00.000Z,13.287,14.000,12.500,13.050,1619.33783722,13.050
2017-08-19T16:00:00.000Z,13.376,13.740,13.050,13.739,1403.85806718,13.739
2017-08-19T20:00:00.000Z,13.500,14.000,13.500,13.805,885.56890519,13.805
2017-08-20T00:00:00.000Z,13.802,13.802,13.380,13.588,609.21178112,13.588
2017-08-20T04:00:00.000Z,13.384,13.604,13.312,13.577,792.36022530,13.577
2017-08-20T08:00:00.000Z,13.414,13.637,13.412,13.630,961.18199851,13.630
2017-08-20T12:00:00.000Z,13.630,13.744,13.513,13.640,5159.85058164,13.640
2017-08-20T16:00:00.000Z,13.640,14.399,13.640,13.891,17425.07116107,13.891
2017-08-20T20:00:00.000Z,13.899,14.097,13.826,13.934,657.36205692,13.934
2017-08-21T00:00:00.000Z,13.900,14.173,13.800,13.846,650.76681145,13.846
2017-08-21T04:00:00.000Z,13.848,14.500,13.820,14.114,5501.76840142,14.114
2017-08-21T08:00:00.000Z,14.096,14.353,13.897,14.000,4077.23830844,14.000
2017-08-21T12:00:00.000Z,14.000,14.500,14.000,14.463,7246.66681218,14.463
2017-08-21T16:00:00.000Z,14.467,14.909,14.192,14.857,19509.08285066,14.857
2017-08-21T20:00:00.000Z,14.847,15.500,14.351,14.890,12436.16424619,14.890
2017-08-22T00:00:00.000Z,14.620,15.220,14.302,14.400,4554.21269551,14.400
2017-08-22T04:00:00.000Z,14.291,14.410,13.600,13.738,6928.75097396,13.738
2017-08-22T08:00:00.000Z,13.833,14.382,13.700,13.910,689.68649456,13.910
2017-08-22T12:00:00.000Z,14.010,14.439,13.782,14.102,1371.16712875,14.102
2017-08-22T16:00:00.000Z,14.070,14.656,14.000,14.490,4628.73965398,14.490
2017-08-22T20:00:00.000Z,14.300,14.723,14.300,14.400,3365.06846593,14.400
2017-08-23T00:00:00.000Z,14.579,14.697,14.350,14.589,2385.31685403,14.589
2017-08-23T04:00:00.000Z,14.587,14.677,14.405,14.638,2584.06376353,14.638
2017-08-23T08:00:00.000Z,14.638,16.100,14.510,15.838,20305.94015441,15.838
2017-08-23T12:00:00.000Z,15.838,16.300,15.515,16.011,17292.02222365,16.011
2017-08-23T16:00:00.000Z,16.129,16.700,15.762,15.900,21905.96794108,15.900
2017-08-23T20:00:00.000Z,15.900,16.580,15.250,15.370,12252.17807160,15.370
2017-08-24T00:00:00.000Z,15.301,15.614,15.251,15.606,10654.27809889,15.606
2017-08-24T04:00:00.000Z,15.611,16.199,15.251,16.042,5408.62724758,16.042
2017-08-24T08:00:00.000Z,16.042,16.249,15.473,15.721,7926.33975468,15.721
2017-08-24T12:00:00.000Z,15.702,16.000,15.527,15.700,2802.81682026,15.700
2017-08-24T16:00:00.000Z,15.700,15.849,15.250,15.596,9306.43775724,15.596
2017-08-24T20:00:00.000Z,15.596,15.596,15.121,15.280,3495.53260316,15.280
2017-08-25T00:00:00.000Z,15.280,15.489,15.080,15.350,3950.88940557,15.350
2017-08-25T04:00:00.000Z,15.428,15.489,15.167,15.264,2243.42166736,15.264
2017-08-25T08:00:00.000Z,15.264,15.610,15.181,15.251,1711.29675692,15.251
2017-08-25T12:00:00.000Z,15.335,15.550,15.000,15.432,11555.66182289,15.432
2017-08-25T16:00:00.000Z,15.440,15.700,15.100,15.100,6962.91965733,15.100
2017-08-25T20:00:00.000Z,15.100,15.449,15.100,15.128,2544.18745139,15.128
2017-08-26T00:00:00.000Z,15.137,15.431,15.015,15.050,2223.19084109,15.050
2017-08-26T04:00:00.000Z,15.050,15.374,15.050,15.103,3951.70794806,15.103
2017-08-26T08:00:00.000Z,15.103,15.341,15.103,15.338,1195.06719278,15.338
2017-08-26T12:00:00.000Z,15.336,15.339,15.150,15.150,1926.40148932,15.150
2017-08-26T16:00:00.000Z,15.100,15.351,15.010,15.351,1263.59534673,15.351
2017-08-26T20:00:00.000Z,15.351,15.397,15.150,15.377,1234.61160110,15.377
2017-08-27T00:00:00.000Z,15.220,15.380,15.150,15.215,3799.53357103,15.215
2017-08-27T04:00:00.000Z,15.238,15.643,15.238,15.451,2954.06298789,15.451
2017-08-27T08:00:00.000Z,15.441,15.729,15.276,15.599,6899.73545784,15.599
2017-08-27T12:00:00.000Z,15.689,16.000,15.571,15.730,15229.00540144,15.730
2017-08-27T16:00:00.000Z,15.849,16.210,15.650,16.210,10321.48127579,16.210
2017-08-27T20:00:00.000Z,16.232,16.490,15.930,15.930,7226.38377168,15.930
2017-08-28T00:00:00.000Z,16.010,16.390,15.940,16.390,4435.31907675,16.390
2017-08-28T04:00:00.000Z,16.050,16.050,15.660,15.757,4321.86723651,15.757
2017-08-28T08:00:00.000Z,15.720,15.900,15.381,15.577,3416.54249602,15.577
2017-08-28T12:00:00.000Z,15.570,15.896,15.570,15.683,3526.24582062,15.683
2017-08-28T16:00:00.000Z,15.683,15.899,15.616,15.810,3441.30926651,15.810
2017-08-28T20:00:00.000Z,15.769,15.876,15.652,15.810,2062.04324690,15.810
2017-08-29T00:00:00.000Z,15.809,15.849,15.623,15.842,1625.34758288,15.842
2017-08-29T04:00:00.000Z,15.799,15.899,15.709,15.722,2035.80967001,15.722
2017-08-29T08:00:00.000Z,15.722,16.045,15.722,15.899,4023.63456842,15.899
2017-08-29T12:00:00.000Z,15.750,15.899,15.640,15.655,6051.04868563,15.655
2017-08-29T16:00:00.000Z,15.655,15.999,15.640,15.900,6483.64944435,15.900
2017-08-29T20:00:00.000Z,15.900,15.990,15.780,15.990,1864.94917115,15.990
2017-08-30T00:00:00.000Z,15.839,15.961,15.820,15.835,820.54318609,15.835
2017-08-30T04:00:00.000Z,15.835,15.990,15.280,15.980,8693.92472839,15.980
2017-08-30T08:00:00.000Z,15.800,15.958,15.020,15.828,7105.33599716,15.828
2017-08-30T12:00:00.000Z,15.828,15.928,15.337,15.863,2245.81985078,15.863
2017-08-30T16:00:00.000Z,15.871,15.949,15.665,15.929,2719.70598580,15.929
2017-08-30T20:00:00.000Z,15.929,15.961,15.600,15.960,4226.96021009,15.960
2017-08-31T00:00:00.000Z,15.950,16.200,15.906,16.161,7532.54370660,16.161
2017-08-31T04:00:00.000Z,16.157,16.210,16.000,16.110,9747.19806474,16.110
2017-08-31T08:00:00.000Z,16.083,16.550,16.000,16.170,8648.46679099,16.170
2017-08-31T12:00:00.000Z,16.250,16.475,16.110,16.223,8263.61162710,16.223
2017-08-31T16:00:00.000Z,16.223,16.428,16.110,16.253,9622.58810866,16.253
2017-08-31T20:00:00.000Z,16.253,16.939,16.250,16.822,12791.08529669,16.822
2017-09-01T00:00:00.000Z,16.888,17.480,16.794,17.012,14319.80801422,17.012
2017-09-01T04:00:00.000Z,17.098,17.250,16.670,16.709,17653.48553809,16.709
2017-09-01T08:00:00.000Z,16.888,19.177,16.600,19.177,39522.47077577,19.177
2017-09-01T12:00:00.000Z,19.177,21.500,19.095,21.075,69719.59428120,21.075
2017-09-01T16:00:00.000Z,21.311,21.700,20.220,21.500,46922.99288619,21.500
2017-09-01T20:00:00.000Z,21.500,22.900,20.511,22.500,50064.50384860,22.500
2017-09-02T00:00:00.000Z,22.500,24.000,20.510,22.100,66781.84952995,22.100
2017-09-02T04:00:00.000Z,22.100,23.000,20.000,21.280,36584.27392491,21.280
2017-09-02T08:00:00.000Z,21.249,21.294,19.400,21.010,29775.22128676,21.010
2017-09-02T12:00:00.000Z,21.000,21.389,19.087,19.659,22016.30426459,19.659
2017-09-02T16:00:00.000Z,19.569,20.999,19.180,19.399,11979.00293719,19.399
2017-09-02T20:00:00.000Z,19.399,20.250,18.751,20.249,11974.38590388,20.249
2017-09-03T00:00:00.000Z,20.249,20.500,19.500,19.749,36029.19070888,19.749
2017-09-03T04:00:00.000Z,19.749,20.989,19.200,20.359,58475.65702602,20.359
2017-09-03T08:00:00.000Z,19.952,20.645,19.123,19.251,5167.71938016,19.251
2017-09-03T12:00:00.000Z,19.251,19.800,18.770,19.000,10733.75579488,19.000
2017-09-03T16:00:00.000Z,18.999,19.558,18.999,19.498,4688.53825004,19.498
2017-09-03T20:00:00.000Z,19.497,19.697,19.300,19.301,4434.28132315,19.301
2017-09-04T00:00:00.000Z,19.366,19.572,19.073,19.448,1579.53918826,19.448
2017-09-04T04:00:00.000Z,19.448,19.448,18.345,18.345,5753.80540128,18.345
2017-09-04T08:00:00.000Z,18.283,18.283,17.410,17.410,20703.79922333,17.410
2017-09-04T12:00:00.000Z,17.410,18.500,17.087,17.700,86511.25705204,17.700
2017-09-04T16:00:00.000Z,17.700,18.248,16.500,17.550,51580.10967387,17.550
2017-09-04T20:00:00.000Z,17.550,18.450,16.950,16.999,13813.94188312,16.999
2017-09-05T00:00:00.000Z,16.950,17.135,16.500,16.500,33179.74350391,16.500
2017-09-05T04:00:00.000Z,16.500,16.860,16.250,16.860,22565.69387936,16.860
2017-09-05T08:00:00.000Z,16.860,17.800,16.550,17.020,47614.78836014,17.020
2017-09-05T12:00:00.000Z,17.020,17.890,17.020,17.020,11475.86306308,17.020
2017-09-05T16:00:00.000Z,17.363,17.600,17.000,17.499,9040.20928850,17.499
2017-09-05T20:00:00.000Z,17.449,17.690,17.186,17.500,4938.52076501,17.500
2017-09-06T00:00:00.000Z,17.500,18.794,17.500,18.446,42025.50937016,18.446
2017-09-06T04:00:00.000Z,18.446,18.740,17.900,18.502,12325.99294647,18.502
2017-09-06T08:00:00.000Z,18.502,19.200,18.300,18.456,2918.39344827,18.456
2017-09-06T12:00:00.000Z,18.500,19.000,18.051,18.600,7576.37614197,18.600
2017-09-06T16:00:00.000Z,18.800,18.995,18.500,18.700,8505.98175121,18.700
2017-09-06T20:00:00.000Z,18.700,19.554,18.542,19.204,13291.55283711,19.204
2017-09-07T00:00:00.000Z,19.485,19.700,18.301,18.775,12286.91794955,18.775
2017-09-07T04:00:00.000Z,18.775,19.004,18.060,18.560,7311.13960106,18.560
2017-09-07T08:00:00.000Z,18.600,18.985,18.254,18.700,26339.62342964,18.700
2017-09-07T12:00:00.000Z,18.680,18.939,18.351,18.700,100530.47986750,18.700
2017-09-07T16:00:00.000Z,18.610,18.830,18.451,18.451,8346.42528375,18.451
2017-09-07T20:00:00.000Z,18.451,18.820,18.283,18.668,11125.18082006,18.668
2017-09-08T00:00:00.000Z,18.670,18.673,18.235,18.475,19892.10717296,18.475
2017-09-08T04:00:00.000Z,18.475,18.677,18.050,18.472,36064.84655046,18.472
2017-09-08T08:00:00.000Z,18.251,18.820,18.100,18.557,32525.46393225,18.557
2017-09-08T12:00:00.000Z,18.557,18.557,16.000,17.394,67743.88970021,17.394
2017-09-08T16:00:00.000Z,17.386,17.402,16.000,16.660,15629.56439240,16.660
2017-09-08T20:00:00.000Z,16.270,17.100,15.916,17.000,17741.78099392,17.000
2017-09-09T00:00:00.000Z,16.918,16.918,16.500,16.739,3138.95379041,16.739
2017-09-09T04:00:00.000Z,16.739,16.800,16.500,16.800,3357.69834565,16.800
2017-09-09T08:00:00.000Z,16.701,16.799,16.400,16.515,3239.56875054,16.515
2017-09-09T12:00:00.000Z,16.599,16.750,16.300,16.301,3059.79994354,16.301
2017-09-09T16:00:00.000Z,16.301,16.629,15.501,15.903,12924.24959803,15.903
2017-09-09T20:00:00.000Z,15.903,16.440,15.903,16.394,4028.12206007,16.394
2017-09-10T00:00:00.000Z,16.380,16.500,15.761,16.001,3874.19012375,16.001
2017-09-10T04:00:00.000Z,16.001,16.121,15.000,15.110,25183.33665408,15.110
2017-09-10T08:00:00.000Z,15.106,15.319,14.800,15.044,24249.82170440,15.044
2017-09-10T12:00:00.000Z,15.049,15.854,14.888,15.707,5190.77305516,15.707
2017-09-10T16:00:00.000Z,15.566,16.453,15.430,16.001,3734.37836297,16.001
2017-09-10T20:00:00.000Z,16.001,16.165,15.363,15.363,3649.91396900,15.363
2017-09-11T00:00:00.000Z,15.496,16.448,15.249,16.053,5053.56326438,16.053
2017-09-11T04:00:00.000Z,16.053,16.069,14.950,15.430,10715.03612503,15.430
2017-09-11T08:00:00.000Z,15.430,15.430,15.000,15.167,10207.40281648,15.167
2017-09-11T12:00:00.000Z,15.167,15.734,15.095,15.580,3475.01851928,15.580
2017-09-11T16:00:00.000Z,15.579,15.793,15.413,15.451,6839.47961669,15.451
2017-09-11T20:00:00.000Z,15.451,15.492,15.350,15.350,765.07309889,15.350
2017-09-12T00:00:00.000Z,15.437,15.657,15.351,15.657,6009.60799720,15.657
2017-09-12T04:00:00.000Z,15.657,16.215,15.510,16.200,3654.27135865,16.200
2017-09-12T08:00:00.000Z,16.200,16.399,15.588,15.946,13036.88071855,15.946
2017-09-12T12:00:00.000Z,15.951,16.249,15.500,15.500,16058.40096119,15.500
2017-09-12T16:00:00.000Z,15.500,15.747,14.750,15.120,17017.48292410,15.120
2017-09-12T20:00:00.000Z,15.121,15.344,14.931,14.983,1858.86344176,14.983
2017-09-13T00:00:00.000Z,15.097,15.099,14.400,14.400,17429.51310384,14.400
2017-09-13T04:00:00.000Z,14.400,14.728,14.135,14.476,21321.39722353,14.476
2017-09-13T08:00:00.000Z,14.254,14.472,13.510,13.598,25129.13361705,13.598
2017-09-13T12:00:00.000Z,13.624,14.204,13.501,14.190,9138.66183032,14.190
2017-09-13T16:00:00.000Z,14.190,14.500,13.900,13.958,3614.88574619,13.958
2017-09-13T20:00:00.000Z,13.960,14.500,13.950,14.278,7687.13827175,14.278
2017-09-14T00:00:00.000Z,14.230,14.494,14.081,14.081,6373.02009467,14.081
2017-09-14T04:00:00.000Z,14.081,14.350,14.030,14.283,2488.58329037,14.283
2017-09-14T08:00:00.000Z,14.283,14.342,13.000,13.000,40945.33957909,13.000
2017-09-14T12:00:00.000Z,13.000,13.299,12.000,12.000,78753.91401824,12.000
2017-09-14T16:00:00.000Z,12.000,12.240,11.000,11.486,44456.02838990,11.486
2017-09-14T20:00:00.000Z,11.363,11.701,10.250,10.250,78121.81502987,10.250
2017-09-15T00:00:00.000Z,10.250,11.705,10.250,11.399,37118.06209939,11.399
2017-09-15T04:00:00.000Z,11.399,11.399,10.000,10.000,39093.57936986,10.000
2017-09-15T08:00:00.000Z,10.002,10.300,8.756,8.919,89070.45404854,8.919
2017-09-15T12:00:00.000Z,8.936,12.411,8.934,11.970,66713.31524137,11.970
2017-09-15T16:00:00.000Z,11.970,12.480,10.762,12.050,46580.48665127,12.050
2017-09-15T20:00:00.000Z,12.050,12.442,11.179,11.458,19869.23888968,11.458
2017-09-16T00:00:00.000Z,11.601,12.000,11.544,11.761,6014.10944556,11.761
2017-09-16T04:00:00.000Z,11.802,12.378,11.775,12.000,10361.05833377,12.000
2017-09-16T08:00:00.000Z,12.110,12.463,11.048,11.312,1740.18995311,11.312
2017-09-16T12:00:00.000Z,11.312,11.630,11.084,11.084,12134.47934360,11.084
2017-09-16T16:00:00.000Z,11.075,11.587,11.041,11.236,3774.07614904,11.236
2017-09-16T20:00:00.000Z,11.245,11.459,11.201,11.459,1861.29368421,11.459
2017-09-17T00:00:00.000Z,11.459,11.459,11.070,11.073,2679.68929401,11.073
2017-09-17T04:00:00.000Z,11.073,11.096,10.720,10.720,11980.40143108,10.720
2017-09-17T08:00:00.000Z,10.638,10.979,10.500,10.723,4511.32099067,10.723
2017-09-17T12:00:00.000Z,10.723,11.240,10.702,11.080,7524.73526712,11.080
2017-09-17T16:00:00.000Z,11.095,11.565,11.070,11.354,4725.05116826,11.354
2017-09-17T20:00:00.000Z,11.361,11.449,11.094,11.164,2422.57820579,11.164
2017-09-18T00:00:00.000Z,11.164,11.895,11.164,11.699,7435.73965731,11.699
2017-09-18T04:00:00.000Z,11.701,12.250,11.529,12.150,11832.09280937,12.150
2017-09-18T08:00:00.000Z,12.150,13.154,11.700,11.830,6108.13706964,11.830
2017-09-18T12:00:00.000Z,11.947,12.800,11.800,12.066,11704.22035089,12.066
2017-09-18T16:00:00.000Z,11.968,12.060,11.690,11.797,6961.54799502,11.797
2017-09-18T20:00:00.000Z,11.939,12.348,11.921,12.077,9763.08410616,12.077
2017-09-19T00:00:00.000Z,12.104,12.277,11.620,11.938,8073.43685556,11.938
2017-09-19T04:00:00.000Z,11.850,11.896,11.322,11.504,3242.71417146,11.504
2017-09-19T08:00:00.000Z,11.504,11.882,11.382,11.670,2107.07595072,11.670
2017-09-19T12:00:00.000Z,11.643,11.990,11.270,11.817,16227.24256277,11.817
2017-09-19T16:00:00.000Z,11.817,11.895,11.400,11.425,9605.42182509,11.425
2017-09-19T20:00:00.000Z,11.425,11.674,11.425,11.550,10444.43098041,11.550
2017-09-20T00:00:00.000Z,11.550,11.589,11.302,11.302,3916.68467147,11.302
2017-09-20T04:00:00.000Z,11.304,11.590,11.167,11.449,7578.50368207,11.449
2017-09-20T08:00:00.000Z,11.449,11.504,11.255,11.321,2014.68290605,11.321
2017-09-20T12:00:00.000Z,11.321,11.700,11.321,11.599,6514.29415441,11.599
2017-09-20T16:00:00.000Z,11.603,11.679,11.481,11.627,5879.48602923,11.627
2017-09-20T20:00:00.000Z,11.576,11.627,11.162,11.162,8271.13301861,11.162
2017-09-21T00:00:00.000Z,11.159,11.250,11.051,11.070,4314.96526562,11.070
2017-09-21T04:00:00.000Z,11.119,11.203,11.070,11.197,970.65131936,11.197
2017-09-21T08:00:00.000Z,11.174,11.245,11.060,11.167,1363.65980573,11.167
2017-09-21T12:00:00.000Z,11.162,11.199,10.603,10.758,5339.27808912,10.758
2017-09-21T16:00:00.000Z,10.758,10.758,10.004,10.100,36216.04585892,10.100
2017-09-21T20:00:00.000Z,10.133,10.537,10.001,10.121,15103.59202585,10.121
2017-09-22T00:00:00.000Z,10.114,10.398,10.103,10.360,1171.30209653,10.360
2017-09-22T04:00:00.000Z,10.369,10.670,10.300,10.398,2879.92273978,10.398
2017-09-22T08:00:00.000Z,10.398,10.398,10.000,10.000,11408.33416551,10.000
2017-09-22T12:00:00.000Z,10.000,10.176,9.850,9.881,23861.08014515,9.881
2017-09-22T16:00:00.000Z,9.881,10.092,9.866,10.025,3164.68599824,10.025
2017-09-22T20:00:00.000Z,10.064,10.350,10.028,10.160,1984.12679878,10.160
2017-09-23T00:00:00.000Z,10.153,10.261,10.021,10.257,1250.88552312,10.257
2017-09-23T04:00:00.000Z,10.257,10.499,10.198,10.312,2560.90546430,10.312
2017-09-23T08:00:00.000Z,10.375,10.857,10.375,10.777,7675.47147495,10.777
2017-09-23T12:00:00.000Z,10.812,10.969,10.351,10.351,7936.18822399,10.351
2017-09-23T16:00:00.000Z,10.351,10.522,10.351,10.403,3729.68388270,10.403
2017-09-23T20:00:00.000Z,10.401,10.599,10.361,10.447,10041.24016653,10.447
2017-09-24T00:00:00.000Z,10.484,10.800,10.483,10.800,5512.42429967,10.800
2017-09-24T04:00:00.000Z,10.696,10.696,10.350,10.350,3109.04681794,10.350
2017-09-24T08:00:00.000Z,10.423,10.450,10.340,10.366,1818.22942075,10.366
2017-09-24T12:00:00.000Z,10.482,10.599,10.423,10.527,335.70701011,10.527
2017-09-24T16:00:00.000Z,10.479,10.580,10.341,10.453,900.50291048,10.453
2017-09-24T20:00:00.000Z,10.453,10.622,10.453,10.504,689.02199218,10.504
2017-09-25T00:00:00.000Z,10.489,10.748,10.489,10.590,201.22231754,10.590
2017-09-25T04:00:00.000Z,10.590,10.790,10.574,10.666,3008.06638432,10.666
2017-09-25T08:00:00.000Z,10.666,10.732,10.604,10.631,2878.56818169,10.631
2017-09-25T12:00:00.000Z,10.631,11.110,10.567,11.000,11735.45412036,11.000
2017-09-25T16:00:00.000Z,11.030,11.140,10.818,11.000,5388.75138488,11.000
2017-09-25T20:00:00.000Z,11.046,11.092,10.935,11.054,2014.75452907,11.054
2017-09-26T00:00:00.000Z,11.000,11.078,10.990,10.995,1764.67400129,10.995
2017-09-26T04:00:00.000Z,10.999,11.014,10.805,11.000,2962.96668433,11.000
2017-09-26T08:00:00.000Z,11.000,11.069,10.904,11.012,1206.41699072,11.012
2017-09-26T12:00:00.000Z,11.012,12.285,11.012,12.072,22247.27192595,12.072
2017-09-26T16:00:00.000Z,11.924,11.978,11.575,11.712,8079.87800234,11.712
2017-09-26T20:00:00.000Z,11.752,11.926,11.500,11.500,7869.11787012,11.500
2017-09-27T00:00:00.000Z,11.504,11.735,11.393,11.662,9380.39399745,11.662
2017-09-27T04:00:00.000Z,11.662,12.030,11.627,11.783,12462.18139322,11.783
2017-09-27T08:00:00.000Z,11.783,12.191,11.700,12.100,8585.88323839,12.100
2017-09-27T12:00:00.000Z,12.100,12.409,11.937,12.341,6317.36189861,12.341
2017-09-27T16:00:00.000Z,12.326,13.210,12.283,13.061,25298.00254522,13.061
2017-09-27T20:00:00.000Z,13.170,13.438,12.900,13.200,15189.86489638,13.200
2017-09-28T00:00:00.000Z,13.040,13.044,12.693,12.769,9507.48827823,12.769
2017-09-28T04:00:00.000Z,12.763,13.960,12.712,13.959,19663.54546506,13.959
2017-09-28T08:00:00.000Z,13.959,13.959,12.650,13.096,23454.00869042,13.096
2017-09-28T12:00:00.000Z,13.096,13.430,12.751,13.087,9348.10053291,13.087
2017-09-28T16:00:00.000Z,13.087,13.237,12.844,12.900,6939.69995135,12.900
2017-09-28T20:00:00.000Z,12.830,13.306,12.806,13.306,4574.78780679,13.306
2017-09-29T00:00:00.000Z,13.236,13.770,12.270,12.293,34572.94468024,12.293
2017-09-29T04:00:00.000Z,12.293,12.889,12.112,12.743,17055.56018556,12.743
2017-09-29T08:00:00.000Z,12.743,12.980,12.429,12.968,9209.17846230,12.968
2017-09-29T12:00:00.000Z,12.971,13.077,12.692,12.783,8422.17189942,12.783
2017-09-29T16:00:00.000Z,12.851,13.008,12.655,12.726,5849.72348015,12.726
2017-09-29T20:00:00.000Z,12.726,12.942,12.622,12.639,5710.55213265,12.639
2017-09-30T00:00:00.000Z,12.630,13.108,12.560,13.000,7745.28615171,13.000
2017-09-30T04:00:00.000Z,13.034,13.497,13.009,13.314,3191.89098831,13.314
2017-09-30T08:00:00.000Z,13.352,13.444,13.134,13.204,5144.37229995,13.204
2017-09-30T12:00:00.000Z,13.204,13.390,13.204,13.390,1468.10946516,13.390
2017-09-30T16:00:00.000Z,13.390,13.390,13.219,13.376,1465.09678892,13.376
2017-09-30T20:00:00.000Z,13.376,13.376,13.165,13.165,2093.36931399,13.165
2017-10-01T00:00:00.000Z,13.185,13.259,12.858,13.034,2582.84290647,13.034
2017-10-01T04:00:00.000Z,13.034,13.070,12.870,12.958,642.63839231,12.958
2017-10-01T08:00:00.000Z,12.958,12.985,12.793,12.805,1947.98423386,12.805
2017-10-01T12:00:00.000Z,12.771,12.914,12.561,12.836,14198.05661766,12.836
2017-10-01T16:00:00.000Z,12.836,12.894,12.690,12.722,3035.97874663,12.722
2017-10-01T20:00:00.000Z,12.722,12.956,12.632,12.809,2032.92701343,12.809
2017-10-02T00:00:00.000Z,12.809,12.947,12.800,12.801,1689.96720485,12.801
2017-10-02T04:00:00.000Z,12.801,12.896,12.710,12.710,1226.19620818,12.710
2017-10-02T08:00:00.000Z,12.710,12.883,12.641,12.740,2365.54779056,12.740
2017-10-02T12:00:00.000Z,12.713,12.805,12.500,12.500,9428.98639833,12.500
2017-10-02T16:00:00.000Z,12.483,12.650,12.400,12.501,8667.73593699,12.501
2017-10-02T20:00:00.000Z,12.503,12.577,12.370,12.475,1107.19029877,12.475
2017-10-03T00:00:00.000Z,12.475,12.597,12.381,12.420,2818.11778146,12.420
2017-10-03T04:00:00.000Z,12.420,12.519,12.010,12.073,10021.85692918,12.073
2017-10-03T08:00:00.000Z,12.073,12.150,12.000,12.053,7883.50382917,12.053
2017-10-03T12:00:00.000Z,12.034,12.054,11.750,11.947,22954.64515198,11.947
2017-10-03T16:00:00.000Z,11.939,12.180,11.882,11.979,8922.30587988,11.979
2017-10-03T20:00:00.000Z,11.979,12.272,11.900,12.242,1927.30790983,12.242
2017-10-04T00:00:00.000Z,12.266,12.298,12.034,12.124,2573.36236860,12.124
2017-10-04T04:00:00.000Z,12.150,12.389,12.120,12.367,1831.61252685,12.367
2017-10-04T08:00:00.000Z,12.367,12.367,12.000,12.032,1650.74289736,12.032
2017-10-04T12:00:00.000Z,12.032,12.073,11.802,11.904,6924.61620115,11.904
2017-10-04T16:00:00.000Z,11.904,12.007,11.801,11.913,2905.64236091,11.913
2017-10-04T20:00:00.000Z,11.909,11.939,11.800,11.800,7938.04457681,11.800
2017-10-05T00:00:00.000Z,11.800,11.836,11.750,11.750,5659.92770128,11.750
2017-10-05T04:00:00.000Z,11.733,11.733,11.501,11.580,3067.72335499,11.580
2017-10-05T08:00:00.000Z,11.580,11.785,11.573,11.680,2214.58935952,11.680
2017-10-05T12:00:00.000Z,11.680,12.098,11.680,11.901,3739.60246002,11.901
2017-10-05T16:00:00.000Z,11.901,12.000,11.842,12.000,1437.02992203,12.000
2017-10-05T20:00:00.000Z,12.017,12.150,11.900,11.900,3867.77154365,11.900
2017-10-06T00:00:00.000Z,11.911,12.313,11.865,12.313,2119.94414186,12.313
2017-10-06T04:00:00.000Z,12.313,12.488,12.169,12.436,6324.33253057,12.436
2017-10-06T08:00:00.000Z,12.434,12.465,12.240,12.249,870.14772379,12.249
2017-10-06T12:00:00.000Z,12.297,12.297,12.100,12.144,2637.83245599,12.144
2017-10-06T16:00:00.000Z,12.189,12.204,12.011,12.013,1235.41094175,12.013
2017-10-06T20:00:00.000Z,12.030,12.363,12.015,12.330,2241.37553402,12.330
2017-10-07T00:00:00.000Z,12.330,12.390,12.146,12.218,1501.58330660,12.218
2017-10-07T04:00:00.000Z,12.211,12.271,12.150,12.150,741.25331059,12.150
2017-10-07T08:00:00.000Z,12.135,12.231,12.024,12.066,2645.17558545,12.066
2017-10-07T12:00:00.000Z,12.061,12.201,12.012,12.106,211.24567482,12.106
2017-10-07T16:00:00.000Z,12.106,12.152,12.030,12.115,471.52689830,12.115
2017-10-07T20:00:00.000Z,12.099,12.468,12.026,12.321,939.99717981,12.321
2017-10-08T00:00:00.000Z,12.321,12.382,12.192,12.192,1118.81502715,12.192
2017-10-08T04:00:00.000Z,12.221,12.286,12.201,12.235,186.12003532,12.235
2017-10-08T08:00:00.000Z,12.215,12.371,12.165,12.320,2441.36705199,12.320
2017-10-08T12:00:00.000Z,12.283,12.500,12.136,12.428,5410.90777573,12.428
2017-10-08T16:00:00.000Z,12.414,12.467,12.250,12.362,4411.69186355,12.362
2017-10-08T20:00:00.000Z,12.362,12.389,12.047,12.090,5267.92952187,12.090
2017-10-09T00:00:00.000Z,12.090,12.152,12.042,12.042,904.12456352,12.042
2017-10-09T04:00:00.000Z,12.042,12.163,11.851,11.851,3290.13458990,11.851
2017-10-09T08:00:00.000Z,11.895,11.988,11.801,11.983,1213.39715077,11.983
2017-10-09T12:00:00.000Z,11.983,11.983,11.738,11.855,1153.02453187,11.855
2017-10-09T16:00:00.000Z,11.854,11.854,11.020,11.020,17440.96645724,11.020
2017-10-09T20:00:00.000Z,11.031,11.508,11.029,11.460,7509.76841658,11.460
2017-10-10T00:00:00.000Z,11.492,11.534,11.276,11.330,8415.54798509,11.330
2017-10-10T04:00:00.000Z,11.381,11.478,11.300,11.300,1774.28853703,11.300
2017-10-10T08:00:00.000Z,11.300,11.400,11.219,11.300,808.40278046,11.300
2017-10-10T12:00:00.000Z,11.339,11.501,11.310,11.466,3905.79205111,11.466
2017-10-10T16:00:00.000Z,11.452,11.684,11.391,11.408,1850.42930363,11.408
2017-10-10T20:00:00.000Z,11.530,11.560,11.351,11.455,513.35249245,11.455
2017-10-11T00:00:00.000Z,11.351,11.512,11.314,11.365,6396.55127259,11.365
2017-10-11T04:00:00.000Z,11.370,11.491,11.228,11.340,4732.39504478,11.340
2017-10-11T08:00:00.000Z,11.340,11.449,11.262,11.355,2153.10991875,11.355
2017-10-11T12:00:00.000Z,11.355,11.478,11.252,11.350,2061.73830942,11.350
2017-10-11T16:00:00.000Z,11.350,11.469,11.251,11.449,1875.97868953,11.449
2017-10-11T20:00:00.000Z,11.436,11.450,11.326,11.408,556.90893984,11.408
2017-10-12T00:00:00.000Z,11.394,11.537,11.342,11.360,2971.04707235,11.360
2017-10-12T04:00:00.000Z,11.360,11.509,11.346,11.422,828.45392458,11.422
2017-10-12T08:00:00.000Z,11.420,11.968,11.300,11.621,6060.42712558,11.621
2017-10-12T12:00:00.000Z,11.621,11.966,11.603,11.675,2394.81853152,11.675
2017-10-12T16:00:00.000Z,11.676,11.919,11.500,11.511,6981.75961374,11.511
2017-10-12T20:00:00.000Z,11.511,11.734,11.511,11.691,1456.89759214,11.691
2017-10-13T00:00:00.000Z,11.691,11.787,11.385,11.530,1907.13162398,11.530
2017-10-13T04:00:00.000Z,11.525,12.150,11.105,11.806,7991.80145275,11.806
2017-10-13T08:00:00.000Z,11.813,11.868,11.489,11.868,4479.43869398,11.868
2017-10-13T12:00:00.000Z,11.631,12.800,11.468,12.061,8073.30086428,12.061
2017-10-13T16:00:00.000Z,12.061,12.443,11.909,12.215,3607.10983709,12.215
2017-10-13T20:00:00.000Z,12.129,12.141,11.942,11.956,1013.32986747,11.956
2017-10-14T00:00:00.000Z,12.076,12.182,11.957,12.081,1429.22807809,12.081
2017-10-14T04:00:00.000Z,12.028,12.140,11.958,11.989,810.34282647,11.989
2017-10-14T08:00:00.000Z,12.055,12.160,11.909,11.929,1679.58141705,11.929
2017-10-14T12:00:00.000Z,11.928,12.200,11.850,12.200,6651.04081421,12.200
2017-10-14T16:00:00.000Z,12.197,12.450,12.147,12.210,6656.82359492,12.210
2017-10-14T20:00:00.000Z,12.207,12.390,12.101,12.195,3446.17720698,12.195
2017-10-15T00:00:00.000Z,12.194,12.389,12.100,12.297,1414.79803997,12.297
2017-10-15T04:00:00.000Z,12.282,12.371,12.184,12.364,581.51582205,12.364
2017-10-15T08:00:00.000Z,12.364,12.394,11.604,11.728,4642.82219670,11.728
2017-10-15T12:00:00.000Z,11.679,11.932,11.629,11.824,1228.82782611,11.824
2017-10-15T16:00:00.000Z,11.824,11.874,11.701,11.854,1601.67676133,11.854
2017-10-15T20:00:00.000Z,11.854,12.035,11.716,11.826,1240.60669020,11.826
2017-10-16T00:00:00.000Z,11.826,12.049,11.826,11.996,1198.28436366,11.996
2017-10-16T04:00:00.000Z,11.934,12.049,11.785,11.923,2928.64088818,11.923
2017-10-16T08:00:00.000Z,11.810,12.049,11.764,12.049,1765.73837961,12.049
2017-10-16T12:00:00.000Z,12.046,12.143,11.912,11.966,1505.62803610,11.966
2017-10-16T16:00:00.000Z,11.968,12.080,11.767,11.953,2700.14764334,11.953
2017-10-16T20:00:00.000Z,11.952,11.975,11.759,11.845,1420.69590276,11.845
2017-10-17T00:00:00.000Z,11.840,12.068,11.700,11.878,2678.96283519,11.878
2017-10-17T04:00:00.000Z,11.705,12.049,11.700,11.873,1149.36469418,11.873
2017-10-17T08:00:00.000Z,11.873,12.051,11.754,11.983,1280.37448131,11.983
2017-10-17T12:00:00.000Z,11.982,12.397,11.700,12.067,5780.55106847,12.067
2017-10-17T16:00:00.000Z,12.060,12.088,11.831,11.976,3691.39827088,11.976
2017-10-17T20:00:00.000Z,12.019,12.070,11.754,11.977,4925.88066415,11.977
2017-10-18T00:00:00.000Z,11.818,11.925,11.552,11.596,3122.96665773,11.596
2017-10-18T04:00:00.000Z,11.596,11.904,11.500,11.500,3129.92424736,11.500
2017-10-18T08:00:00.000Z,11.500,11.500,11.150,11.150,3555.93790781,11.150
2017-10-18T12:00:00.000Z,11.150,11.259,10.942,11.001,28946.17569414,11.001
2017-10-18T16:00:00.000Z,11.001,12.200,10.900,11.055,5031.96446492,11.055
2017-10-18T20:00:00.000Z,11.149,11.600,11.149,11.475,1786.06746958,11.475
2017-10-19T00:00:00.000Z,11.475,11.640,11.400,11.487,1164.66724586,11.487
2017-10-19T04:00:00.000Z,11.487,11.490,11.220,11.234,584.48045519,11.234
2017-10-19T08:00:00.000Z,11.234,11.345,11.234,11.288,248.35258126,11.288
2017-10-19T12:00:00.000Z,11.288,11.370,11.200,11.261,910.92049482,11.261
2017-10-19T16:00:00.000Z,11.225,11.447,11.225,11.299,954.39685030,11.299
2017-10-19T20:00:00.000Z,11.240,11.316,11.131,11.315,1342.13582543,11.315
2017-10-20T00:00:00.000Z,11.283,11.360,11.239,11.347,334.82270070,11.347
2017-10-20T04:00:00.000Z,11.324,11.381,11.252,11.289,1123.18938505,11.289
2017-10-20T08:00:00.000Z,11.289,11.308,11.174,11.257,807.72087519,11.257
2017-10-20T12:00:00.000Z,11.173,11.447,11.112,11.447,1216.12359355,11.447
2017-10-20T16:00:00.000Z,11.447,11.447,11.200,11.220,2931.47651257,11.220
2017-10-20T20:00:00.000Z,11.223,11.230,10.995,11.193,2156.18354557,11.193
2017-10-21T00:00:00.000Z,11.193,11.204,11.000,11.000,342.37503973,11.000
2017-10-21T04:00:00.000Z,11.000,11.000,10.831,10.930,1568.37622405,10.930
2017-10-21T08:00:00.000Z,10.970,10.970,10.789,10.789,1652.70713372,10.789
2017-10-21T12:00:00.000Z,10.789,10.830,10.700,10.829,1158.28588704,10.829
2017-10-21T16:00:00.000Z,10.829,10.923,10.724,10.743,521.01883592,10.743
2017-10-21T20:00:00.000Z,10.743,10.922,10.634,10.861,2242.36303767,10.861
2017-10-22T00:00:00.000Z,10.861,11.160,10.861,11.160,1373.64251278,11.160
2017-10-22T04:00:00.000Z,11.163,11.163,10.755,10.806,3156.67744314,10.806
2017-10-22T08:00:00.000Z,10.806,10.954,10.609,10.609,274.77627604,10.609
2017-10-22T12:00:00.000Z,10.689,10.970,10.622,10.769,563.75690954,10.769
2017-10-22T16:00:00.000Z,10.769,10.860,10.700,10.704,1130.03253898,10.704
2017-10-22T20:00:00.000Z,10.704,10.809,10.620,10.745,118.08057509,10.745
2017-10-23T00:00:00.000Z,10.745,10.745,10.568,10.639,480.99459327,10.639
2017-10-23T04:00:00.000Z,10.567,10.597,10.400,10.400,3215.99810585,10.400
2017-10-23T08:00:00.000Z,10.400,10.401,10.020,10.250,12778.86080717,10.250
2017-10-23T12:00:00.000Z,10.250,10.276,9.740,10.093,27177.47731500,10.093
2017-10-23T16:00:00.000Z,10.093,10.173,9.834,10.169,4354.24274658,10.169
2017-10-23T20:00:00.000Z,10.169,10.200,9.850,10.117,13204.27535176,10.117
2017-10-24T00:00:00.000Z,10.033,10.988,9.502,10.726,24046.29591841,10.726
2017-10-24T04:00:00.000Z,10.690,10.801,10.623,10.651,3173.28769308,10.651
2017-10-24T08:00:00.000Z,10.757,10.948,10.689,10.790,5794.63243562,10.790
2017-10-24T12:00:00.000Z,10.790,10.830,10.540,10.800,16922.83603952,10.800
2017-10-24T16:00:00.000Z,10.800,10.800,10.538,10.679,8664.88671666,10.679
2017-10-24T20:00:00.000Z,10.679,10.710,10.272,10.414,17214.52686476,10.414
2017-10-25T00:00:00.000Z,10.414,10.565,10.200,10.404,1387.56420531,10.404
2017-10-25T04:00:00.000Z,10.418,10.719,10.337,10.503,2301.94561441,10.503
2017-10-25T08:00:00.000Z,10.503,10.569,10.191,10.232,967.33239073,10.232
2017-10-25T12:00:00.000Z,10.276,10.515,9.500,10.396,32998.20482062,10.396
2017-10-25T16:00:00.000Z,10.400,10.759,10.000,10.503,23974.84288015,10.503
2017-10-25T20:00:00.000Z,10.503,10.589,10.378,10.430,1363.92506731,10.430
2017-10-26T00:00:00.000Z,10.350,10.546,10.350,10.546,1995.09460585,10.546
2017-10-26T04:00:00.000Z,10.546,10.568,10.152,10.305,50893.83939057,10.305
2017-10-26T08:00:00.000Z,10.330,10.708,10.330,10.593,982.83815101,10.593
2017-10-26T12:00:00.000Z,10.581,10.722,10.522,10.540,577.18173421,10.540
2017-10-26T16:00:00.000Z,10.541,10.541,10.341,10.400,1681.31134621,10.400
2017-10-26T20:00:00.000Z,10.400,10.530,10.310,10.418,2734.09573154,10.418
2017-10-27T00:00:00.000Z,10.418,10.619,10.225,10.349,5430.18804098,10.349
2017-10-27T04:00:00.000Z,10.356,10.425,10.310,10.400,791.98377639,10.400
2017-10-27T08:00:00.000Z,10.400,10.400,10.094,10.330,61014.43913192,10.330
2017-10-27T12:00:00.000Z,10.330,10.350,10.192,10.204,12315.94671731,10.204
2017-10-27T16:00:00.000Z,10.204,10.338,10.201,10.220,3059.80668257,10.220
2017-10-27T20:00:00.000Z,10.224,10.330,10.215,10.250,344.10442673,10.250
2017-10-28T00:00:00.000Z,10.250,10.400,10.250,10.287,870.36019178,10.287
2017-10-28T04:00:00.000Z,10.283,10.390,10.241,10.311,3848.00385666,10.311
2017-10-28T08:00:00.000Z,10.309,10.312,9.500,10.160,37633.25788366,10.160
2017-10-28T12:00:00.000Z,10.101,10.258,9.500,10.180,57935.83911612,10.180
2017-10-28T16:00:00.000Z,10.180,10.298,10.180,10.280,4931.11419153,10.280
2017-10-28T20:00:00.000Z,10.298,10.500,10.001,10.422,21140.90011133,10.422
2017-10-29T00:00:00.000Z,10.390,11.011,10.390,10.850,15258.87413072,10.850
2017-10-29T04:00:00.000Z,10.850,10.900,10.598,10.839,4028.50411115,10.839
2017-10-29T08:00:00.000Z,10.810,10.835,10.581,10.798,1884.07546315,10.798
2017-10-29T12:00:00.000Z,10.798,10.873,10.626,10.709,3919.94346383,10.709
2017-10-29T16:00:00.000Z,10.709,10.999,10.703,10.996,1848.85487437,10.996
2017-10-29T20:00:00.000Z,10.904,10.980,10.700,10.848,1536.20935658,10.848
2017-10-30T00:00:00.000Z,10.848,10.848,10.721,10.800,2022.00327283,10.800
2017-10-30T04:00:00.000Z,10.800,10.870,10.714,10.731,807.38351015,10.731
2017-10-30T08:00:00.000Z,10.815,10.930,10.700,10.779,1561.86554874,10.779
2017-10-30T12:00:00.000Z,10.779,10.952,10.717,10.724,1175.95024914,10.724
2017-10-30T16:00:00.000Z,10.799,10.886,10.722,10.864,955.61275705,10.864
2017-10-30T20:00:00.000Z,10.864,10.864,10.712,10.720,546.63475216,10.720
2017-10-31T00:00:00.000Z,10.761,10.886,10.756,10.756,305.86473392,10.756
2017-10-31T04:00:00.000Z,10.756,10.851,10.727,10.727,1010.78454384,10.727
2017-10-31T08:00:00.000Z,10.727,10.761,10.600,10.614,2340.65273067,10.614
2017-10-31T12:00:00.000Z,10.614,10.858,10.507,10.507,1640.92580054,10.507
2017-10-31T16:00:00.000Z,10.701,10.793,10.569,10.571,2035.10227020,10.571
2017-10-31T20:00:00.000Z,10.571,10.700,10.290,10.572,15302.25890952,10.572
2017-11-01T00:00:00.000Z,10.572,10.620,10.394,10.490,5979.20493696,10.490
2017-11-01T04:00:00.000Z,10.490,10.584,10.422,10.571,35795.48551523,10.571
2017-11-01T08:00:00.000Z,10.573,10.800,10.453,10.611,12298.16074241,10.611
2017-11-01T12:00:00.000Z,10.581,10.720,10.420,10.635,9205.09937333,10.635
2017-11-01T16:00:00.000Z,10.500,10.630,10.422,10.424,702.09652525,10.424
2017-11-01T20:00:00.000Z,10.424,10.489,10.200,10.200,4038.80903279,10.200
2017-11-02T00:00:00.000Z,10.190,10.374,10.050,10.150,5748.89903568,10.150
2017-11-02T04:00:00.000Z,10.145,10.186,9.970,9.970,7204.65615510,9.970
2017-11-02T08:00:00.000Z,9.970,10.010,9.750,9.995,12290.82000628,9.995
2017-11-02T12:00:00.000Z,9.994,10.338,9.705,10.000,1661.29956526,10.000
2017-11-02T16:00:00.000Z,10.000,10.063,9.870,10.021,7354.85704180,10.021
2017-11-02T20:00:00.000Z,10.022,10.155,9.801,9.924,2000.29778471,9.924
2017-11-03T00:00:00.000Z,9.924,10.425,9.899,10.079,5718.10039487,10.079
2017-11-03T04:00:00.000Z,10.052,10.362,9.977,10.362,2232.71208449,10.362
2017-11-03T08:00:00.000Z,10.362,10.371,10.135,10.162,3817.86940268,10.162
2017-11-03T12:00:00.000Z,10.162,11.367,10.162,11.000,10029.65413789,11.000
2017-11-03T16:00:00.000Z,11.000,12.097,10.840,12.097,16954.35207946,12.097
2017-11-03T20:00:00.000Z,12.097,12.500,11.450,12.494,43354.88644788,12.494
2017-11-04T00:00:00.000Z,12.354,12.500,11.284,11.746,5595.48472990,11.746
2017-11-04T04:00:00.000Z,11.786,11.800,11.362,11.600,4016.83858105,11.600
2017-11-04T08:00:00.000Z,11.600,11.637,11.379,11.526,2575.44442062,11.526
2017-11-04T12:00:00.000Z,11.567,12.301,11.566,12.190,21267.27588617,12.190
2017-11-04T16:00:00.000Z,12.186,12.192,11.783,12.000,12208.48433091,12.000
2017-11-04T20:00:00.000Z,12.000,12.000,11.700,11.806,6734.28753940,11.806
2017-11-05T00:00:00.000Z,11.806,11.885,11.701,11.885,4650.95985487,11.885
2017-11-05T04:00:00.000Z,11.885,11.951,11.750,11.753,916.68140541,11.753
2017-11-05T08:00:00.000Z,11.753,12.400,11.750,12.400,8979.01750713,12.400
2017-11-05T12:00:00.000Z,12.417,14.000,12.220,13.212,27569.15308279,13.212
2017-11-05T16:00:00.000Z,13.212,14.120,13.194,13.236,13652.78348002,13.236
2017-11-05T20:00:00.000Z,13.236,13.614,13.110,13.247,24696.78199206,13.247
2017-11-06T00:00:00.000Z,13.142,14.000,13.100,13.511,25087.85340206,13.511
2017-11-06T04:00:00.000Z,13.615,14.530,13.150,14.270,20289.22387051,14.270
2017-11-06T08:00:00.000Z,14.244,15.200,14.055,14.748,29639.41567389,14.748
2017-11-06T12:00:00.000Z,14.748,15.188,14.175,14.684,33935.71181386,14.684
2017-11-06T16:00:00.000Z,14.682,14.850,13.501,14.010,16232.48867751,14.010
2017-11-06T20:00:00.000Z,14.010,14.720,13.511,13.900,12381.46122911,13.900
2017-11-07T00:00:00.000Z,13.900,14.463,13.696,14.291,10848.31977423,14.291
2017-11-07T04:00:00.000Z,14.167,14.391,13.914,14.391,5181.68018399,14.391
2017-11-07T08:00:00.000Z,14.388,14.740,14.156,14.165,10885.78253087,14.165
2017-11-07T12:00:00.000Z,14.165,14.200,13.500,13.792,10112.77613108,13.792
2017-11-07T16:00:00.000Z,13.527,13.769,13.350,13.502,11625.76522591,13.502
2017-11-07T20:00:00.000Z,13.502,13.659,13.174,13.500,14300.55470895,13.500
2017-11-08T00:00:00.000Z,13.500,14.443,13.497,13.938,5089.65392462,13.938
2017-11-08T04:00:00.000Z,13.938,14.000,13.737,13.980,4200.27888813,13.980
2017-11-08T08:00:00.000Z,13.980,13.995,13.702,13.979,636.02950254,13.979
2017-11-08T12:00:00.000Z,13.979,14.069,13.545,13.842,12172.68232598,13.842
2017-11-08T16:00:00.000Z,14.028,14.250,13.550,13.656,3932.61230688,13.656
2017-11-08T20:00:00.000Z,13.792,13.910,13.650,13.890,12671.07739402,13.890
2017-11-09T00:00:00.000Z,13.890,14.249,13.795,13.953,12462.27576820,13.953
2017-11-09T04:00:00.000Z,14.048,14.450,13.950,14.298,15572.60996745,14.298
2017-11-09T08:00:00.000Z,14.299,14.300,13.951,14.260,29757.39593606,14.260
2017-11-09T12:00:00.000Z,14.099,14.390,13.971,14.160,6913.32170549,14.160
2017-11-09T16:00:00.000Z,14.160,14.450,14.151,14.316,16893.45264737,14.316
2017-11-09T20:00:00.000Z,14.312,14.445,14.100,14.189,11592.34287714,14.189
2017-11-10T00:00:00.000Z,14.170,14.700,14.146,14.600,15528.40114613,14.600
2017-11-10T04:00:00.000Z,14.554,15.100,14.428,15.100,28087.78065018,15.100
2017-11-10T08:00:00.000Z,15.100,15.480,14.801,14.801,25227.08307995,14.801
2017-11-10T12:00:00.000Z,14.803,14.900,14.000,14.500,15859.96594490,14.500
2017-11-10T16:00:00.000Z,14.499,14.600,13.580,14.102,30384.97908445,14.102
2017-11-10T20:00:00.000Z,14.102,14.878,12.964,14.500,21590.66858657,14.500
2017-11-11T00:00:00.000Z,14.403,15.450,13.980,15.270,6964.42931599,15.270
2017-11-11T04:00:00.000Z,15.270,17.799,14.700,16.932,81536.35733341,16.932
2017-11-11T08:00:00.000Z,16.932,17.448,16.200,16.350,29932.02932751,16.350
2017-11-11T12:00:00.000Z,16.497,18.400,16.400,18.400,64515.40413196,18.400
2017-11-11T16:00:00.000Z,18.380,18.990,17.500,18.400,30247.27406893,18.400
2017-11-11T20:00:00.000Z,18.450,19.463,17.511,19.248,18618.33213786,19.248
2017-11-12T00:00:00.000Z,19.243,20.250,18.580,20.190,43687.04994897,20.190
2017-11-12T04:00:00.000Z,20.190,21.450,16.900,17.089,40741.87084426,17.089
2017-11-12T08:00:00.000Z,17.966,18.874,16.000,16.280,22617.94504453,16.280
2017-11-12T12:00:00.000Z,16.278,17.500,16.047,16.151,13142.69235883,16.151
2017-11-12T16:00:00.000Z,16.152,16.743,15.504,16.146,15443.25243839,16.146
2017-11-12T20:00:00.000Z,15.807,16.150,14.845,15.002,14608.80629019,15.002
